MSISDN,call_org_num,CALL_DIALED_NUM,IMSI,IMEI,CALL_START_DT_TM,CALL_END_DT_TM,INBOUND_OUTBOUND_IND,Call_Network_Volume,Lac_Id,Site_Id,Cell_SITE_ID,lat,longitude,CALL_TYPE,location
923001110001,923001110001,923009998885,410014673252441,35678901123747,2026-04-02 00:00:02,2026-04-02 00:00:02,OUTGOING,1478946,2029,976,CELL-GLB-01,31.51918,74.357446,GPRS,Gulberg
923001110002,923009998888,923001110002,410019354033607,35678901219365,2026-04-02 00:03:36,2026-04-02 00:03:36,INCOMING,4154657,5505,390,CELL-MT-03,31.48228,74.321366,GPRS,Model Town
923001110001,923009998887,923001110001,410014803584742,35678901261162,2026-04-02 00:02:57,2026-04-02 00:08:37,INCOMING,0,9539,939,CELL-ARP-08,31.522336,74.404871,CALL,Airport Road
923001110003,923001110003,923009998885,410017796175569,35678901667517,2026-04-02 00:12:05,2026-04-02 00:17:09,OUTGOING,0,5668,147,CELL-ARP-08,31.521437,74.401639,VOLTE,Airport Road
923331234567,923331234567,923009998884,410016812024959,35678901289310,2026-04-02 00:04:58,2026-04-02 00:04:58,OUTGOING,0,5014,469,CELL-MT-03,31.484907,74.32386,SMS,Model Town
923001110002,923001110002,923009998887,410012583483906,35678901822066,2026-04-02 00:20:06,2026-04-02 00:20:06,OUTGOING,5512351,8791,158,CELL-MT-03,31.484932,74.323908,GPRS,Model Town
923001110001,923009998884,923001110001,410017558476710,35678901412140,2026-04-02 00:30:04,2026-04-02 00:30:04,INCOMING,0,9874,102,CELL-LB-02,31.509319,74.343109,SMS,Liberty Market
923451112233,923009998882,923451112233,410017148386642,35678901966876,2026-04-02 00:35:23,2026-04-02 00:58:43,INCOMING,0,2899,828,CELL-LB-02,31.508539,74.345167,CALL,Liberty Market
923001110001,923009998885,923001110001,410013955059975,35678901377871,2026-04-02 00:24:47,2026-04-02 00:44:59,INCOMING,0,1586,645,CELL-ARP-08,31.522669,74.405111,VOLTE,Airport Road
923331234567,923009998883,923331234567,410012519870700,35678901313879,2026-04-02 00:27:19,2026-04-02 00:27:19,INCOMING,296985,3440,464,CELL-DHA-05,31.471075,74.410584,GPRS,DHA Phase 5
923461678183,923009998882,923461678183,410015655350887,35678901570185,2026-04-02 00:10:35,2026-04-02 00:20:13,INCOMING,0,1112,176,CELL-MT-03,31.484393,74.324524,CALL,Model Town
923331234567,923331234567,923009998884,410014774296629,35678901946322,2026-04-02 00:11:02,2026-04-02 00:11:02,OUTGOING,2773297,8581,754,CELL-LB-02,31.509027,74.343369,GPRS,Liberty Market
923001110003,923001110003,923009998887,410012556319429,35678901207332,2026-04-02 00:48:10,2026-04-02 00:57:47,OUTGOING,0,2781,750,CELL-LB-02,31.50952,74.343356,CALL,Liberty Market
923001110003,923009998888,923001110003,410017139437811,35678901274838,2026-04-02 00:52:36,2026-04-02 00:52:36,INCOMING,2151708,6004,436,CELL-ARP-08,31.521172,74.405171,GPRS,Airport Road
923331234567,923009998888,923331234567,410011493073608,35678901993623,2026-04-02 01:10:54,2026-04-02 01:10:54,INCOMING,3571415,7031,393,CELL-GLB-01,31.520279,74.358258,GPRS,Gulberg
923001110001,923009998882,923001110001,410016780272193,35678901671454,2026-04-02 00:45:15,2026-04-02 00:45:15,INCOMING,0,5917,341,CELL-ARP-08,31.52112,74.40547,SMS,Airport Road
923451112233,923009998884,923451112233,410012387713208,35678901658645,2026-04-02 01:04:26,2026-04-02 01:15:49,INCOMING,0,4110,582,CELL-LB-02,31.511226,74.345379,CALL,Liberty Market
923331234567,923009998881,923331234567,410015450164536,35678901961906,2026-04-02 01:59:43,2026-04-02 01:59:43,INCOMING,2196074,5488,945,CELL-MT-03,31.482765,74.321778,GPRS,Model Town
923461678183,923461678183,923009998881,410015127683377,35678901199570,2026-04-02 00:36:15,2026-04-02 00:36:15,OUTGOING,3463994,6623,699,CELL-LB-02,31.511441,74.343854,GPRS,Liberty Market
923451112233,923451112233,923009998888,410015391502125,35678901737963,2026-04-02 01:35:17,2026-04-02 01:35:17,OUTGOING,6623340,5794,892,CELL-ARP-08,31.519801,74.40218,GPRS,Airport Road
923461678183,923461678183,923009998881,410013272723155,35678901962928,2026-04-02 02:20:26,2026-04-02 02:20:26,OUTGOING,7189732,3252,901,CELL-LB-02,31.511027,74.34583,GPRS,Liberty Market
923001110002,923009998882,923001110002,410019609394017,35678901381642,2026-04-02 00:42:33,2026-04-02 00:59:04,INCOMING,0,4435,211,CELL-ARP-08,31.521978,74.404037,VOLTE,Airport Road
923001110002,923001110002,923009998886,410015330024956,35678901248870,2026-04-02 02:34:45,2026-04-02 02:34:45,OUTGOING,4279538,4176,754,CELL-MT-03,31.482807,74.32156,GPRS,Model Town
923001110003,923001110003,923009998883,410019973904149,35678901516044,2026-04-02 00:46:15,2026-04-02 00:46:15,OUTGOING,0,6469,733,CELL-MT-03,31.48306,74.322855,SMS,Model Town
923001110003,923001110003,923009998882,410017162032102,35678901245629,2026-04-02 01:12:31,2026-04-02 01:12:31,OUTGOING,2665660,6913,469,CELL-LB-02,31.512031,74.342995,GPRS,Liberty Market
923001110002,923009998888,923001110002,410018090923245,35678901759067,2026-04-02 02:05:51,2026-04-02 02:05:51,INCOMING,0,2994,273,CELL-LB-02,31.509409,74.344417,SMS,Liberty Market
923331234567,923009998884,923331234567,410013428628235,35678901459546,2026-04-02 03:02:02,2026-04-02 03:02:02,INCOMING,6840971,5178,129,CELL-DHA-05,31.470067,74.408638,GPRS,DHA Phase 5
923001110001,923001110001,923009998886,410019579262336,35678901184753,2026-04-02 02:42:37,2026-04-02 02:42:37,OUTGOING,0,1316,635,CELL-DHA-05,31.469844,74.411406,SMS,DHA Phase 5
923451112233,923009998885,923451112233,410018773409149,35678901563823,2026-04-02 00:28:03,2026-04-02 00:28:03,INCOMING,938387,7525,134,CELL-DHA-05,31.469273,74.410068,GPRS,DHA Phase 5
923001110001,923009998886,923001110001,410012631523482,35678901121309,2026-04-02 01:56:33,2026-04-02 01:56:33,INCOMING,0,9609,410,CELL-MT-03,31.484852,74.324571,SMS,Model Town
923001110001,923009998888,923001110001,410013376190933,35678901648926,2026-04-02 02:00:40,2026-04-02 02:16:12,INCOMING,0,9228,661,CELL-ARP-08,31.519714,74.402114,CALL,Airport Road
923451112233,923451112233,923009998886,410012386824859,35678901163818,2026-04-02 03:06:25,2026-04-02 03:06:25,OUTGOING,3852230,2901,699,CELL-GLB-01,31.519236,74.358087,GPRS,Gulberg
923001110002,923001110002,923009998884,410013766248963,35678901884802,2026-04-02 01:04:38,2026-04-02 01:29:44,OUTGOING,0,8957,490,CELL-ARP-08,31.521558,74.405149,CALL,Airport Road
923331234567,923009998883,923331234567,410019208747006,35678901795089,2026-04-02 02:45:20,2026-04-02 02:45:20,INCOMING,4846638,9794,744,CELL-ARP-08,31.52034,74.404613,GPRS,Airport Road
923001110001,923001110001,923009998887,410017608470479,35678901257276,2026-04-02 02:16:33,2026-04-02 02:16:33,OUTGOING,4786748,5154,664,CELL-DHA-05,31.470829,74.407872,GPRS,DHA Phase 5
923001110001,923009998883,923001110001,410011844795358,35678901936539,2026-04-02 01:45:33,2026-04-02 02:01:20,INCOMING,0,3484,376,CELL-GLB-01,31.519504,74.357975,VOLTE,Gulberg
923001110001,923009998884,923001110001,410017116688330,35678901898982,2026-04-02 00:36:57,2026-04-02 00:36:57,INCOMING,6330363,9122,196,CELL-GLB-01,31.520173,74.358116,GPRS,Gulberg
923001110002,923009998888,923001110002,410012130289425,35678901385353,2026-04-02 02:28:31,2026-04-02 02:28:31,INCOMING,4328271,2403,740,CELL-DHA-05,31.470046,74.410035,GPRS,DHA Phase 5
923001110002,923001110002,923009998881,410017539461395,35678901387663,2026-04-02 04:26:51,2026-04-02 04:26:51,OUTGOING,650498,1291,956,CELL-MT-03,31.483166,74.323417,GPRS,Model Town
923331234567,923009998884,923331234567,410017845461138,35678901295154,2026-04-02 03:15:00,2026-04-02 03:15:00,INCOMING,6274736,8983,251,CELL-ARP-08,31.521304,74.405015,GPRS,Airport Road
923001110001,923009998883,923001110001,410016377785938,35678901867290,2026-04-02 02:00:36,2026-04-02 02:00:36,INCOMING,2075577,8571,469,CELL-GLB-01,31.519922,74.359062,GPRS,Gulberg
923001110002,923009998887,923001110002,410017477549283,35678901978700,2026-04-02 00:41:23,2026-04-02 00:41:23,INCOMING,0,7238,294,CELL-GLB-01,31.522323,74.35938,SMS,Gulberg
923001110003,923001110003,923009998886,410019216463871,35678901432102,2026-04-02 03:30:40,2026-04-02 03:30:40,OUTGOING,3359046,4661,972,CELL-GLB-01,31.519525,74.357227,GPRS,Gulberg
923001110001,923001110001,923009998882,410014444746631,35678901313785,2026-04-02 02:09:10,2026-04-02 02:09:10,OUTGOING,3299538,9713,704,CELL-DHA-05,31.470658,74.410284,GPRS,DHA Phase 5
923001110002,923001110002,923009998884,410016533936072,35678901237853,2026-04-02 02:12:06,2026-04-02 02:12:06,OUTGOING,0,5111,357,CELL-ARP-08,31.519751,74.402951,CALL,Airport Road
923461678183,923461678183,923009998885,410011155940121,35678901600386,2026-04-02 05:15:11,2026-04-02 05:15:11,OUTGOING,0,7242,816,CELL-GLB-01,31.519029,74.360084,SMS,Gulberg
923461678183,923461678183,923009998887,410016183611620,35678901137666,2026-04-02 00:46:47,2026-04-02 01:02:46,OUTGOING,0,2919,483,CELL-ARP-08,31.522215,74.403379,CALL,Airport Road
923331234567,923331234567,923009998881,410016480183038,35678901940965,2026-04-02 01:34:08,2026-04-02 01:34:08,OUTGOING,0,2614,507,CELL-GLB-01,31.519185,74.359965,SMS,Gulberg
923461678183,923009998882,923461678183,410013894358512,35678901516569,2026-04-02 04:00:31,2026-04-02 04:00:31,INCOMING,0,5362,444,CELL-LB-02,31.510219,74.343152,CALL,Liberty Market
923001110002,923009998887,923001110002,410015197663988,35678901527278,2026-04-02 05:43:09,2026-04-02 05:43:09,INCOMING,3282245,8773,991,CELL-GLB-01,31.518451,74.358342,GPRS,Gulberg
923331234567,923331234567,923009998881,410018799083884,35678901849944,2026-04-02 00:50:45,2026-04-02 00:50:45,OUTGOING,116615,6282,234,CELL-MT-03,31.483425,74.321327,GPRS,Model Town
923461678183,923009998881,923461678183,410014297133564,35678901166483,2026-04-02 01:42:50,2026-04-02 01:42:50,INCOMING,6425344,4078,935,CELL-ARP-08,31.521279,74.403851,GPRS,Airport Road
923331234567,923009998881,923331234567,410016820470229,35678901977667,2026-04-02 02:36:09,2026-04-02 02:36:09,INCOMING,6766561,8759,646,CELL-MT-03,31.48443,74.323992,GPRS,Model Town
923001110003,923001110003,923009998883,410013213936212,35678901341703,2026-04-02 05:18:18,2026-04-02 05:18:18,OUTGOING,0,9380,176,CELL-ARP-08,31.521761,74.404693,SMS,Airport Road
923331234567,923009998884,923331234567,410016240779673,35678901269870,2026-04-02 02:42:09,2026-04-02 02:42:09,INCOMING,248528,7160,475,CELL-GLB-01,31.519419,74.358982,GPRS,Gulberg
923001110001,923009998883,923001110001,410015554497115,35678901993805,2026-04-02 05:30:28,2026-04-02 05:35:35,INCOMING,0,1351,146,CELL-LB-02,31.508237,74.345456,VOLTE,Liberty Market
923451112233,923009998882,923451112233,410014495201861,35678901879643,2026-04-02 00:56:42,2026-04-02 00:56:42,INCOMING,4045917,5824,679,CELL-GLB-01,31.520205,74.358265,GPRS,Gulberg
923451112233,923451112233,923009998885,410014860773219,35678901207448,2026-04-02 05:42:17,2026-04-02 05:56:38,OUTGOING,0,3795,378,CELL-ARP-08,31.52221,74.403434,CALL,Airport Road
923331234567,923009998888,923331234567,410016059016374,35678901670723,2026-04-02 05:48:16,2026-04-02 06:09:25,INCOMING,0,4398,691,CELL-DHA-05,31.471604,74.41034,CALL,DHA Phase 5
923461678183,923009998884,923461678183,410012251350486,35678901788464,2026-04-02 00:59:12,2026-04-02 00:59:12,INCOMING,2393516,7464,172,CELL-GLB-01,31.522065,74.360575,GPRS,Gulberg
923461678183,923461678183,923009998881,410016615668759,35678901398900,2026-04-02 05:00:33,2026-04-02 05:00:33,OUTGOING,4778184,5595,159,CELL-LB-02,31.508781,74.345932,GPRS,Liberty Market
923331234567,923331234567,923009998888,410014530779904,35678901556474,2026-04-02 02:02:23,2026-04-02 02:02:23,OUTGOING,5214790,8170,982,CELL-MT-03,31.481779,74.32323,GPRS,Model Town
923001110001,923001110001,923009998883,410012029277827,35678901735542,2026-04-02 04:08:40,2026-04-02 04:08:40,OUTGOING,509736,6079,114,CELL-GLB-01,31.521196,74.360035,GPRS,Gulberg
923451112233,923451112233,923009998887,410012137297370,35678901821597,2026-04-02 06:18:21,2026-04-02 06:18:21,OUTGOING,2458546,1066,769,CELL-GLB-01,31.52218,74.358079,GPRS,Gulberg
923451112233,923009998887,923451112233,410014644305487,35678901792322,2026-04-02 03:12:39,2026-04-02 03:15:31,INCOMING,0,3578,471,CELL-ARP-08,31.522015,74.404708,CALL,Airport Road
923001110003,923009998885,923001110003,410019509287687,35678901723256,2026-04-02 03:15:16,2026-04-02 03:15:16,INCOMING,4713797,5971,876,CELL-MT-03,31.483286,74.323886,GPRS,Model Town
923331234567,923009998886,923331234567,410011700277716,35678901492909,2026-04-02 05:30:30,2026-04-02 05:30:30,INCOMING,0,9487,206,CELL-DHA-05,31.468328,74.408927,SMS,DHA Phase 5
923451112233,923009998887,923451112233,410019309520416,35678901242673,2026-04-02 05:35:15,2026-04-02 05:35:15,INCOMING,6933719,2619,216,CELL-GLB-01,31.520592,74.35849,GPRS,Gulberg
923331234567,923331234567,923009998883,410013508662704,35678901832800,2026-04-02 02:16:55,2026-04-02 02:16:55,OUTGOING,186321,8979,848,CELL-MT-03,31.483613,74.324447,GPRS,Model Town
923001110001,923009998886,923001110001,410017565422426,35678901494743,2026-04-02 01:09:12,2026-04-02 01:09:12,INCOMING,4573915,7732,845,CELL-GLB-01,31.519522,74.35865,GPRS,Gulberg
923451112233,923451112233,923009998886,410019396411928,35678901153343,2026-04-02 01:10:40,2026-04-02 01:10:40,OUTGOING,2610722,3247,105,CELL-MT-03,31.483585,74.323363,GPRS,Model Town
923451112233,923009998882,923451112233,410018512982025,35678901360757,2026-04-02 04:44:11,2026-04-02 04:44:11,INCOMING,5065840,9214,960,CELL-ARP-08,31.519924,74.405094,GPRS,Airport Road
923451112233,923009998881,923451112233,410013181336348,35678901570516,2026-04-02 01:12:00,2026-04-02 01:12:00,INCOMING,3841526,7924,959,CELL-ARP-08,31.522273,74.405087,GPRS,Airport Road
923331234567,923331234567,923009998884,410019608325252,35678901470806,2026-04-02 08:31:28,2026-04-02 08:31:28,OUTGOING,338175,6111,665,CELL-MT-03,31.482952,74.322436,GPRS,Model Town
923331234567,923331234567,923009998881,410011049647415,35678901483671,2026-04-02 03:42:34,2026-04-02 03:42:34,OUTGOING,7458822,7772,458,CELL-ARP-08,31.521614,74.403866,GPRS,Airport Road
923451112233,923009998882,923451112233,410011814725568,35678901888291,2026-04-02 02:30:07,2026-04-02 02:30:07,INCOMING,0,8052,213,CELL-LB-02,31.508368,74.345529,SMS,Liberty Market
923001110003,923009998888,923001110003,410012005455255,35678901115125,2026-04-02 06:20:15,2026-04-02 06:26:45,INCOMING,0,6184,771,CELL-DHA-05,31.470327,74.410195,CALL,DHA Phase 5
923451112233,923451112233,923009998883,410016038258090,35678901670317,2026-04-02 07:42:54,2026-04-02 07:48:26,OUTGOING,0,7323,764,CELL-DHA-05,31.468486,74.40928,CALL,DHA Phase 5
923001110003,923009998881,923001110003,410014639842518,35678901776683,2026-04-02 06:30:42,2026-04-02 06:56:14,INCOMING,0,3425,714,CELL-LB-02,31.510827,74.344725,VOLTE,Liberty Market
923451112233,923451112233,923009998888,410011805000568,35678901551042,2026-04-02 02:38:22,2026-04-02 02:38:22,OUTGOING,0,3767,547,CELL-MT-03,31.482121,74.322212,SMS,Model Town
923461678183,923461678183,923009998886,410011653448409,35678901128010,2026-04-02 08:00:19,2026-04-02 08:00:19,OUTGOING,3292949,4358,260,CELL-GLB-01,31.521142,74.360249,GPRS,Gulberg
923001110001,923009998883,923001110001,410016638278588,35678901973220,2026-04-02 05:24:03,2026-04-02 05:24:03,INCOMING,0,5043,157,CELL-DHA-05,31.471638,74.409516,SMS,DHA Phase 5
923451112233,923009998887,923451112233,410016781280493,35678901739569,2026-04-02 08:12:33,2026-04-02 08:12:33,INCOMING,0,7550,776,CELL-ARP-08,31.520114,74.404207,SMS,Airport Road
923461678183,923009998884,923461678183,410015460669667,35678901489416,2026-04-02 04:09:12,2026-04-02 04:09:12,INCOMING,5163530,7043,349,CELL-GLB-01,31.519398,74.358091,GPRS,Gulberg
923001110001,923009998881,923001110001,410014368180223,35678901991157,2026-04-02 07:00:02,2026-04-02 07:00:02,INCOMING,6805036,4432,184,CELL-DHA-05,31.467855,74.410286,GPRS,DHA Phase 5
923331234567,923009998882,923331234567,410013958339664,35678901398660,2026-04-02 07:05:14,2026-04-02 07:05:14,INCOMING,0,2880,159,CELL-MT-03,31.482949,74.323256,SMS,Model Town
923331234567,923009998885,923331234567,410017086123917,35678901847728,2026-04-02 07:10:23,2026-04-02 07:10:23,INCOMING,4747896,5969,541,CELL-DHA-05,31.468135,74.411181,GPRS,DHA Phase 5
923001110001,923009998888,923001110001,410017307634784,35678901633616,2026-04-02 01:27:28,2026-04-02 01:27:28,INCOMING,1884675,9024,385,CELL-MT-03,31.482659,74.322435,GPRS,Model Town
923001110002,923001110002,923009998885,410013642380407,35678901794258,2026-04-02 05:52:57,2026-04-02 05:52:57,OUTGOING,3654739,1051,825,CELL-ARP-08,31.521814,74.405259,GPRS,Airport Road
923001110002,923009998882,923001110002,410016083549701,35678901855182,2026-04-02 07:25:20,2026-04-02 07:25:20,INCOMING,3983763,4262,583,CELL-GLB-01,31.521165,74.357727,GPRS,Gulberg
923461678183,923009998881,923461678183,410016212576212,35678901175662,2026-04-02 09:00:51,2026-04-02 09:00:51,INCOMING,0,1492,477,CELL-GLB-01,31.521483,74.358014,CALL,Gulberg
923001110002,923001110002,923009998882,410011887572370,35678901465630,2026-04-02 09:06:38,2026-04-02 09:06:38,OUTGOING,0,8088,469,CELL-DHA-05,31.47162,74.409482,SMS,DHA Phase 5
923001110001,923009998887,923001110001,410012688752398,35678901548628,2026-04-02 07:40:22,2026-04-02 07:40:22,INCOMING,4460564,5480,809,CELL-ARP-08,31.522818,74.403305,GPRS,Airport Road
923001110002,923001110002,923009998885,410018800319147,35678901162109,2026-04-02 04:39:34,2026-04-02 04:39:34,OUTGOING,1776953,5256,903,CELL-MT-03,31.484446,74.324382,GPRS,Model Town
923451112233,923009998881,923451112233,410014232201448,35678901774783,2026-04-02 07:50:32,2026-04-02 08:03:25,INCOMING,0,2857,194,CELL-GLB-01,31.521803,74.358433,CALL,Gulberg
923331234567,923331234567,923009998886,410018383669450,35678901223094,2026-04-02 07:55:11,2026-04-02 07:55:11,OUTGOING,6206581,8924,582,CELL-MT-03,31.483336,74.322787,GPRS,Model Town
923461678183,923009998884,923461678183,410017105853235,35678901782713,2026-04-02 04:48:59,2026-04-02 04:48:59,INCOMING,6794782,8979,907,CELL-GLB-01,31.52127,74.359071,GPRS,Gulberg
923001110001,923001110001,923009998882,410013124964201,35678901481160,2026-04-02 11:19:18,2026-04-02 11:19:18,OUTGOING,2361457,3942,280,CELL-GLB-01,31.521855,74.359064,GPRS,Gulberg
923001110003,923001110003,923009998885,410011108445049,35678901145984,2026-04-02 11:26:39,2026-04-02 11:26:39,OUTGOING,6765356,3835,571,CELL-GLB-01,31.521148,74.359888,GPRS,Gulberg
923001110001,923001110001,923009998887,410011040404838,35678901265764,2026-04-02 11:33:09,2026-04-02 11:33:09,OUTGOING,6506636,1210,314,CELL-LB-02,31.511969,74.344184,GPRS,Liberty Market
923331234567,923009998882,923331234567,410011299797881,35678901285801,2026-04-02 01:40:59,2026-04-02 01:40:59,INCOMING,0,8299,736,CELL-ARP-08,31.522773,74.404197,SMS,Airport Road
923001110002,923009998884,923001110002,410019254202441,35678901587174,2026-04-02 05:03:41,2026-04-02 05:03:41,INCOMING,6989977,3283,427,CELL-GLB-01,31.518606,74.36043,GPRS,Gulberg
923461678183,923461678183,923009998882,410016655822926,35678901484097,2026-04-02 05:06:54,2026-04-02 05:22:25,OUTGOING,0,9548,493,CELL-GLB-01,31.519179,74.357495,VOLTE,Gulberg
923331234567,923009998886,923331234567,410017848754818,35678901136401,2026-04-02 05:09:59,2026-04-02 05:09:59,INCOMING,3269975,1789,932,CELL-LB-02,31.509871,74.343056,GPRS,Liberty Market
923451112233,923451112233,923009998887,410019321422744,35678901835267,2026-04-02 01:44:15,2026-04-02 01:44:15,OUTGOING,4079211,6932,118,CELL-MT-03,31.483474,74.323781,GPRS,Model Town
923331234567,923009998882,923331234567,410015797819407,35678901603121,2026-04-02 01:45:58,2026-04-02 01:45:58,INCOMING,0,5599,687,CELL-DHA-05,31.469982,74.409631,SMS,DHA Phase 5
923331234567,923009998886,923331234567,410011928410979,35678901275016,2026-04-02 12:22:59,2026-04-02 12:22:59,INCOMING,5526623,1875,886,CELL-MT-03,31.484598,74.32393,GPRS,Model Town
923001110003,923001110003,923009998883,410016393765432,35678901191432,2026-04-02 08:55:59,2026-04-02 08:55:59,OUTGOING,4105938,5801,240,CELL-LB-02,31.510393,74.344122,GPRS,Liberty Market
923451112233,923009998885,923451112233,410018357432239,35678901151303,2026-04-02 05:24:51,2026-04-02 05:24:51,INCOMING,0,6372,110,CELL-LB-02,31.509545,74.342759,SMS,Liberty Market
923001110003,923009998888,923001110003,410017816085011,35678901301120,2026-04-02 01:49:58,2026-04-02 01:54:46,INCOMING,0,2299,527,CELL-DHA-05,31.470681,74.408395,VOLTE,DHA Phase 5
923001110002,923009998885,923001110002,410017700504402,35678901960400,2026-04-02 03:40:29,2026-04-02 03:40:29,INCOMING,4518669,3363,885,CELL-DHA-05,31.469968,74.408533,GPRS,DHA Phase 5
923001110002,923009998887,923001110002,410016844563341,35678901379970,2026-04-02 05:33:59,2026-04-02 05:54:41,INCOMING,0,1471,527,CELL-DHA-05,31.471226,74.40937,VOLTE,DHA Phase 5
923001110001,923001110001,923009998886,410017592095792,35678901167040,2026-04-02 03:44:16,2026-04-02 04:13:04,OUTGOING,0,9621,283,CELL-DHA-05,31.469065,74.410237,VOLTE,DHA Phase 5
923001110003,923001110003,923009998882,410018566380196,35678901745906,2026-04-02 11:18:41,2026-04-02 11:18:41,OUTGOING,4316732,8499,907,CELL-LB-02,31.51068,74.345284,GPRS,Liberty Market
923001110001,923001110001,923009998888,410017297915029,35678901658106,2026-04-02 07:36:30,2026-04-02 07:36:30,OUTGOING,6528212,3590,773,CELL-DHA-05,31.470745,74.409659,GPRS,DHA Phase 5
923461678183,923461678183,923009998884,410018282621697,35678901733082,2026-04-02 03:50:41,2026-04-02 03:54:04,OUTGOING,0,5293,418,CELL-MT-03,31.484385,74.324509,VOLTE,Model Town
923001110002,923009998881,923001110002,410013440561602,35678901329118,2026-04-02 09:40:19,2026-04-02 09:40:19,INCOMING,6213455,6246,888,CELL-ARP-08,31.522289,74.401972,GPRS,Airport Road
923451112233,923009998881,923451112233,410012570355906,35678901937542,2026-04-02 11:42:42,2026-04-02 11:42:42,INCOMING,0,2599,731,CELL-DHA-05,31.471449,74.408068,SMS,DHA Phase 5
923001110002,923009998887,923001110002,410016116920426,35678901274202,2026-04-02 13:46:35,2026-04-02 13:46:35,INCOMING,3503024,9385,831,CELL-MT-03,31.484003,74.322791,GPRS,Model Town
923001110001,923001110001,923009998887,410019004528654,35678901904388,2026-04-02 11:54:34,2026-04-02 11:54:34,OUTGOING,3774623,8755,363,CELL-ARP-08,31.523538,74.404292,GPRS,Airport Road
923451112233,923009998888,923451112233,410017859534621,35678901318429,2026-04-02 06:00:41,2026-04-02 06:00:41,INCOMING,6607100,5960,951,CELL-GLB-01,31.521741,74.357063,GPRS,Gulberg
923331234567,923009998887,923331234567,410013999901502,35678901916195,2026-04-02 02:01:57,2026-04-02 02:01:57,INCOMING,345107,2119,679,CELL-MT-03,31.482533,74.323731,GPRS,Model Town
923331234567,923009998882,923331234567,410016882936883,35678901162221,2026-04-02 12:12:31,2026-04-02 12:12:31,INCOMING,0,4019,768,CELL-ARP-08,31.521658,74.403686,SMS,Airport Road
923461678183,923461678183,923009998881,410017265531863,35678901146336,2026-04-02 14:21:23,2026-04-02 14:25:02,OUTGOING,0,6275,426,CELL-ARP-08,31.521311,74.403957,CALL,Airport Road
923001110002,923001110002,923009998885,410017618200697,35678901860645,2026-04-02 12:24:01,2026-04-02 12:24:01,OUTGOING,4200150,7152,821,CELL-MT-03,31.481284,74.322916,GPRS,Model Town
923001110003,923001110003,923009998881,410011507634291,35678901787814,2026-04-02 02:05:36,2026-04-02 02:05:36,OUTGOING,904854,9495,727,CELL-GLB-01,31.519086,74.360623,GPRS,Gulberg
923451112233,923009998887,923451112233,410014617673110,35678901154688,2026-04-02 14:42:43,2026-04-02 14:42:43,INCOMING,0,3913,229,CELL-ARP-08,31.522047,74.403201,SMS,Airport Road
923461678183,923461678183,923009998886,410018399882975,35678901676836,2026-04-02 14:49:57,2026-04-02 14:49:57,OUTGOING,5193087,8076,479,CELL-LB-02,31.510609,74.344432,GPRS,Liberty Market
923451112233,923009998887,923451112233,410019715516989,35678901472041,2026-04-02 06:24:30,2026-04-02 06:24:30,INCOMING,0,6180,460,CELL-GLB-01,31.520744,74.359151,SMS,Gulberg
923001110003,923009998888,923001110003,410011070418643,35678901136189,2026-04-02 12:54:27,2026-04-02 12:54:27,INCOMING,3863698,1226,267,CELL-ARP-08,31.520385,74.402798,GPRS,Airport Road
923331234567,923009998882,923331234567,410019965146776,35678901486686,2026-04-02 02:10:06,2026-04-02 02:10:06,INCOMING,455255,4509,514,CELL-ARP-08,31.522135,74.404243,GPRS,Airport Road
923451112233,923451112233,923009998883,410015283192644,35678901295782,2026-04-02 10:55:21,2026-04-02 10:55:21,OUTGOING,0,2146,908,CELL-LB-02,31.508363,74.342895,SMS,Liberty Market
923451112233,923451112233,923009998884,410011967568922,35678901749009,2026-04-02 06:36:52,2026-04-02 06:36:52,OUTGOING,6400315,1653,338,CELL-LB-02,31.512176,74.34512,GPRS,Liberty Market
923001110003,923009998886,923001110003,410013740336080,35678901150290,2026-04-02 11:05:59,2026-04-02 11:05:59,INCOMING,5609841,3760,740,CELL-DHA-05,31.471499,74.409211,GPRS,DHA Phase 5
923001110001,923009998887,923001110001,410012200225527,35678901595377,2026-04-02 15:38:13,2026-04-02 15:38:13,INCOMING,4262581,9548,503,CELL-GLB-01,31.519392,74.356892,GPRS,Gulberg
923331234567,923009998883,923331234567,410018697442315,35678901488414,2026-04-02 06:45:47,2026-04-02 06:45:47,INCOMING,0,8456,266,CELL-ARP-08,31.521736,74.404658,SMS,Airport Road
923001110001,923001110001,923009998885,410019859689581,35678901824469,2026-04-02 13:36:19,2026-04-02 13:36:19,OUTGOING,0,6708,943,CELL-GLB-01,31.518827,74.358728,SMS,Gulberg
923001110003,923009998882,923001110003,410011519604370,35678901767494,2026-04-02 09:08:09,2026-04-02 09:08:09,INCOMING,5611271,7528,731,CELL-LB-02,31.51092,74.342683,GPRS,Liberty Market
923451112233,923009998885,923451112233,410018078627028,35678901480702,2026-04-02 09:12:02,2026-04-02 09:33:06,INCOMING,0,5911,777,CELL-GLB-01,31.51899,74.358488,VOLTE,Gulberg
923451112233,923451112233,923009998886,410011806001649,35678901243053,2026-04-02 02:19:05,2026-04-02 02:19:05,OUTGOING,2331483,9762,735,CELL-GLB-01,31.520866,74.358102,GPRS,Gulberg
923451112233,923009998881,923451112233,410012490704352,35678901720002,2026-04-02 14:00:36,2026-04-02 14:00:36,INCOMING,1848689,6469,285,CELL-MT-03,31.484518,74.321619,GPRS,Model Town
923331234567,923331234567,923009998886,410012679479523,35678901927447,2026-04-02 16:27:02,2026-04-02 16:27:02,OUTGOING,605630,5453,684,CELL-ARP-08,31.522745,74.4022,GPRS,Airport Road
923001110003,923001110003,923009998888,410018862019972,35678901297114,2026-04-02 02:22:56,2026-04-02 02:22:56,OUTGOING,5923431,2123,543,CELL-LB-02,31.510039,74.34555,GPRS,Liberty Market
923461678183,923009998882,923461678183,410015681837074,35678901768632,2026-04-02 14:18:59,2026-04-02 14:18:59,INCOMING,451378,5917,459,CELL-ARP-08,31.522277,74.40455,GPRS,Airport Road
923331234567,923009998887,923331234567,410012034970666,35678901332282,2026-04-02 12:00:26,2026-04-02 12:00:26,INCOMING,0,8646,845,CELL-MT-03,31.482955,74.322867,SMS,Model Town
923001110001,923001110001,923009998885,410015831930226,35678901561576,2026-04-02 16:55:08,2026-04-02 16:55:08,OUTGOING,6759263,7671,490,CELL-ARP-08,31.521295,74.402136,GPRS,Airport Road
923331234567,923331234567,923009998888,410019366868450,35678901277038,2026-04-02 07:18:33,2026-04-02 07:36:42,OUTGOING,0,3539,308,CELL-ARP-08,31.519932,74.403023,CALL,Airport Road
923331234567,923009998887,923331234567,410014961738435,35678901118575,2026-04-02 04:54:46,2026-04-02 04:54:46,INCOMING,7366705,9274,342,CELL-MT-03,31.481853,74.323894,GPRS,Model Town
923001110003,923009998886,923001110003,410012420425997,35678901805050,2026-04-02 14:48:51,2026-04-02 14:48:51,INCOMING,0,6299,542,CELL-GLB-01,31.521224,74.357513,CALL,Gulberg
923001110002,923009998881,923001110002,410018647705280,35678901575730,2026-04-02 17:23:25,2026-04-02 17:23:25,INCOMING,0,6363,935,CELL-LB-02,31.510457,74.345887,SMS,Liberty Market
923001110001,923001110001,923009998883,410018326814396,35678901809196,2026-04-02 12:30:37,2026-04-02 12:30:37,OUTGOING,4305276,2553,193,CELL-ARP-08,31.521953,74.404928,GPRS,Airport Road
923001110003,923009998883,923001110003,410019410173100,35678901159096,2026-04-02 05:02:29,2026-04-02 05:02:29,INCOMING,0,5545,168,CELL-ARP-08,31.521174,74.402371,SMS,Airport Road
923001110001,923001110001,923009998883,410011659377301,35678901812466,2026-04-02 07:36:11,2026-04-02 07:36:11,OUTGOING,425253,1434,217,CELL-ARP-08,31.523101,74.404478,GPRS,Airport Road
923001110002,923009998884,923001110002,410018321001418,35678901803276,2026-04-02 05:06:07,2026-04-02 05:06:07,INCOMING,0,1419,521,CELL-GLB-01,31.521448,74.358427,SMS,Gulberg
923001110001,923001110001,923009998881,410016898919767,35678901562839,2026-04-02 02:34:02,2026-04-02 02:34:02,OUTGOING,0,1855,348,CELL-LB-02,31.51213,74.344258,SMS,Liberty Market
923331234567,923009998883,923331234567,410017496325034,35678901728497,2026-04-02 12:55:43,2026-04-02 12:55:43,INCOMING,0,2771,530,CELL-MT-03,31.481569,74.322456,SMS,Model Town
923451112233,923009998888,923451112233,410019494367883,35678901334512,2026-04-02 13:00:39,2026-04-02 13:00:39,INCOMING,3703529,4254,463,CELL-LB-02,31.508343,74.343022,GPRS,Liberty Market
923461678183,923009998885,923461678183,410012813539845,35678901601259,2026-04-02 15:42:34,2026-04-02 15:55:44,INCOMING,0,6088,238,CELL-ARP-08,31.521325,74.405342,CALL,Airport Road
923001110001,923001110001,923009998885,410016017966340,35678901580262,2026-04-02 05:16:54,2026-04-02 05:16:54,OUTGOING,2745643,5096,563,CELL-LB-02,31.50983,74.34546,GPRS,Liberty Market
923451112233,923451112233,923009998885,410015888950066,35678901940236,2026-04-02 18:33:12,2026-04-02 18:33:12,OUTGOING,5175182,7485,907,CELL-LB-02,31.510591,74.343034,GPRS,Liberty Market
923001110002,923001110002,923009998887,410017857114127,35678901678272,2026-04-02 08:00:52,2026-04-02 08:00:52,OUTGOING,1875828,1731,756,CELL-LB-02,31.509574,74.345309,GPRS,Liberty Market
923001110001,923009998886,923001110001,410016618810720,35678901958235,2026-04-02 08:03:09,2026-04-02 08:03:09,INCOMING,7096250,4727,458,CELL-DHA-05,31.469493,74.410275,GPRS,DHA Phase 5
923001110003,923001110003,923009998881,410016249008609,35678901759636,2026-04-02 16:12:14,2026-04-02 16:12:14,OUTGOING,0,8836,616,CELL-LB-02,31.509317,74.342988,CALL,Liberty Market
923331234567,923331234567,923009998885,410016204174640,35678901194857,2026-04-02 16:18:43,2026-04-02 16:18:43,OUTGOING,0,5003,624,CELL-ARP-08,31.521987,74.402675,SMS,Airport Road
923001110002,923001110002,923009998884,410016681137200,35678901335470,2026-04-02 16:24:43,2026-04-02 16:24:43,OUTGOING,6967129,6551,101,CELL-GLB-01,31.521348,74.360673,GPRS,Gulberg
923331234567,923009998885,923331234567,410015444954138,35678901475813,2026-04-02 05:30:22,2026-04-02 05:30:22,INCOMING,0,1211,735,CELL-MT-03,31.483671,74.324305,SMS,Model Town
923451112233,923009998887,923451112233,410011592155997,35678901351647,2026-04-02 05:32:18,2026-04-02 05:33:18,INCOMING,0,7236,230,CELL-MT-03,31.484773,74.323361,VOLTE,Model Town
923461678183,923461678183,923009998884,410014064419924,35678901465649,2026-04-02 08:21:51,2026-04-02 08:23:56,OUTGOING,0,2341,923,CELL-GLB-01,31.520327,74.35689,CALL,Gulberg
923001110003,923001110003,923009998883,410011520053948,35678901315535,2026-04-02 05:36:17,2026-04-02 05:56:29,OUTGOING,0,8100,490,CELL-ARP-08,31.522517,74.402755,CALL,Airport Road
923001110002,923001110002,923009998885,410018529226041,35678901134572,2026-04-02 11:16:46,2026-04-02 11:40:52,OUTGOING,0,4448,828,CELL-MT-03,31.483372,74.324109,CALL,Model Town
923331234567,923009998883,923331234567,410017639273347,35678901476859,2026-04-02 02:50:48,2026-04-02 02:50:48,INCOMING,1366368,9394,747,CELL-MT-03,31.483264,74.321745,GPRS,Model Town
923001110002,923009998883,923001110002,410019031025234,35678901519918,2026-04-02 02:51:53,2026-04-02 02:51:53,INCOMING,3001248,8050,522,CELL-GLB-01,31.520162,74.358741,GPRS,Gulberg
923451112233,923451112233,923009998886,410017571485310,35678901649937,2026-04-02 11:28:15,2026-04-02 11:28:15,OUTGOING,6071167,2698,121,CELL-GLB-01,31.519455,74.358434,GPRS,Gulberg
923461678183,923009998882,923461678183,410017759446831,35678901736317,2026-04-02 08:39:45,2026-04-02 08:39:45,INCOMING,5038607,4094,311,CELL-MT-03,31.484442,74.322744,GPRS,Model Town
923331234567,923331234567,923009998885,410019904942522,35678901323147,2026-04-02 05:48:27,2026-04-02 06:03:57,OUTGOING,0,9594,533,CELL-GLB-01,31.521243,74.357503,CALL,Gulberg
923451112233,923451112233,923009998886,410016371419508,35678901199873,2026-04-02 20:25:47,2026-04-02 20:53:39,OUTGOING,0,6466,610,CELL-LB-02,31.508501,74.344853,VOLTE,Liberty Market
923001110001,923001110001,923009998882,410012078811212,35678901175651,2026-04-02 20:32:06,2026-04-02 20:32:06,OUTGOING,424435,3382,584,CELL-LB-02,31.511485,74.344998,GPRS,Liberty Market
923001110002,923001110002,923009998884,410019043609228,35678901633982,2026-04-02 14:45:00,2026-04-02 14:56:57,OUTGOING,0,4897,842,CELL-LB-02,31.50948,74.343693,CALL,Liberty Market
923001110001,923001110001,923009998883,410014695988917,35678901277152,2026-04-02 17:48:43,2026-04-02 18:16:38,OUTGOING,0,5970,890,CELL-LB-02,31.508851,74.34289,CALL,Liberty Market
923461678183,923009998887,923461678183,410011452033170,35678901734464,2026-04-02 11:56:06,2026-04-02 11:56:06,INCOMING,0,9317,993,CELL-MT-03,31.484244,74.323603,SMS,Model Town
923001110003,923001110003,923009998886,410018490566001,35678901224143,2026-04-02 18:00:25,2026-04-02 18:00:25,OUTGOING,3931581,9505,775,CELL-LB-02,31.510025,74.345935,GPRS,Liberty Market
923331234567,923331234567,923009998885,410011247410775,35678901883398,2026-04-02 21:07:20,2026-04-02 21:07:20,OUTGOING,7461980,8716,423,CELL-DHA-05,31.468338,74.408943,GPRS,DHA Phase 5
923331234567,923009998882,923331234567,410017139911597,35678901768226,2026-04-02 03:02:11,2026-04-02 03:15:33,INCOMING,0,5161,630,CELL-ARP-08,31.523072,74.401693,CALL,Airport Road
923001110003,923009998884,923001110003,410014258154965,35678901117774,2026-04-02 15:15:25,2026-04-02 15:15:25,INCOMING,2352643,4739,756,CELL-MT-03,31.481518,74.322787,GPRS,Model Town
923001110002,923001110002,923009998884,410013907153798,35678901595489,2026-04-02 15:20:03,2026-04-02 15:21:44,OUTGOING,0,6874,299,CELL-GLB-01,31.518611,74.36043,VOLTE,Gulberg
923001110003,923001110003,923009998886,410015926571534,35678901440678,2026-04-02 06:10:41,2026-04-02 06:10:41,OUTGOING,0,9208,935,CELL-GLB-01,31.519619,74.357698,SMS,Gulberg
923331234567,923331234567,923009998884,410011694791436,35678901893077,2026-04-02 21:42:01,2026-04-02 21:42:01,OUTGOING,2289600,3231,698,CELL-MT-03,31.48419,74.324308,GPRS,Model Town
923451112233,923451112233,923009998888,410012139064589,35678901503088,2026-04-02 09:21:31,2026-04-02 09:26:35,OUTGOING,0,3077,589,CELL-DHA-05,31.467837,74.411605,CALL,DHA Phase 5
923461678183,923009998881,923461678183,410018420416018,35678901390904,2026-04-02 03:08:08,2026-04-02 03:08:35,INCOMING,0,8198,456,CELL-LB-02,31.510002,74.343352,CALL,Liberty Market
923001110003,923009998886,923001110003,410011306523176,35678901113244,2026-04-02 09:27:48,2026-04-02 09:27:48,INCOMING,0,5247,262,CELL-GLB-01,31.518733,74.358114,SMS,Gulberg
923001110002,923009998885,923001110002,410014203918121,35678901929332,2026-04-02 19:00:04,2026-04-02 19:12:51,INCOMING,0,9235,310,CELL-MT-03,31.482594,74.321849,CALL,Model Town
923331234567,923009998884,923331234567,410012318407894,35678901543066,2026-04-02 09:33:46,2026-04-02 09:33:46,INCOMING,2646308,8886,716,CELL-MT-03,31.483558,74.323577,GPRS,Model Town
923331234567,923009998888,923331234567,410016989716688,35678901901301,2026-04-02 06:24:52,2026-04-02 06:24:52,INCOMING,2477659,2609,128,CELL-DHA-05,31.471363,74.408823,GPRS,DHA Phase 5
923451112233,923009998883,923451112233,410018206598672,35678901392870,2026-04-02 22:31:58,2026-04-02 22:31:58,INCOMING,7555026,5218,996,CELL-ARP-08,31.520194,74.404398,GPRS,Airport Road
923001110002,923009998882,923001110002,410017409233409,35678901504325,2026-04-02 12:56:10,2026-04-02 12:56:10,INCOMING,5591992,5033,139,CELL-DHA-05,31.47005,74.408345,GPRS,DHA Phase 5
923451112233,923451112233,923009998886,410017375193026,35678901766163,2026-04-02 16:15:20,2026-04-02 16:15:20,OUTGOING,0,8764,558,CELL-LB-02,31.511377,74.342336,SMS,Liberty Market
923001110003,923009998881,923001110003,410012456410574,35678901256345,2026-04-02 06:32:35,2026-04-02 06:40:51,INCOMING,0,3666,631,CELL-MT-03,31.483259,74.322652,CALL,Model Town
923001110003,923009998886,923001110003,410018524220967,35678901846811,2026-04-02 03:17:48,2026-04-02 03:37:17,INCOMING,0,1254,152,CELL-LB-02,31.510377,74.343557,VOLTE,Liberty Market
923461678183,923009998882,923461678183,410014250755059,35678901867281,2026-04-02 06:36:38,2026-04-02 06:36:38,INCOMING,6909254,6879,305,CELL-ARP-08,31.521469,74.403185,GPRS,Airport Road
923331234567,923331234567,923009998887,410014179243083,35678901109627,2026-04-02 06:38:59,2026-04-02 06:38:59,OUTGOING,0,1247,986,CELL-DHA-05,31.471294,74.409987,SMS,DHA Phase 5
923001110001,923001110001,923009998882,410013363647451,35678901396789,2026-04-02 06:40:10,2026-04-02 06:40:10,OUTGOING,2878371,9990,286,CELL-GLB-01,31.518568,74.359638,GPRS,Gulberg
923001110002,923009998882,923001110002,410018502885731,35678901253293,2026-04-02 13:24:51,2026-04-02 13:24:51,INCOMING,866782,1894,945,CELL-ARP-08,31.522634,74.402344,GPRS,Airport Road
923331234567,923009998885,923331234567,410013446393723,35678901774353,2026-04-02 16:50:55,2026-04-02 16:52:47,INCOMING,0,2170,118,CELL-MT-03,31.481297,74.321937,VOLTE,Model Town
923001110001,923001110001,923009998883,410016595049313,35678901290563,2026-04-02 06:46:59,2026-04-02 06:46:59,OUTGOING,3317026,7867,756,CELL-MT-03,31.48341,74.32161,GPRS,Model Town
923331234567,923009998882,923331234567,410019345948877,35678901439197,2026-04-02 17:00:58,2026-04-02 17:00:58,INCOMING,7315290,7299,274,CELL-GLB-01,31.519901,74.359702,GPRS,Gulberg
923461678183,923009998886,923461678183,410015794287732,35678901810275,2026-04-02 06:50:46,2026-04-02 06:50:46,INCOMING,0,6113,822,CELL-MT-03,31.481982,74.323145,SMS,Model Town
923331234567,923009998883,923331234567,410016428930951,35678901445703,2026-04-02 13:44:29,2026-04-02 14:05:22,INCOMING,0,9347,932,CELL-DHA-05,31.471213,74.409209,VOLTE,DHA Phase 5
923001110001,923001110001,923009998883,410019409495774,35678901362193,2026-04-03 00:09:03,2026-04-03 00:16:47,OUTGOING,0,3031,603,CELL-ARP-08,31.52069,74.405204,CALL,Airport Road
923461678183,923009998887,923461678183,410015021522772,35678901828935,2026-04-02 20:48:30,2026-04-02 20:52:20,INCOMING,0,4454,918,CELL-LB-02,31.509217,74.342942,CALL,Liberty Market
923461678183,923009998881,923461678183,410019561694522,35678901932727,2026-04-02 20:54:50,2026-04-02 20:54:50,INCOMING,7850276,2250,268,CELL-LB-02,31.512186,74.344921,GPRS,Liberty Market
923001110001,923001110001,923009998883,410017298429657,35678901138592,2026-04-03 00:30:53,2026-04-03 00:48:57,OUTGOING,0,1999,644,CELL-GLB-01,31.521601,74.357558,CALL,Gulberg
923001110003,923001110003,923009998882,410012176120557,35678901322251,2026-04-03 00:37:30,2026-04-03 00:37:30,OUTGOING,3604881,7809,791,CELL-GLB-01,31.519428,74.356773,GPRS,Gulberg
923461678183,923009998888,923461678183,410018816784117,35678901593626,2026-04-03 00:44:32,2026-04-03 00:44:32,INCOMING,7668883,4193,390,CELL-ARP-08,31.52,74.402635,GPRS,Airport Road
923451112233,923009998888,923451112233,410016151451215,35678901917824,2026-04-03 00:51:51,2026-04-03 00:51:51,INCOMING,6378378,2277,248,CELL-GLB-01,31.522365,74.357853,GPRS,Gulberg
923001110001,923009998887,923001110001,410016037426655,35678901780824,2026-04-02 03:34:56,2026-04-02 03:34:56,INCOMING,0,5940,898,CELL-ARP-08,31.520359,74.402754,SMS,Airport Road
923001110002,923009998884,923001110002,410015677545920,35678901368861,2026-04-02 10:45:52,2026-04-02 11:10:05,INCOMING,0,7257,139,CELL-LB-02,31.512001,74.344557,CALL,Liberty Market
923001110002,923009998887,923001110002,410011130632512,35678901262241,2026-04-02 03:36:21,2026-04-02 03:36:21,INCOMING,5093030,7217,262,CELL-ARP-08,31.521524,74.404372,GPRS,Airport Road
923001110003,923001110003,923009998886,410014304091322,35678901138431,2026-04-02 14:28:52,2026-04-02 14:28:52,OUTGOING,959832,7060,823,CELL-LB-02,31.508866,74.34574,GPRS,Liberty Market
923001110001,923009998885,923001110001,410018093830418,35678901209439,2026-04-03 01:26:13,2026-04-03 01:26:13,INCOMING,0,5730,703,CELL-LB-02,31.509481,74.343708,SMS,Liberty Market
923001110001,923001110001,923009998882,410018069762936,35678901415131,2026-04-02 18:15:55,2026-04-02 18:15:55,OUTGOING,5247103,3419,716,CELL-DHA-05,31.47124,74.410635,GPRS,DHA Phase 5
923451112233,923009998884,923451112233,410013005975195,35678901896153,2026-04-02 11:00:06,2026-04-02 11:00:06,INCOMING,919849,5926,875,CELL-LB-02,31.511244,74.345201,GPRS,Liberty Market
923001110003,923009998888,923001110003,410016256333644,35678901704196,2026-04-02 03:41:29,2026-04-02 03:41:29,INCOMING,0,9289,624,CELL-ARP-08,31.520339,74.40409,SMS,Airport Road
923461678183,923009998886,923461678183,410013366613683,35678901126786,2026-04-02 18:30:40,2026-04-02 18:45:22,INCOMING,0,8677,625,CELL-GLB-01,31.522291,74.360576,CALL,Gulberg
923451112233,923451112233,923009998888,410017148901553,35678901475493,2026-04-02 22:18:35,2026-04-02 22:18:35,OUTGOING,3883927,1330,386,CELL-LB-02,31.508828,74.345062,GPRS,Liberty Market
923001110003,923001110003,923009998882,410011391643688,35678901807992,2026-04-02 22:24:59,2026-04-02 22:24:59,OUTGOING,2589680,3505,974,CELL-LB-02,31.510818,74.345753,GPRS,Liberty Market
923001110003,923009998884,923001110003,410014126391337,35678901727196,2026-04-02 03:45:53,2026-04-02 03:45:53,INCOMING,0,6806,745,CELL-LB-02,31.51171,74.3444,SMS,Liberty Market
923001110002,923001110002,923009998888,410017183426171,35678901826204,2026-04-02 03:46:38,2026-04-02 03:46:38,OUTGOING,0,5006,655,CELL-DHA-05,31.469466,74.408501,CALL,DHA Phase 5
923001110002,923009998882,923001110002,410014566379251,35678901749654,2026-04-02 22:42:59,2026-04-02 22:42:59,INCOMING,4969268,9128,363,CELL-MT-03,31.483983,74.321716,GPRS,Model Town
923001110003,923001110003,923009998886,410016915678087,35678901741487,2026-04-02 11:24:21,2026-04-02 11:37:08,OUTGOING,0,2565,116,CELL-LB-02,31.508603,74.346093,VOLTE,Liberty Market
923001110001,923001110001,923009998881,410016470938600,35678901310628,2026-04-02 15:16:29,2026-04-02 15:37:20,OUTGOING,0,5870,403,CELL-DHA-05,31.469804,74.408083,VOLTE,DHA Phase 5
923001110001,923001110001,923009998881,410018348465803,35678901848498,2026-04-02 23:00:53,2026-04-02 23:29:47,OUTGOING,0,8952,658,CELL-MT-03,31.482358,74.322755,CALL,Model Town
923001110002,923009998881,923001110002,410014598093998,35678901574501,2026-04-02 19:15:54,2026-04-02 19:45:46,INCOMING,0,5897,498,CELL-ARP-08,31.522514,74.404854,CALL,Airport Road
923001110002,923001110002,923009998883,410017429813103,35678901764279,2026-04-02 15:28:01,2026-04-02 15:44:51,OUTGOING,0,3195,697,CELL-ARP-08,31.522468,74.40536,VOLTE,Airport Road
923001110001,923009998882,923001110001,410019700071669,35678901272488,2026-04-02 11:39:15,2026-04-02 11:39:15,INCOMING,2670954,1748,304,CELL-DHA-05,31.468175,74.411479,GPRS,DHA Phase 5
923451112233,923451112233,923009998885,410013436109235,35678901398205,2026-04-03 03:18:37,2026-04-03 03:18:37,OUTGOING,7462234,3119,655,CELL-LB-02,31.510006,74.345175,GPRS,Liberty Market
923451112233,923451112233,923009998883,410018682790657,35678901647465,2026-04-02 11:45:44,2026-04-02 11:45:44,OUTGOING,6672491,4242,989,CELL-GLB-01,31.519157,74.360381,GPRS,Gulberg
923001110001,923009998885,923001110001,410016450815583,35678901801213,2026-04-03 03:32:18,2026-04-03 03:32:18,INCOMING,0,3638,242,CELL-LB-02,31.509401,74.345617,SMS,Liberty Market
923461678183,923461678183,923009998883,410019015745390,35678901599489,2026-04-02 19:45:27,2026-04-02 20:01:57,OUTGOING,0,7187,471,CELL-ARP-08,31.522665,74.403496,VOLTE,Airport Road
923001110002,923001110002,923009998887,410012133049166,35678901962249,2026-04-02 11:54:52,2026-04-02 11:54:52,OUTGOING,1084301,6494,179,CELL-DHA-05,31.470797,74.410416,GPRS,DHA Phase 5
923461678183,923461678183,923009998885,410012636298626,35678901608032,2026-04-02 03:59:02,2026-04-02 03:59:02,OUTGOING,7158529,3413,955,CELL-LB-02,31.508306,74.342528,GPRS,Liberty Market
923001110002,923009998882,923001110002,410015340419653,35678901179601,2026-04-02 20:00:47,2026-04-02 20:00:47,INCOMING,3153563,6855,513,CELL-DHA-05,31.469807,74.410547,GPRS,DHA Phase 5
923001110002,923009998882,923001110002,410014414845351,35678901765685,2026-04-02 08:02:13,2026-04-02 08:25:12,INCOMING,0,7150,608,CELL-ARP-08,31.523204,74.403578,VOLTE,Airport Road
923001110003,923001110003,923009998882,410012375113203,35678901730694,2026-04-02 12:06:05,2026-04-02 12:06:05,OUTGOING,0,6864,397,CELL-MT-03,31.485188,74.322676,SMS,Model Town
923461678183,923009998883,923461678183,410013927764335,35678901987852,2026-04-02 04:03:25,2026-04-02 04:03:25,INCOMING,2894112,6494,303,CELL-GLB-01,31.520853,74.357537,GPRS,Gulberg
923001110001,923009998886,923001110001,410017571749738,35678901307017,2026-04-03 04:28:48,2026-04-03 04:28:48,INCOMING,0,8536,644,CELL-ARP-08,31.523147,74.403092,SMS,Airport Road
923001110002,923001110002,923009998881,410017934199452,35678901507690,2026-04-03 04:35:01,2026-04-03 04:35:01,OUTGOING,0,8921,236,CELL-GLB-01,31.518619,74.357681,VOLTE,Gulberg
923461678183,923009998888,923461678183,410013215914291,35678901477544,2026-04-02 08:12:05,2026-04-02 08:26:31,INCOMING,0,2919,668,CELL-DHA-05,31.469902,74.408561,VOLTE,DHA Phase 5
923001110001,923009998887,923001110001,410014845056326,35678901570965,2026-04-02 20:35:28,2026-04-02 20:35:28,INCOMING,0,2822,151,CELL-MT-03,31.483798,74.321171,SMS,Model Town
923451112233,923451112233,923009998881,410013804715897,35678901159119,2026-04-02 04:08:26,2026-04-02 04:28:50,OUTGOING,0,9846,403,CELL-GLB-01,31.520754,74.357357,VOLTE,Gulberg
923001110001,923001110001,923009998881,410015632505362,35678901791134,2026-04-03 00:54:51,2026-04-03 00:54:51,OUTGOING,0,9293,849,CELL-MT-03,31.485043,74.322556,CALL,Model Town
923001110003,923009998882,923001110003,410012706012913,35678901769295,2026-04-02 20:50:47,2026-04-02 20:50:47,INCOMING,1440264,1421,820,CELL-LB-02,31.51082,74.343363,GPRS,Liberty Market
923001110003,923001110003,923009998881,410015990039421,35678901301097,2026-04-02 08:22:13,2026-04-02 08:22:13,OUTGOING,0,2414,855,CELL-MT-03,31.482695,74.322952,VOLTE,Model Town
923001110002,923009998881,923001110002,410011583343517,35678901828822,2026-04-02 12:36:19,2026-04-02 12:36:19,INCOMING,1100759,1625,550,CELL-LB-02,31.510922,74.345706,GPRS,Liberty Market
923001110003,923009998885,923001110003,410015416876787,35678901596949,2026-04-03 01:18:05,2026-04-03 01:18:05,INCOMING,454705,9130,863,CELL-ARP-08,31.52116,74.4043,GPRS,Airport Road
923331234567,923331234567,923009998886,410012530935049,35678901568904,2026-04-02 08:28:46,2026-04-02 08:44:02,OUTGOING,0,6032,846,CELL-MT-03,31.481641,74.323448,CALL,Model Town
923451112233,923451112233,923009998886,410019857158487,35678901147453,2026-04-02 12:45:16,2026-04-02 12:45:16,OUTGOING,7027282,9345,708,CELL-LB-02,31.50943,74.34571,GPRS,Liberty Market
923461678183,923009998886,923461678183,410016600694437,35678901995395,2026-04-02 12:48:03,2026-04-02 12:48:03,INCOMING,3703997,4409,206,CELL-GLB-01,31.522009,74.36004,GPRS,Gulberg
923001110001,923009998882,923001110001,410019927371649,35678901185460,2026-04-03 01:42:06,2026-04-03 01:42:06,INCOMING,0,7578,560,CELL-GLB-01,31.519037,74.358366,SMS,Gulberg
923451112233,923451112233,923009998881,410016314765443,35678901822835,2026-04-02 17:12:13,2026-04-02 17:12:13,OUTGOING,0,8706,912,CELL-DHA-05,31.470171,74.411311,SMS,DHA Phase 5
923331234567,923331234567,923009998886,410017506320025,35678901165803,2026-04-03 01:54:02,2026-04-03 02:05:35,OUTGOING,0,6954,822,CELL-LB-02,31.509977,74.344285,VOLTE,Liberty Market
923461678183,923461678183,923009998882,410018274224130,35678901195338,2026-04-02 04:20:06,2026-04-02 04:20:06,OUTGOING,2689049,3254,417,CELL-ARP-08,31.523148,74.403907,GPRS,Airport Road
923001110002,923009998882,923001110002,410016479666222,35678901606025,2026-04-03 02:06:39,2026-04-03 02:31:53,INCOMING,0,9335,182,CELL-ARP-08,31.521582,74.404452,CALL,Airport Road
923451112233,923451112233,923009998882,410012030469244,35678901610038,2026-04-02 17:28:59,2026-04-02 17:36:42,OUTGOING,0,9232,422,CELL-MT-03,31.482499,74.322091,VOLTE,Model Town
923451112233,923451112233,923009998886,410011571786671,35678901905276,2026-04-02 04:23:55,2026-04-02 04:23:55,OUTGOING,0,8370,629,CELL-GLB-01,31.518592,74.359214,SMS,Gulberg
923451112233,923009998888,923451112233,410014380654512,35678901791843,2026-04-02 08:48:44,2026-04-02 08:48:44,INCOMING,4518969,8050,638,CELL-GLB-01,31.521969,74.358074,GPRS,Gulberg
923001110001,923001110001,923009998882,410019193093788,35678901942211,2026-04-02 08:50:55,2026-04-02 08:50:55,OUTGOING,3553077,5984,754,CELL-LB-02,31.510372,74.343218,GPRS,Liberty Market
923331234567,923331234567,923009998886,410018552849505,35678901198994,2026-04-02 17:44:23,2026-04-02 18:04:28,OUTGOING,0,5625,609,CELL-MT-03,31.482139,74.323137,CALL,Model Town
923001110003,923001110003,923009998885,410014724534697,35678901459341,2026-04-03 02:42:06,2026-04-03 02:55:17,OUTGOING,0,5187,151,CELL-ARP-08,31.521756,74.405482,VOLTE,Airport Road
923331234567,923331234567,923009998882,410015441899742,35678901911971,2026-04-03 02:48:37,2026-04-03 03:00:43,OUTGOING,0,9716,878,CELL-ARP-08,31.521179,74.404061,VOLTE,Airport Road
923461678183,923009998883,923461678183,410014064628226,35678901486302,2026-04-02 08:58:25,2026-04-02 08:58:25,INCOMING,5544846,5407,475,CELL-LB-02,31.510327,74.346069,GPRS,Liberty Market
923451112233,923009998885,923451112233,410017943805061,35678901797280,2026-04-02 04:30:50,2026-04-02 04:30:50,INCOMING,0,8787,874,CELL-ARP-08,31.522239,74.401665,SMS,Airport Road
923001110003,923001110003,923009998885,410012831463826,35678901852314,2026-04-02 09:02:46,2026-04-02 09:02:46,OUTGOING,4506615,8271,426,CELL-DHA-05,31.469147,74.410219,GPRS,DHA Phase 5
923001110003,923001110003,923009998887,410012333627387,35678901175055,2026-04-03 03:12:51,2026-04-03 03:12:51,OUTGOING,0,6606,984,CELL-LB-02,31.511642,74.342721,SMS,Liberty Market
923331234567,923009998887,923331234567,410012622330981,35678901143740,2026-04-02 22:45:32,2026-04-02 22:47:42,INCOMING,0,6822,636,CELL-GLB-01,31.519769,74.36021,CALL,Gulberg
923461678183,923009998886,923461678183,410011739025776,35678901653392,2026-04-02 18:16:17,2026-04-02 18:16:17,INCOMING,4430422,3335,478,CELL-ARP-08,31.520304,74.404581,GPRS,Airport Road
923331234567,923331234567,923009998881,410016588506397,35678901907601,2026-04-02 18:20:39,2026-04-02 18:20:39,OUTGOING,5656980,7896,290,CELL-LB-02,31.50977,74.34349,GPRS,Liberty Market
923451112233,923009998884,923451112233,410011583140572,35678901829002,2026-04-02 13:48:51,2026-04-02 13:48:51,INCOMING,594551,4742,192,CELL-MT-03,31.483642,74.324685,GPRS,Model Town
923331234567,923331234567,923009998888,410012121515002,35678901179786,2026-04-03 08:19:18,2026-04-03 08:19:18,OUTGOING,2597890,1333,643,CELL-GLB-01,31.520929,74.357768,GPRS,Gulberg
923001110001,923001110001,923009998888,410018493177036,35678901214617,2026-04-03 08:26:07,2026-04-03 08:29:41,OUTGOING,0,9375,179,CELL-ARP-08,31.520839,74.401758,CALL,Airport Road
923001110002,923009998883,923001110002,410016663850030,35678901673472,2026-04-02 04:39:04,2026-04-02 04:39:04,INCOMING,2111200,7792,656,CELL-LB-02,31.508462,74.343142,GPRS,Liberty Market
923001110002,923001110002,923009998888,410012730228698,35678901887101,2026-04-02 23:20:29,2026-04-02 23:20:29,OUTGOING,0,5983,672,CELL-LB-02,31.510664,74.34319,SMS,Liberty Market
923461678183,923009998887,923461678183,410017832471794,35678901836371,2026-04-02 14:03:39,2026-04-02 14:13:15,INCOMING,0,5626,936,CELL-GLB-01,31.521448,74.359471,VOLTE,Gulberg
923461678183,923009998888,923461678183,410014214223206,35678901486590,2026-04-03 08:54:50,2026-04-03 08:54:50,INCOMING,0,7144,855,CELL-MT-03,31.484748,74.324114,SMS,Model Town
923461678183,923461678183,923009998886,410013396335719,35678901263484,2026-04-02 09:26:05,2026-04-02 09:26:05,OUTGOING,6270991,9655,400,CELL-MT-03,31.483842,74.322013,GPRS,Model Town
923001110002,923001110002,923009998887,410012088581175,35678901170168,2026-04-02 04:44:49,2026-04-02 04:44:49,OUTGOING,0,8818,348,CELL-MT-03,31.482564,74.321439,SMS,Model Town
923001110003,923001110003,923009998881,410016961694065,35678901210809,2026-04-02 09:30:30,2026-04-02 09:34:28,OUTGOING,0,8241,180,CELL-GLB-01,31.519901,74.360347,VOLTE,Gulberg
923331234567,923009998888,923331234567,410015079213279,35678901452346,2026-04-02 19:04:06,2026-04-02 19:04:06,INCOMING,344391,6182,573,CELL-GLB-01,31.520243,74.357851,GPRS,Gulberg
923001110002,923001110002,923009998885,410013958607797,35678901409927,2026-04-03 09:29:21,2026-04-03 09:29:21,OUTGOING,4342738,2570,846,CELL-GLB-01,31.522374,74.35922,GPRS,Gulberg
923451112233,923009998885,923451112233,410014049241205,35678901384953,2026-04-02 19:12:44,2026-04-02 19:12:44,INCOMING,446718,3379,811,CELL-LB-02,31.511755,74.342133,GPRS,Liberty Market
923001110002,923001110002,923009998881,410018969396790,35678901150762,2026-04-02 19:16:19,2026-04-02 19:38:20,OUTGOING,0,4649,640,CELL-ARP-08,31.520783,74.404629,CALL,Airport Road
923001110003,923001110003,923009998884,410015957867352,35678901149139,2026-04-02 09:40:11,2026-04-02 09:40:11,OUTGOING,3086208,2624,936,CELL-GLB-01,31.52185,74.359146,GPRS,Gulberg
923451112233,923451112233,923009998888,410015555058454,35678901492535,2026-04-03 09:57:19,2026-04-03 10:03:41,OUTGOING,0,8021,630,CELL-ARP-08,31.523123,74.402388,CALL,Airport Road
923461678183,923009998884,923461678183,410014955995770,35678901708326,2026-04-02 14:36:14,2026-04-02 14:40:44,INCOMING,0,1784,337,CELL-GLB-01,31.521379,74.357514,VOLTE,Gulberg
923461678183,923461678183,923009998888,410011227227452,35678901444956,2026-04-02 19:32:19,2026-04-02 19:32:19,OUTGOING,1801373,5266,334,CELL-LB-02,31.510202,74.342322,GPRS,Liberty Market
923331234567,923009998882,923331234567,410011596488185,35678901410976,2026-04-02 19:36:18,2026-04-02 19:45:15,INCOMING,0,4551,380,CELL-ARP-08,31.523011,74.40289,CALL,Airport Road
923331234567,923009998888,923331234567,410017554171133,35678901656492,2026-04-03 05:30:25,2026-04-03 05:51:17,INCOMING,0,1629,331,CELL-DHA-05,31.471158,74.409226,VOLTE,DHA Phase 5
923461678183,923461678183,923009998884,410018798429103,35678901885120,2026-04-03 00:40:27,2026-04-03 00:40:27,OUTGOING,662858,5279,741,CELL-MT-03,31.481637,74.321716,GPRS,Model Town
923451112233,923009998885,923451112233,410011402587421,35678901948265,2026-04-03 05:42:38,2026-04-03 05:42:38,INCOMING,1601087,3114,220,CELL-ARP-08,31.522754,74.401722,GPRS,Airport Road
923001110003,923009998888,923001110003,410017767613984,35678901317677,2026-04-02 09:56:02,2026-04-02 09:56:02,INCOMING,1415104,3964,857,CELL-MT-03,31.48147,74.323218,GPRS,Model Town
923001110002,923009998884,923001110002,410019836160235,35678901708511,2026-04-02 04:59:53,2026-04-02 05:19:56,INCOMING,0,4358,937,CELL-GLB-01,31.519821,74.360125,CALL,Gulberg
923451112233,923009998888,923451112233,410018309549325,35678901623760,2026-04-03 06:00:52,2026-04-03 06:18:15,INCOMING,0,2332,158,CELL-GLB-01,31.521823,74.358193,VOLTE,Gulberg
923001110001,923001110001,923009998884,410012851840296,35678901376504,2026-04-03 01:05:35,2026-04-03 01:05:35,OUTGOING,7164370,5015,875,CELL-GLB-01,31.521701,74.358346,GPRS,Gulberg
923001110002,923001110002,923009998881,410017033318996,35678901750585,2026-04-03 01:10:57,2026-04-03 01:10:57,OUTGOING,5998542,3167,848,CELL-DHA-05,31.47147,74.408833,GPRS,DHA Phase 5
923001110003,923009998885,923001110003,410012013998943,35678901578933,2026-04-02 15:09:58,2026-04-02 15:09:58,INCOMING,750592,7086,865,CELL-GLB-01,31.521807,74.360334,GPRS,Gulberg
923001110002,923001110002,923009998881,410012159151393,35678901878427,2026-04-02 15:12:18,2026-04-02 15:12:18,OUTGOING,6354378,5211,705,CELL-LB-02,31.511925,74.344801,GPRS,Liberty Market
923001110003,923001110003,923009998882,410011590038564,35678901157411,2026-04-02 20:20:28,2026-04-02 20:20:28,OUTGOING,0,4864,173,CELL-GLB-01,31.519819,74.360284,SMS,Gulberg
923001110002,923001110002,923009998886,410019407690294,35678901784374,2026-04-02 10:12:01,2026-04-02 10:29:41,OUTGOING,0,6027,116,CELL-LB-02,31.508544,74.342919,CALL,Liberty Market
923331234567,923009998887,923331234567,410018194630353,35678901692949,2026-04-02 15:21:41,2026-04-02 15:43:03,INCOMING,0,3623,378,CELL-LB-02,31.511146,74.342137,VOLTE,Liberty Market
923001110001,923001110001,923009998888,410016080316971,35678901951757,2026-04-02 05:08:32,2026-04-02 05:08:32,OUTGOING,2953665,3633,562,CELL-LB-02,31.51019,74.342591,GPRS,Liberty Market
923001110002,923001110002,923009998885,410018995237519,35678901234343,2026-04-02 10:18:43,2026-04-02 10:21:25,OUTGOING,0,8317,178,CELL-GLB-01,31.522113,74.359827,CALL,Gulberg
923001110002,923001110002,923009998887,410018442595931,35678901752774,2026-04-02 15:30:13,2026-04-02 15:30:13,OUTGOING,5340734,8775,110,CELL-GLB-01,31.522318,74.357021,GPRS,Gulberg
923451112233,923009998887,923451112233,410015986087173,35678901455823,2026-04-03 01:55:05,2026-04-03 01:55:05,INCOMING,0,4112,257,CELL-ARP-08,31.520246,74.404319,SMS,Airport Road
923331234567,923331234567,923009998888,410015256329899,35678901372906,2026-04-03 02:00:00,2026-04-03 02:00:00,OUTGOING,181549,5283,345,CELL-LB-02,31.511246,74.343371,GPRS,Liberty Market
923001110003,923001110003,923009998882,410019310001671,35678901490602,2026-04-02 15:39:51,2026-04-02 15:39:51,OUTGOING,107918,7441,475,CELL-LB-02,31.511669,74.343695,GPRS,Liberty Market
923331234567,923009998881,923331234567,410019698908973,35678901237828,2026-04-03 02:10:20,2026-04-03 02:10:20,INCOMING,6887448,6755,652,CELL-ARP-08,31.520225,74.403131,GPRS,Airport Road
923001110003,923009998886,923001110003,410017411734002,35678901207480,2026-04-03 12:45:30,2026-04-03 12:45:30,INCOMING,6577566,4235,491,CELL-GLB-01,31.518682,74.360413,GPRS,Gulberg
923331234567,923331234567,923009998888,410018799523667,35678901959797,2026-04-03 07:36:18,2026-04-03 07:36:18,OUTGOING,320478,8053,443,CELL-GLB-01,31.520463,74.359549,GPRS,Gulberg
923001110003,923009998888,923001110003,410014368709503,35678901653685,2026-04-03 07:42:54,2026-04-03 07:42:54,INCOMING,0,5958,748,CELL-LB-02,31.510954,74.345518,SMS,Liberty Market
923451112233,923451112233,923009998888,410011411923442,35678901755774,2026-04-02 21:12:28,2026-04-02 21:12:28,OUTGOING,448989,6274,127,CELL-ARP-08,31.523283,74.404067,GPRS,Airport Road
923451112233,923451112233,923009998886,410013119845487,35678901125610,2026-04-03 02:35:40,2026-04-03 02:35:40,OUTGOING,0,9968,118,CELL-GLB-01,31.521604,74.358736,SMS,Gulberg
923001110003,923001110003,923009998882,410012751020862,35678901190457,2026-04-02 05:20:50,2026-04-02 05:20:50,OUTGOING,3640865,7830,794,CELL-LB-02,31.509492,74.345421,GPRS,Liberty Market
923001110001,923001110001,923009998884,410017850683956,35678901468542,2026-04-02 05:21:27,2026-04-02 05:48:19,OUTGOING,0,5673,692,CELL-DHA-05,31.468164,74.408459,VOLTE,DHA Phase 5
923001110001,923009998883,923001110001,410016786798972,35678901709530,2026-04-03 13:34:27,2026-04-03 13:34:27,INCOMING,3800800,4955,564,CELL-MT-03,31.484712,74.323869,GPRS,Model Town
923001110001,923009998881,923001110001,410019548586112,35678901704038,2026-04-03 02:55:14,2026-04-03 02:55:14,INCOMING,0,6301,396,CELL-GLB-01,31.520001,74.356803,SMS,Gulberg
923451112233,923009998888,923451112233,410014322381967,35678901761869,2026-04-02 16:12:59,2026-04-02 16:12:59,INCOMING,0,2869,751,CELL-ARP-08,31.521825,74.403732,SMS,Airport Road
923461678183,923009998888,923461678183,410014027779599,35678901923232,2026-04-02 05:25:00,2026-04-02 05:25:00,INCOMING,0,7156,661,CELL-MT-03,31.485134,74.321808,CALL,Model Town
923331234567,923009998884,923331234567,410019486997371,35678901978743,2026-04-02 05:26:48,2026-04-02 05:26:48,INCOMING,0,5434,792,CELL-DHA-05,31.468587,74.407974,SMS,DHA Phase 5
923451112233,923009998881,923451112233,410019556591936,35678901451028,2026-04-02 16:21:40,2026-04-02 16:21:40,INCOMING,1037356,3120,241,CELL-ARP-08,31.52279,74.404081,GPRS,Airport Road
923001110001,923001110001,923009998884,410017367487471,35678901713274,2026-04-03 08:48:33,2026-04-03 09:08:14,OUTGOING,0,6821,179,CELL-MT-03,31.484838,74.322686,CALL,Model Town
923451112233,923009998881,923451112233,410011399016377,35678901219162,2026-04-03 08:54:14,2026-04-03 08:54:14,INCOMING,1447458,3068,290,CELL-GLB-01,31.521593,74.359977,GPRS,Gulberg
923461678183,923009998885,923461678183,410019308607810,35678901854589,2026-04-02 16:30:37,2026-04-02 16:30:37,INCOMING,6399172,9322,170,CELL-GLB-01,31.521385,74.357884,GPRS,Gulberg
923001110003,923009998881,923001110003,410015890019930,35678901780202,2026-04-02 05:31:49,2026-04-02 05:31:49,INCOMING,1955452,2924,162,CELL-LB-02,31.510611,74.343827,GPRS,Liberty Market
923461678183,923009998885,923461678183,410015397715775,35678901833749,2026-04-03 03:40:19,2026-04-03 03:40:19,INCOMING,0,4642,562,CELL-DHA-05,31.470545,74.410235,SMS,DHA Phase 5
923331234567,923331234567,923009998887,410018999460054,35678901524704,2026-04-02 22:12:17,2026-04-02 22:12:17,OUTGOING,0,8992,213,CELL-GLB-01,31.520282,74.35997,SMS,Gulberg
923001110001,923001110001,923009998882,410015035098301,35678901959319,2026-04-02 05:34:20,2026-04-02 05:34:20,OUTGOING,2984733,2749,853,CELL-GLB-01,31.520511,74.359855,GPRS,Gulberg
923001110003,923009998887,923001110003,410019439642174,35678901188617,2026-04-02 11:10:04,2026-04-02 11:10:04,INCOMING,883817,8305,493,CELL-LB-02,31.51061,74.345997,GPRS,Liberty Market
923001110001,923001110001,923009998885,410019705524098,35678901173937,2026-04-02 16:48:08,2026-04-02 16:48:08,OUTGOING,5590891,3302,319,CELL-MT-03,31.482875,74.322282,GPRS,Model Town
923001110002,923009998883,923001110002,410014369255097,35678901631392,2026-04-02 05:37:48,2026-04-02 05:37:48,INCOMING,7612987,6594,127,CELL-LB-02,31.508584,74.344466,GPRS,Liberty Market
923331234567,923331234567,923009998888,410011942651658,35678901237663,2026-04-03 09:48:01,2026-04-03 10:03:11,OUTGOING,0,5450,623,CELL-MT-03,31.481449,74.324296,VOLTE,Model Town
923451112233,923009998881,923451112233,410011703643168,35678901417566,2026-04-02 16:57:58,2026-04-02 17:10:17,INCOMING,0,1575,974,CELL-DHA-05,31.469227,74.410417,CALL,DHA Phase 5
923331234567,923009998883,923331234567,410017639078797,35678901151481,2026-04-02 17:00:40,2026-04-02 17:00:40,INCOMING,2438163,5886,629,CELL-LB-02,31.508749,74.342932,GPRS,Liberty Market
923001110001,923009998883,923001110001,410016125811170,35678901810691,2026-04-03 04:25:59,2026-04-03 04:25:59,INCOMING,2112542,2788,415,CELL-ARP-08,31.519603,74.403748,GPRS,Airport Road
923451112233,923451112233,923009998884,410016857734539,35678901629939,2026-04-02 05:42:47,2026-04-02 05:42:47,OUTGOING,1365108,8921,531,CELL-LB-02,31.512037,74.343625,GPRS,Liberty Market
923001110002,923009998882,923001110002,410014010609856,35678901600108,2026-04-03 10:18:04,2026-04-03 10:18:04,INCOMING,0,6801,255,CELL-LB-02,31.509031,74.345105,SMS,Liberty Market
923001110002,923009998888,923001110002,410018297824810,35678901830101,2026-04-02 11:28:11,2026-04-02 11:28:11,INCOMING,3745805,9056,456,CELL-GLB-01,31.520698,74.358923,GPRS,Gulberg
923331234567,923009998881,923331234567,410011195931217,35678901948024,2026-04-03 04:45:41,2026-04-03 04:45:41,INCOMING,0,7314,644,CELL-DHA-05,31.468345,74.410159,SMS,DHA Phase 5
923001110002,923001110002,923009998886,410017091097913,35678901317438,2026-04-02 17:18:53,2026-04-02 17:18:53,OUTGOING,6533198,8484,927,CELL-ARP-08,31.519869,74.40193,GPRS,Airport Road
923001110003,923001110003,923009998888,410016843106818,35678901967153,2026-04-02 11:34:23,2026-04-02 11:44:13,OUTGOING,0,5231,794,CELL-GLB-01,31.518639,74.357891,VOLTE,Gulberg
923001110001,923001110001,923009998881,410018703946253,35678901390484,2026-04-02 11:36:25,2026-04-02 11:36:25,OUTGOING,2293564,7703,674,CELL-LB-02,31.508514,74.342722,GPRS,Liberty Market
923001110003,923001110003,923009998882,410011906798945,35678901430037,2026-04-02 05:49:32,2026-04-02 05:49:32,OUTGOING,4040956,9888,441,CELL-LB-02,31.510322,74.345029,GPRS,Liberty Market
923451112233,923451112233,923009998888,410018885960691,35678901105903,2026-04-02 11:40:25,2026-04-02 11:40:25,OUTGOING,3480647,4293,189,CELL-LB-02,31.511843,74.346059,GPRS,Liberty Market
923001110003,923001110003,923009998886,410015259065946,35678901398108,2026-04-02 17:33:58,2026-04-02 17:33:58,OUTGOING,5625414,5824,782,CELL-DHA-05,31.467703,74.411619,GPRS,DHA Phase 5
923001110001,923009998887,923001110001,410012789363359,35678901766077,2026-04-03 11:12:43,2026-04-03 11:36:22,INCOMING,0,1515,454,CELL-GLB-01,31.520326,74.357173,VOLTE,Gulberg
923001110002,923001110002,923009998883,410015240262548,35678901318096,2026-04-02 17:39:18,2026-04-02 17:39:18,OUTGOING,6349569,7067,998,CELL-ARP-08,31.520692,74.404916,GPRS,Airport Road
923331234567,923009998888,923331234567,410011708465913,35678901285997,2026-04-03 11:24:50,2026-04-03 11:24:50,INCOMING,3460718,8606,747,CELL-LB-02,31.512121,74.343929,GPRS,Liberty Market
923001110001,923009998882,923001110001,410012436535419,35678901572292,2026-04-03 11:30:15,2026-04-03 11:30:15,INCOMING,0,1584,484,CELL-GLB-01,31.520709,74.356913,SMS,Gulberg
923331234567,923331234567,923009998884,410016875712513,35678901492066,2026-04-02 17:48:37,2026-04-02 17:48:37,OUTGOING,1851456,6611,699,CELL-LB-02,31.510657,74.345214,GPRS,Liberty Market
923001110003,923009998887,923001110003,410012429472825,35678901808589,2026-04-03 11:42:06,2026-04-03 11:42:06,INCOMING,0,6681,275,CELL-DHA-05,31.469209,74.410836,SMS,DHA Phase 5
923451112233,923009998883,923451112233,410019504732646,35678901813765,2026-04-02 11:56:00,2026-04-02 11:56:00,INCOMING,6023601,1178,822,CELL-LB-02,31.510825,74.344057,GPRS,Liberty Market
923461678183,923009998888,923461678183,410014122699952,35678901703500,2026-04-02 23:56:57,2026-04-03 00:17:49,INCOMING,0,4626,621,CELL-GLB-01,31.519437,74.356711,CALL,Gulberg
923001110002,923001110002,923009998882,410019772823791,35678901185639,2026-04-03 12:00:17,2026-04-03 12:28:30,OUTGOING,0,8151,793,CELL-GLB-01,31.520439,74.360207,VOLTE,Gulberg
923331234567,923009998887,923331234567,410018043535941,35678901843784,2026-04-03 18:07:50,2026-04-03 18:07:50,INCOMING,0,7645,715,CELL-DHA-05,31.470479,74.407865,SMS,DHA Phase 5
923001110003,923009998886,923001110003,410012756838281,35678901400593,2026-04-03 18:14:43,2026-04-03 18:19:58,INCOMING,0,6546,725,CELL-LB-02,31.509883,74.342343,CALL,Liberty Market
923331234567,923009998882,923331234567,410014292785865,35678901288298,2026-04-03 12:18:32,2026-04-03 12:18:32,INCOMING,5495804,4390,154,CELL-LB-02,31.511961,74.344645,GPRS,Liberty Market
923001110003,923001110003,923009998882,410017484864456,35678901819690,2026-04-03 00:16:36,2026-04-03 00:16:36,OUTGOING,1646872,7576,115,CELL-GLB-01,31.522149,74.36029,GPRS,Gulberg
923001110001,923009998886,923001110001,410012173784806,35678901732023,2026-04-02 18:15:46,2026-04-02 18:33:44,INCOMING,0,2797,607,CELL-LB-02,31.510187,74.345003,CALL,Liberty Market
923001110002,923001110002,923009998885,410014609289460,35678901335671,2026-04-03 12:36:35,2026-04-03 12:36:35,OUTGOING,2005477,1608,279,CELL-GLB-01,31.521177,74.359154,GPRS,Gulberg
923461678183,923461678183,923009998885,410019603508145,35678901427309,2026-04-02 18:21:11,2026-04-02 18:21:11,OUTGOING,1453948,2478,199,CELL-MT-03,31.483364,74.322894,GPRS,Model Town
923001110001,923001110001,923009998883,410011630835550,35678901214741,2026-04-03 00:32:18,2026-04-03 00:46:59,OUTGOING,0,1239,794,CELL-ARP-08,31.519664,74.401866,CALL,Airport Road
923001110002,923001110002,923009998887,410019831176847,35678901932113,2026-04-03 19:03:08,2026-04-03 19:06:59,OUTGOING,0,7453,436,CELL-LB-02,31.511303,74.345498,VOLTE,Liberty Market
923001110003,923009998887,923001110003,410017864152232,35678901650483,2026-04-03 13:00:50,2026-04-03 13:00:50,INCOMING,0,4303,359,CELL-MT-03,31.484417,74.324854,SMS,Model Town
923001110003,923009998883,923001110003,410019215925053,35678901686635,2026-04-03 13:06:41,2026-04-03 13:06:41,INCOMING,2066849,3781,440,CELL-LB-02,31.508983,74.344548,GPRS,Liberty Market
923001110003,923001110003,923009998888,410019925718028,35678901593185,2026-04-03 00:48:03,2026-04-03 00:48:03,OUTGOING,2893590,1381,165,CELL-GLB-01,31.519449,74.358908,GPRS,Gulberg
923001110001,923001110001,923009998885,410016298983861,35678901955635,2026-04-03 19:31:16,2026-04-03 19:33:14,OUTGOING,0,1980,742,CELL-LB-02,31.50821,74.34376,VOLTE,Liberty Market
923461678183,923009998888,923461678183,410019030524140,35678901348323,2026-04-03 19:38:21,2026-04-03 19:38:21,INCOMING,0,9916,323,CELL-ARP-08,31.52233,74.40422,SMS,Airport Road
923461678183,923009998883,923461678183,410012614096933,35678901309860,2026-04-03 13:30:55,2026-04-03 13:30:55,INCOMING,0,5461,866,CELL-GLB-01,31.520239,74.358995,SMS,Gulberg
923461678183,923009998884,923461678183,410012987506645,35678901770423,2026-04-03 13:36:53,2026-04-03 13:36:53,INCOMING,3819046,3275,115,CELL-LB-02,31.509271,74.342845,GPRS,Liberty Market
923451112233,923009998887,923451112233,410019327443936,35678901324300,2026-04-03 19:59:16,2026-04-03 19:59:16,INCOMING,0,5872,626,CELL-DHA-05,31.468112,74.408226,SMS,DHA Phase 5
923451112233,923451112233,923009998883,410017833544840,35678901180034,2026-04-03 20:06:45,2026-04-03 20:06:45,OUTGOING,0,1101,592,CELL-DHA-05,31.470386,74.409649,SMS,DHA Phase 5
923451112233,923009998882,923451112233,410016735234211,35678901524041,2026-04-03 13:54:47,2026-04-03 13:54:47,INCOMING,5929121,3469,648,CELL-DHA-05,31.471625,74.408301,GPRS,DHA Phase 5
923001110003,923001110003,923009998885,410012681052568,35678901190585,2026-04-03 20:20:48,2026-04-03 20:26:18,OUTGOING,0,9164,445,CELL-ARP-08,31.523431,74.404245,CALL,Airport Road
923001110002,923001110002,923009998884,410017955080920,35678901113452,2026-04-02 12:42:45,2026-04-02 12:42:45,OUTGOING,4256233,4668,402,CELL-ARP-08,31.520178,74.405377,GPRS,Airport Road
923001110001,923001110001,923009998882,410014367931499,35678901979122,2026-04-02 06:22:18,2026-04-02 06:32:10,OUTGOING,0,6315,996,CELL-LB-02,31.509864,74.343295,CALL,Liberty Market
923331234567,923009998883,923331234567,410015000084957,35678901134183,2026-04-02 12:46:26,2026-04-02 12:48:04,INCOMING,0,4922,733,CELL-GLB-01,31.520305,74.359146,CALL,Gulberg
923331234567,923331234567,923009998886,410012606551687,35678901209562,2026-04-03 01:36:45,2026-04-03 01:36:45,OUTGOING,7403286,8598,804,CELL-MT-03,31.482595,74.321303,GPRS,Model Town
923451112233,923009998888,923451112233,410012578139359,35678901127267,2026-04-03 08:05:31,2026-04-03 08:22:35,INCOMING,0,4142,597,CELL-DHA-05,31.470021,74.409632,CALL,DHA Phase 5
923001110003,923009998882,923001110003,410017994284456,35678901209216,2026-04-02 19:18:40,2026-04-02 19:18:40,INCOMING,0,9423,384,CELL-ARP-08,31.522409,74.401946,SMS,Airport Road
923451112233,923009998883,923451112233,410018136601125,35678901813560,2026-04-03 08:15:13,2026-04-03 08:15:13,INCOMING,3741537,4041,491,CELL-LB-02,31.510199,74.344116,GPRS,Liberty Market
923461678183,923009998883,923461678183,410018136814054,35678901963740,2026-04-02 19:24:58,2026-04-02 19:24:58,INCOMING,0,5989,576,CELL-MT-03,31.485104,74.322924,SMS,Model Town
923461678183,923461678183,923009998881,410019607483264,35678901638911,2026-04-02 19:27:03,2026-04-02 19:27:03,OUTGOING,0,7670,171,CELL-GLB-01,31.519059,74.359048,VOLTE,Gulberg
923451112233,923451112233,923009998888,410011813483532,35678901184213,2026-04-03 21:30:05,2026-04-03 21:30:05,OUTGOING,3169117,4064,834,CELL-DHA-05,31.469014,74.408371,GPRS,DHA Phase 5
923001110001,923001110001,923009998887,410019796917282,35678901948876,2026-04-02 13:02:15,2026-04-02 13:02:15,OUTGOING,7952134,3881,238,CELL-MT-03,31.482173,74.32429,GPRS,Model Town
923331234567,923331234567,923009998887,410017735215981,35678901889248,2026-04-02 13:04:06,2026-04-02 13:04:06,OUTGOING,6755864,9411,329,CELL-MT-03,31.481399,74.322928,GPRS,Model Town
923001110002,923001110002,923009998888,410011589583363,35678901264997,2026-04-02 19:39:55,2026-04-02 19:39:55,OUTGOING,4892957,8838,690,CELL-GLB-01,31.519843,74.359496,GPRS,Gulberg
923001110003,923009998887,923001110003,410012379316214,35678901466660,2026-04-02 06:34:48,2026-04-02 06:34:48,INCOMING,3671284,5281,202,CELL-DHA-05,31.468702,74.411312,GPRS,DHA Phase 5
923461678183,923461678183,923009998888,410014472681945,35678901180714,2026-04-03 22:05:46,2026-04-03 22:05:46,OUTGOING,7613744,3221,910,CELL-LB-02,31.509593,74.342301,GPRS,Liberty Market
923001110001,923009998885,923001110001,410015524378600,35678901130806,2026-04-03 09:00:27,2026-04-03 09:00:27,INCOMING,1312690,6134,214,CELL-MT-03,31.482169,74.322759,GPRS,Model Town
923331234567,923009998885,923331234567,410017106828772,35678901598704,2026-04-02 19:51:01,2026-04-02 19:51:01,INCOMING,0,6991,113,CELL-LB-02,31.508701,74.345841,CALL,Liberty Market
923001110001,923001110001,923009998888,410016864502690,35678901329319,2026-04-03 22:26:32,2026-04-03 22:26:32,OUTGOING,4813714,6786,961,CELL-DHA-05,31.468473,74.408437,GPRS,DHA Phase 5
923331234567,923009998881,923331234567,410014657246341,35678901432701,2026-04-03 09:15:11,2026-04-03 09:15:11,INCOMING,585489,5035,158,CELL-GLB-01,31.519712,74.356831,GPRS,Gulberg
923001110001,923001110001,923009998886,410019947929901,35678901528705,2026-04-03 02:40:19,2026-04-03 03:08:12,OUTGOING,0,1032,685,CELL-GLB-01,31.518734,74.358968,VOLTE,Gulberg
923001110002,923001110002,923009998885,410019627123794,35678901361216,2026-04-03 22:47:53,2026-04-03 22:47:53,OUTGOING,247104,4076,795,CELL-MT-03,31.483176,74.324649,GPRS,Model Town
923461678183,923009998884,923461678183,410016079355372,35678901757209,2026-04-02 06:42:20,2026-04-02 07:01:57,INCOMING,0,3849,885,CELL-GLB-01,31.519837,74.357626,CALL,Gulberg
923001110002,923009998888,923001110002,410014604583848,35678901439738,2026-04-02 06:43:51,2026-04-02 06:50:22,INCOMING,0,8697,942,CELL-LB-02,31.511171,74.343809,CALL,Liberty Market
923001110003,923009998881,923001110003,410018497446799,35678901682863,2026-04-03 23:08:14,2026-04-03 23:08:14,INCOMING,6033789,6195,731,CELL-ARP-08,31.521063,74.402281,GPRS,Airport Road
923451112233,923009998883,923451112233,410012464050241,35678901970038,2026-04-02 20:15:11,2026-04-02 20:15:11,INCOMING,0,8508,210,CELL-LB-02,31.510355,74.344817,SMS,Liberty Market
923461678183,923461678183,923009998887,410019087893577,35678901591006,2026-04-03 16:36:51,2026-04-03 16:36:51,OUTGOING,1846243,6584,920,CELL-LB-02,31.509894,74.345465,GPRS,Liberty Market
923331234567,923331234567,923009998888,410017997153445,35678901983479,2026-04-02 20:21:19,2026-04-02 20:21:19,OUTGOING,0,7150,884,CELL-DHA-05,31.468262,74.410762,SMS,DHA Phase 5
923331234567,923331234567,923009998883,410017130775442,35678901797590,2026-04-03 23:36:15,2026-04-03 23:43:27,OUTGOING,0,8583,197,CELL-LB-02,31.511624,74.345927,CALL,Liberty Market
923331234567,923009998887,923331234567,410011166912759,35678901479644,2026-04-03 16:54:04,2026-04-03 16:54:04,INCOMING,205730,8914,542,CELL-GLB-01,31.521217,74.36049,GPRS,Gulberg
923001110003,923001110003,923009998885,410014730265880,35678901905657,2026-04-03 10:10:34,2026-04-03 10:10:34,OUTGOING,716266,2331,907,CELL-DHA-05,31.470084,74.41088,GPRS,DHA Phase 5
923451112233,923451112233,923009998885,410017009868858,35678901446599,2026-04-02 13:42:12,2026-04-02 13:42:12,OUTGOING,0,1118,737,CELL-GLB-01,31.519431,74.360069,CALL,Gulberg
923001110001,923001110001,923009998887,410018169469182,35678901918818,2026-04-02 06:52:45,2026-04-02 07:20:23,OUTGOING,0,9457,986,CELL-MT-03,31.485041,74.321792,CALL,Model Town
923461678183,923461678183,923009998888,410018750266550,35678901974995,2026-04-02 06:53:50,2026-04-02 06:53:50,OUTGOING,0,5353,621,CELL-MT-03,31.4851,74.324341,CALL,Model Town
923461678183,923461678183,923009998886,410014315146001,35678901861661,2026-04-02 20:42:24,2026-04-02 20:42:24,OUTGOING,7336377,3877,960,CELL-GLB-01,31.522126,74.360102,GPRS,Gulberg
923001110002,923001110002,923009998887,410016572278495,35678901522011,2026-04-02 13:50:48,2026-04-02 13:50:48,OUTGOING,5694702,5118,285,CELL-DHA-05,31.468607,74.407721,GPRS,DHA Phase 5
923331234567,923331234567,923009998888,410015963098319,35678901140171,2026-04-04 00:32:46,2026-04-04 01:01:48,OUTGOING,0,2328,512,CELL-LB-02,31.511637,74.345332,CALL,Liberty Market
923461678183,923461678183,923009998881,410011806702571,35678901734340,2026-04-03 17:42:45,2026-04-03 17:42:45,OUTGOING,2292455,1573,576,CELL-MT-03,31.483378,74.322771,GPRS,Model Town
923001110001,923001110001,923009998881,410017586932547,35678901106466,2026-04-04 00:46:51,2026-04-04 00:46:51,OUTGOING,4599649,6384,746,CELL-DHA-05,31.468064,74.407951,GPRS,DHA Phase 5
923451112233,923451112233,923009998888,410015575345938,35678901870479,2026-04-02 20:57:31,2026-04-02 20:57:31,OUTGOING,6123013,8884,909,CELL-LB-02,31.511626,74.345498,GPRS,Liberty Market
923451112233,923451112233,923009998883,410019930176214,35678901436295,2026-04-02 07:00:30,2026-04-02 07:00:46,OUTGOING,0,5257,961,CELL-GLB-01,31.521832,74.357923,VOLTE,Gulberg
923461678183,923461678183,923009998883,410015700773207,35678901205045,2026-04-02 14:02:51,2026-04-02 14:02:51,OUTGOING,2687769,3100,121,CELL-GLB-01,31.520578,74.359097,GPRS,Gulberg
923001110001,923001110001,923009998887,410012871508911,35678901970230,2026-04-03 18:12:47,2026-04-03 18:24:58,OUTGOING,0,3888,944,CELL-MT-03,31.485004,74.324685,VOLTE,Model Town
923001110002,923009998887,923001110002,410019993509616,35678901199317,2026-04-02 07:03:23,2026-04-02 07:03:23,INCOMING,6585561,7346,780,CELL-MT-03,31.484221,74.32344,GPRS,Model Town
923001110001,923009998887,923001110001,410015626571543,35678901506614,2026-04-03 18:24:16,2026-04-03 18:24:16,INCOMING,7158649,3299,697,CELL-ARP-08,31.522428,74.402768,GPRS,Airport Road
923461678183,923461678183,923009998883,410015822055565,35678901344715,2026-04-03 04:20:54,2026-04-03 04:20:54,OUTGOING,0,6798,561,CELL-ARP-08,31.521894,74.402709,CALL,Airport Road
923461678183,923009998886,923461678183,410018081625582,35678901622948,2026-04-02 07:06:51,2026-04-02 07:06:51,INCOMING,5860104,1101,731,CELL-ARP-08,31.520688,74.404729,GPRS,Airport Road
923461678183,923009998885,923461678183,410015756947742,35678901126926,2026-04-03 04:28:06,2026-04-03 04:28:06,INCOMING,7131472,9930,548,CELL-LB-02,31.511741,74.342183,GPRS,Liberty Market
923461678183,923461678183,923009998887,410016475617852,35678901959928,2026-04-02 14:16:20,2026-04-02 14:16:46,OUTGOING,0,1223,303,CELL-MT-03,31.483786,74.322957,CALL,Model Town
923461678183,923009998888,923461678183,410011981349912,35678901949511,2026-04-03 11:45:03,2026-04-03 11:45:03,INCOMING,0,5373,428,CELL-LB-02,31.509093,74.342592,SMS,Liberty Market
923001110001,923009998882,923001110001,410017676600142,35678901841012,2026-04-02 21:30:42,2026-04-02 22:00:40,INCOMING,0,7401,445,CELL-MT-03,31.484839,74.324608,CALL,Model Town
923451112233,923009998882,923451112233,410011746923353,35678901795841,2026-04-03 11:55:48,2026-04-03 11:55:48,INCOMING,7026398,6198,995,CELL-DHA-05,31.470048,74.409997,GPRS,DHA Phase 5
923001110002,923009998884,923001110002,410015120537187,35678901162384,2026-04-03 12:00:12,2026-04-03 12:27:14,INCOMING,0,6801,724,CELL-ARP-08,31.523391,74.401859,CALL,Airport Road
923001110002,923001110002,923009998885,410014182472641,35678901911057,2026-04-03 12:05:47,2026-04-03 12:05:47,OUTGOING,3855547,2916,215,CELL-MT-03,31.482213,74.323427,GPRS,Model Town
923001110002,923001110002,923009998888,410017042280237,35678901883926,2026-04-03 19:24:05,2026-04-03 19:24:05,OUTGOING,0,4271,403,CELL-DHA-05,31.471489,74.408314,SMS,DHA Phase 5
923001110001,923001110001,923009998881,410012500645656,35678901115295,2026-04-03 19:30:57,2026-04-03 19:30:57,OUTGOING,7908924,3018,280,CELL-MT-03,31.481486,74.320929,GPRS,Model Town
923331234567,923331234567,923009998881,410016556336064,35678901506254,2026-04-02 21:48:53,2026-04-02 22:04:51,OUTGOING,0,3340,126,CELL-MT-03,31.484944,74.32145,CALL,Model Town
923001110001,923009998886,923001110001,410018746920519,35678901994086,2026-04-02 14:34:41,2026-04-02 14:34:41,INCOMING,6602774,9875,734,CELL-LB-02,31.509519,74.345576,GPRS,Liberty Market
923461678183,923009998888,923461678183,410019284975187,35678901680049,2026-04-03 19:48:04,2026-04-03 20:07:17,INCOMING,0,2840,381,CELL-DHA-05,31.470564,74.410431,CALL,DHA Phase 5
923001110003,923009998881,923001110003,410011556203282,35678901328727,2026-04-02 14:38:57,2026-04-02 14:45:54,INCOMING,0,7315,967,CELL-MT-03,31.483734,74.323529,CALL,Model Town
923461678183,923461678183,923009998881,410019389692689,35678901994608,2026-04-03 20:00:12,2026-04-03 20:00:12,OUTGOING,0,7102,733,CELL-LB-02,31.510598,74.3429,SMS,Liberty Market
923331234567,923331234567,923009998884,410019786835469,35678901502668,2026-04-02 07:21:45,2026-04-02 07:21:45,OUTGOING,0,4937,214,CELL-LB-02,31.510799,74.345812,SMS,Liberty Market
923461678183,923461678183,923009998888,410014430444088,35678901579487,2026-04-03 05:28:36,2026-04-03 05:28:36,OUTGOING,1698720,1502,561,CELL-LB-02,31.510449,74.345539,GPRS,Liberty Market
923331234567,923009998885,923331234567,410019529824693,35678901779300,2026-04-03 20:18:30,2026-04-03 20:18:30,INCOMING,1281327,3229,934,CELL-LB-02,31.50958,74.345029,GPRS,Liberty Market
923001110001,923001110001,923009998886,410015716340207,35678901641180,2026-04-02 14:48:19,2026-04-02 14:48:19,OUTGOING,1433813,2767,790,CELL-DHA-05,31.469022,74.408313,GPRS,DHA Phase 5
923461678183,923461678183,923009998887,410016990586461,35678901356622,2026-04-03 05:40:00,2026-04-03 06:08:39,OUTGOING,0,1245,395,CELL-MT-03,31.483895,74.322893,CALL,Model Town
923001110002,923001110002,923009998886,410013766228166,35678901144129,2026-04-03 20:36:07,2026-04-03 20:45:56,OUTGOING,0,1816,626,CELL-GLB-01,31.520328,74.358739,CALL,Gulberg
923001110002,923001110002,923009998883,410015933741080,35678901982366,2026-04-04 04:09:24,2026-04-04 04:24:24,OUTGOING,0,8461,475,CELL-LB-02,31.511482,74.344429,CALL,Liberty Market
923451112233,923451112233,923009998888,410013875776127,35678901948228,2026-04-03 20:48:03,2026-04-03 20:55:17,OUTGOING,0,7139,237,CELL-LB-02,31.508265,74.343735,CALL,Liberty Market
923451112233,923451112233,923009998881,410012986512908,35678901401789,2026-04-03 13:25:27,2026-04-03 13:25:27,OUTGOING,6159461,3753,922,CELL-MT-03,31.481731,74.321565,GPRS,Model Town
923001110002,923001110002,923009998886,410018458448352,35678901377036,2026-04-03 21:00:01,2026-04-03 21:00:01,OUTGOING,4554216,5296,750,CELL-ARP-08,31.522945,74.402561,GPRS,Airport Road
923001110003,923009998881,923001110003,410013935159198,35678901292568,2026-04-03 06:04:28,2026-04-03 06:04:28,INCOMING,4249643,2480,956,CELL-MT-03,31.483074,74.324721,GPRS,Model Town
923001110001,923009998881,923001110001,410016304833657,35678901139003,2026-04-02 07:32:39,2026-04-02 07:32:39,INCOMING,2614129,7645,382,CELL-GLB-01,31.518454,74.360128,GPRS,Gulberg
923461678183,923461678183,923009998885,410016372822793,35678901136803,2026-04-03 06:12:20,2026-04-03 06:21:18,OUTGOING,0,3395,429,CELL-GLB-01,31.518723,74.359107,CALL,Gulberg
923001110002,923009998885,923001110002,410013118406160,35678901675181,2026-04-03 21:24:18,2026-04-03 21:28:28,INCOMING,0,4069,607,CELL-LB-02,31.509779,74.345733,CALL,Liberty Market
923001110003,923009998881,923001110003,410018058379625,35678901697336,2026-04-03 21:30:08,2026-04-03 21:30:08,INCOMING,7524927,3213,736,CELL-ARP-08,31.520959,74.404323,GPRS,Airport Road
923331234567,923009998888,923331234567,410013208727202,35678901582930,2026-04-03 14:00:42,2026-04-03 14:19:25,INCOMING,0,4735,556,CELL-ARP-08,31.521333,74.403975,CALL,Airport Road
923331234567,923009998883,923331234567,410015876721954,35678901404320,2026-04-03 21:42:45,2026-04-03 22:01:53,INCOMING,0,3247,526,CELL-DHA-05,31.470109,74.411482,VOLTE,DHA Phase 5
923331234567,923009998888,923331234567,410014960715028,35678901971236,2026-04-03 21:48:46,2026-04-03 21:48:46,INCOMING,4813860,7644,286,CELL-DHA-05,31.469341,74.409344,GPRS,DHA Phase 5
923001110001,923009998882,923001110001,410018034868605,35678901705045,2026-04-03 06:36:44,2026-04-03 06:36:44,INCOMING,0,5514,378,CELL-GLB-01,31.520303,74.360537,SMS,Gulberg
923331234567,923009998887,923331234567,410019691696878,35678901250336,2026-04-03 22:00:16,2026-04-03 22:00:16,INCOMING,0,2304,405,CELL-LB-02,31.50883,74.343353,SMS,Liberty Market
923331234567,923331234567,923009998885,410013292994463,35678901863896,2026-04-03 06:44:40,2026-04-03 06:44:40,OUTGOING,0,2227,866,CELL-GLB-01,31.520731,74.360151,SMS,Gulberg
923001110002,923009998884,923001110002,410018516435762,35678901533849,2026-04-03 06:48:55,2026-04-03 06:48:55,INCOMING,0,9114,610,CELL-MT-03,31.483011,74.323963,SMS,Model Town
923001110003,923009998886,923001110003,410016519704802,35678901318288,2026-04-02 23:09:12,2026-04-02 23:09:12,INCOMING,4998936,8229,596,CELL-DHA-05,31.47076,74.41062,GPRS,DHA Phase 5
923461678183,923461678183,923009998882,410011121908930,35678901553313,2026-04-02 15:28:53,2026-04-02 15:28:53,OUTGOING,12501,4280,107,CELL-ARP-08,31.519668,74.401918,GPRS,Airport Road
923451112233,923009998883,923451112233,410019193722305,35678901259282,2026-04-04 06:15:17,2026-04-04 06:15:17,INCOMING,3078396,6346,334,CELL-MT-03,31.484685,74.322563,GPRS,Model Town
923001110003,923009998886,923001110003,410012926032057,35678901517216,2026-04-03 07:04:51,2026-04-03 07:05:07,INCOMING,0,3076,655,CELL-GLB-01,31.520223,74.359687,CALL,Gulberg
923001110001,923009998883,923001110001,410017033485619,35678901755031,2026-04-03 07:08:53,2026-04-03 07:38:03,INCOMING,0,6441,814,CELL-MT-03,31.483112,74.322922,VOLTE,Model Town
923451112233,923451112233,923009998887,410011198859800,35678901991906,2026-04-02 15:36:28,2026-04-02 16:05:46,OUTGOING,0,4730,960,CELL-GLB-01,31.519833,74.358793,CALL,Gulberg
923001110003,923001110003,923009998882,410016759568906,35678901207953,2026-04-02 15:38:48,2026-04-02 15:38:48,OUTGOING,2281859,4826,773,CELL-GLB-01,31.518955,74.357431,GPRS,Gulberg
923001110003,923009998881,923001110003,410011040613856,35678901811108,2026-04-02 23:30:07,2026-04-02 23:30:07,INCOMING,3790228,3623,681,CELL-ARP-08,31.519877,74.402044,GPRS,Airport Road
923001110003,923009998883,923001110003,410019309822734,35678901825886,2026-04-02 07:51:58,2026-04-02 07:51:58,INCOMING,848493,4085,885,CELL-DHA-05,31.470165,74.410316,GPRS,DHA Phase 5
923001110002,923001110002,923009998881,410014278427283,35678901183778,2026-04-03 07:28:38,2026-04-03 07:28:38,OUTGOING,0,8998,184,CELL-GLB-01,31.518467,74.357822,SMS,Gulberg
923461678183,923009998881,923461678183,410016946533076,35678901474208,2026-04-02 07:53:50,2026-04-02 07:53:50,INCOMING,0,9334,867,CELL-MT-03,31.483627,74.32228,SMS,Model Town
923001110003,923009998883,923001110003,410018052799328,35678901991080,2026-04-02 23:42:14,2026-04-02 23:42:14,INCOMING,1073947,6630,483,CELL-DHA-05,31.468371,74.411537,GPRS,DHA Phase 5
923001110001,923009998885,923001110001,410018431931218,35678901124660,2026-04-02 07:55:06,2026-04-02 07:55:06,INCOMING,6382924,9522,542,CELL-LB-02,31.511951,74.343714,GPRS,Liberty Market
923331234567,923009998885,923331234567,410018024349499,35678901837187,2026-04-02 23:48:44,2026-04-02 23:48:44,INCOMING,4358232,9522,171,CELL-ARP-08,31.519777,74.404284,GPRS,Airport Road
923461678183,923461678183,923009998886,410016060228899,35678901966790,2026-04-02 23:51:51,2026-04-02 23:51:51,OUTGOING,0,3341,971,CELL-GLB-01,31.520071,74.357308,SMS,Gulberg
923461678183,923009998881,923461678183,410018650388682,35678901750738,2026-04-04 07:46:26,2026-04-04 08:02:41,INCOMING,0,1684,692,CELL-DHA-05,31.469562,74.410985,VOLTE,DHA Phase 5
923331234567,923331234567,923009998887,410016698156340,35678901397706,2026-04-03 15:55:22,2026-04-03 15:55:22,OUTGOING,0,5457,958,CELL-LB-02,31.510231,74.344315,VOLTE,Liberty Market
923461678183,923461678183,923009998883,410012954977848,35678901159557,2026-04-04 00:00:24,2026-04-04 00:00:24,OUTGOING,0,2441,749,CELL-GLB-01,31.521412,74.358918,SMS,Gulberg
923001110002,923001110002,923009998883,410018245777179,35678901321916,2026-04-02 16:02:41,2026-04-02 16:02:41,OUTGOING,6095152,7107,428,CELL-ARP-08,31.522982,74.405298,GPRS,Airport Road
923001110002,923001110002,923009998881,410017848258345,35678901147580,2026-04-02 08:02:50,2026-04-02 08:20:23,OUTGOING,0,7568,995,CELL-DHA-05,31.468297,74.408175,CALL,DHA Phase 5
923451112233,923451112233,923009998881,410015360761296,35678901513534,2026-04-04 08:21:00,2026-04-04 08:21:00,OUTGOING,5294142,5642,406,CELL-ARP-08,31.520871,74.403343,GPRS,Airport Road
923451112233,923009998882,923451112233,410014737521306,35678901546795,2026-04-04 08:28:49,2026-04-04 08:28:49,INCOMING,1849130,8238,910,CELL-LB-02,31.510072,74.345407,GPRS,Liberty Market
923001110003,923009998887,923001110003,410014525014986,35678901554257,2026-04-04 08:35:30,2026-04-04 08:35:30,INCOMING,523895,5122,531,CELL-LB-02,31.509893,74.34399,GPRS,Liberty Market
923001110001,923009998882,923001110001,410012573310696,35678901468154,2026-04-02 16:12:40,2026-04-02 16:12:40,INCOMING,5074614,3137,174,CELL-DHA-05,31.468811,74.408614,GPRS,DHA Phase 5
923451112233,923451112233,923009998882,410015458168683,35678901406629,2026-04-04 00:42:59,2026-04-04 00:42:59,OUTGOING,0,4917,141,CELL-DHA-05,31.469503,74.409994,SMS,DHA Phase 5
923001110002,923009998884,923001110002,410017127194575,35678901617194,2026-04-04 08:56:32,2026-04-04 09:25:10,INCOMING,0,7122,475,CELL-MT-03,31.481996,74.321343,CALL,Model Town
923451112233,923009998888,923451112233,410019438914660,35678901975720,2026-04-03 16:45:11,2026-04-03 16:45:11,INCOMING,0,7065,133,CELL-MT-03,31.483776,74.321458,SMS,Model Town
923461678183,923461678183,923009998883,410016577678549,35678901194995,2026-04-03 08:40:23,2026-04-03 08:40:23,OUTGOING,0,7268,954,CELL-LB-02,31.509341,74.344131,SMS,Liberty Market
923001110002,923001110002,923009998884,410017411875126,35678901912544,2026-04-03 00:33:10,2026-04-03 00:33:10,OUTGOING,1779811,7965,362,CELL-GLB-01,31.521545,74.359211,GPRS,Gulberg
923001110001,923009998883,923001110001,410018128496885,35678901880463,2026-04-02 08:12:14,2026-04-02 08:12:14,INCOMING,3997132,5325,508,CELL-LB-02,31.510188,74.34265,GPRS,Liberty Market
923461678183,923461678183,923009998884,410014804160369,35678901600804,2026-04-03 00:39:33,2026-04-03 00:39:33,OUTGOING,5556286,4964,763,CELL-ARP-08,31.520736,74.404513,GPRS,Airport Road
923001110001,923001110001,923009998887,410011939795678,35678901281743,2026-04-04 01:24:53,2026-04-04 01:24:53,OUTGOING,2536386,3234,792,CELL-GLB-01,31.52204,74.359311,GPRS,Gulberg
923331234567,923331234567,923009998887,410014584923608,35678901232013,2026-04-03 09:00:56,2026-04-03 09:12:21,OUTGOING,0,8790,197,CELL-GLB-01,31.519745,74.359837,VOLTE,Gulberg
923001110002,923009998885,923001110002,410012435173248,35678901384109,2026-04-02 16:32:21,2026-04-02 16:37:13,INCOMING,0,7809,933,CELL-GLB-01,31.518404,74.358409,VOLTE,Gulberg
923331234567,923331234567,923009998885,410018934034165,35678901109353,2026-04-03 09:08:27,2026-04-03 09:08:27,OUTGOING,4627781,8837,895,CELL-MT-03,31.482988,74.322258,GPRS,Model Town
923001110001,923009998884,923001110001,410017986103905,35678901552345,2026-04-03 09:12:47,2026-04-03 09:12:47,INCOMING,0,4600,419,CELL-DHA-05,31.470661,74.408613,SMS,DHA Phase 5
923451112233,923451112233,923009998888,410013782021809,35678901111567,2026-04-04 01:54:27,2026-04-04 01:54:27,OUTGOING,5393617,7933,724,CELL-DHA-05,31.469089,74.409544,GPRS,DHA Phase 5
923001110002,923001110002,923009998885,410011144311703,35678901106009,2026-04-02 08:20:24,2026-04-02 08:20:24,OUTGOING,4087751,1379,549,CELL-DHA-05,31.467822,74.411511,GPRS,DHA Phase 5
923451112233,923451112233,923009998888,410014299581209,35678901184202,2026-04-02 08:21:09,2026-04-02 08:21:09,OUTGOING,1911032,5175,995,CELL-LB-02,31.509274,74.345846,GPRS,Liberty Market
923331234567,923331234567,923009998886,410017600677139,35678901729545,2026-04-02 16:44:54,2026-04-02 16:54:14,OUTGOING,0,1523,638,CELL-ARP-08,31.523223,74.402255,VOLTE,Airport Road
923001110002,923009998887,923001110002,410015811098688,35678901168258,2026-04-03 01:09:25,2026-04-03 01:09:25,INCOMING,5804009,3267,437,CELL-DHA-05,31.469479,74.411142,GPRS,DHA Phase 5
923001110002,923001110002,923009998882,410013614173076,35678901918823,2026-04-04 10:48:53,2026-04-04 10:48:53,OUTGOING,2413251,1227,151,CELL-ARP-08,31.52122,74.403144,GPRS,Airport Road
923001110001,923001110001,923009998883,410012310608164,35678901273188,2026-04-03 09:40:33,2026-04-03 09:42:56,OUTGOING,0,8832,216,CELL-MT-03,31.482652,74.323839,VOLTE,Model Town
923001110003,923001110003,923009998887,410013814777449,35678901613516,2026-04-02 08:26:44,2026-04-02 08:26:44,OUTGOING,23951,6823,170,CELL-GLB-01,31.521286,74.357302,GPRS,Gulberg
923001110002,923009998881,923001110002,410013102711143,35678901817939,2026-04-03 09:48:43,2026-04-03 10:08:09,INCOMING,0,2019,377,CELL-GLB-01,31.518658,74.359545,CALL,Gulberg
923001110001,923009998882,923001110001,410017997649790,35678901322340,2026-04-02 08:28:40,2026-04-02 08:28:40,INCOMING,7796240,7720,941,CELL-GLB-01,31.521522,74.359456,GPRS,Gulberg
923001110003,923009998885,923001110003,410012287903656,35678901153802,2026-04-02 16:58:46,2026-04-02 16:58:46,INCOMING,2858458,6208,235,CELL-GLB-01,31.519181,74.359509,GPRS,Gulberg
923001110001,923001110001,923009998882,410018155129979,35678901835259,2026-04-02 17:00:53,2026-04-02 17:00:53,OUTGOING,7094580,7040,130,CELL-GLB-01,31.521908,74.357968,GPRS,Gulberg
923001110002,923001110002,923009998886,410015729484294,35678901712131,2026-04-04 03:06:22,2026-04-04 03:12:10,OUTGOING,0,8407,882,CELL-DHA-05,31.47084,74.408493,CALL,DHA Phase 5
923331234567,923009998885,923331234567,410013198368105,35678901639784,2026-04-02 08:32:21,2026-04-02 08:32:21,INCOMING,2616515,1179,866,CELL-GLB-01,31.521374,74.359334,GPRS,Gulberg
923001110001,923009998882,923001110001,410014340052091,35678901560895,2026-04-03 10:12:11,2026-04-03 10:12:11,INCOMING,4237590,1257,830,CELL-ARP-08,31.522296,74.403341,GPRS,Airport Road
923001110002,923009998884,923001110002,410019379221448,35678901989482,2026-04-02 08:34:01,2026-04-02 08:34:50,INCOMING,0,1379,465,CELL-ARP-08,31.521467,74.402726,CALL,Airport Road
923001110001,923009998882,923001110001,410015384366981,35678901179348,2026-04-02 17:10:54,2026-04-02 17:30:22,INCOMING,0,5329,788,CELL-DHA-05,31.471325,74.409928,CALL,DHA Phase 5
923001110003,923001110003,923009998882,410017281099611,35678901274903,2026-04-03 19:00:16,2026-04-03 19:00:16,OUTGOING,691075,4740,394,CELL-MT-03,31.481445,74.324858,GPRS,Model Town
923001110003,923009998881,923001110003,410019241024332,35678901347780,2026-04-03 10:28:03,2026-04-03 10:28:03,INCOMING,7124692,8043,526,CELL-LB-02,31.509979,74.344066,GPRS,Liberty Market
923461678183,923009998882,923461678183,410013931590271,35678901515592,2026-04-02 08:38:26,2026-04-02 08:38:26,INCOMING,0,3225,286,CELL-GLB-01,31.518575,74.359504,SMS,Gulberg
923331234567,923009998884,923331234567,410013720098402,35678901700677,2026-04-03 10:36:28,2026-04-03 10:36:28,INCOMING,2364131,2428,786,CELL-DHA-05,31.470555,74.408125,GPRS,DHA Phase 5
923001110002,923001110002,923009998886,410018698898283,35678901330387,2026-04-02 17:20:27,2026-04-02 17:20:27,OUTGOING,5632607,8871,695,CELL-DHA-05,31.469914,74.40847,GPRS,DHA Phase 5
923001110003,923009998882,923001110003,410012428273132,35678901449376,2026-04-04 12:47:04,2026-04-04 13:15:15,INCOMING,0,5695,202,CELL-DHA-05,31.470548,74.410137,VOLTE,DHA Phase 5
923001110001,923001110001,923009998887,410013156191807,35678901741107,2026-04-02 17:24:03,2026-04-02 17:24:03,OUTGOING,801739,9013,248,CELL-LB-02,31.511877,74.342861,GPRS,Liberty Market
923461678183,923009998885,923461678183,410013704085992,35678901855414,2026-04-03 02:09:44,2026-04-03 02:09:44,INCOMING,2203572,3736,500,CELL-ARP-08,31.521773,74.402764,GPRS,Airport Road
923001110003,923001110003,923009998887,410016643182082,35678901574629,2026-04-03 19:40:50,2026-04-03 19:40:50,OUTGOING,0,1873,510,CELL-MT-03,31.484579,74.324829,SMS,Model Town
923451112233,923451112233,923009998888,410018694784958,35678901194894,2026-04-03 19:45:33,2026-04-03 19:45:33,OUTGOING,2789627,9669,462,CELL-ARP-08,31.523057,74.40466,GPRS,Airport Road
923001110002,923001110002,923009998886,410014986914285,35678901376597,2026-04-04 13:22:34,2026-04-04 13:22:34,OUTGOING,214907,1936,291,CELL-LB-02,31.511214,74.34463,GPRS,Liberty Market
923001110002,923009998881,923001110002,410013583708646,35678901260714,2026-04-03 19:55:35,2026-04-03 19:55:35,INCOMING,7655887,2468,151,CELL-GLB-01,31.52134,74.358819,GPRS,Gulberg
923001110003,923009998881,923001110003,410014264533872,35678901729572,2026-04-04 13:36:44,2026-04-04 13:37:31,INCOMING,0,8151,139,CELL-LB-02,31.509315,74.342681,CALL,Liberty Market
923001110001,923009998885,923001110001,410018135731098,35678901857717,2026-04-03 02:27:51,2026-04-03 02:27:51,INCOMING,6510879,4540,621,CELL-DHA-05,31.471023,74.408254,GPRS,DHA Phase 5
923001110002,923001110002,923009998888,410019142109836,35678901697767,2026-04-03 02:30:51,2026-04-03 02:36:47,OUTGOING,0,9241,143,CELL-DHA-05,31.47037,74.409516,VOLTE,DHA Phase 5
923001110002,923009998888,923001110002,410014638703597,35678901754226,2026-04-03 11:24:26,2026-04-03 11:24:26,INCOMING,0,6324,807,CELL-MT-03,31.484569,74.323714,SMS,Model Town
923461678183,923461678183,923009998882,410016527666374,35678901503839,2026-04-04 14:04:10,2026-04-04 14:04:10,OUTGOING,0,3435,210,CELL-GLB-01,31.519202,74.357794,SMS,Gulberg
923451112233,923451112233,923009998888,410015251074275,35678901780830,2026-04-03 02:39:00,2026-04-03 02:39:00,OUTGOING,6093054,3644,931,CELL-DHA-05,31.468308,74.409085,GPRS,DHA Phase 5
923451112233,923451112233,923009998881,410011721782157,35678901567876,2026-04-02 17:48:01,2026-04-02 18:07:38,OUTGOING,0,6681,775,CELL-MT-03,31.484656,74.323787,CALL,Model Town
923331234567,923009998881,923331234567,410016861844946,35678901603196,2026-04-04 05:30:48,2026-04-04 05:30:48,INCOMING,7038637,5087,324,CELL-DHA-05,31.471421,74.410743,GPRS,DHA Phase 5
923451112233,923451112233,923009998885,410014211513186,35678901109589,2026-04-04 14:32:03,2026-04-04 14:45:34,OUTGOING,0,9469,712,CELL-MT-03,31.484395,74.322411,CALL,Model Town
923461678183,923461678183,923009998888,410012978116188,35678901726558,2026-04-03 11:48:25,2026-04-03 12:14:48,OUTGOING,0,4579,972,CELL-DHA-05,31.468002,74.409289,VOLTE,DHA Phase 5
923331234567,923331234567,923009998885,410016538728062,35678901822766,2026-04-03 20:50:25,2026-04-03 20:50:25,OUTGOING,2154149,5456,249,CELL-ARP-08,31.522635,74.404078,GPRS,Airport Road
923461678183,923461678183,923009998881,410013988593434,35678901737175,2026-04-04 05:54:15,2026-04-04 05:54:15,OUTGOING,3498185,4934,276,CELL-LB-02,31.511077,74.342538,GPRS,Liberty Market
923001110003,923009998883,923001110003,410018553660550,35678901610905,2026-04-03 12:00:43,2026-04-03 12:25:52,INCOMING,0,7822,748,CELL-DHA-05,31.468009,74.410052,VOLTE,DHA Phase 5
923451112233,923009998885,923451112233,410015386819621,35678901685784,2026-04-02 09:01:05,2026-04-02 09:01:05,INCOMING,862016,3038,859,CELL-DHA-05,31.469067,74.410075,GPRS,DHA Phase 5
923451112233,923009998884,923451112233,410019328272815,35678901277460,2026-04-04 15:14:47,2026-04-04 15:28:49,INCOMING,0,9114,895,CELL-DHA-05,31.469907,74.411531,CALL,DHA Phase 5
923451112233,923009998881,923451112233,410012226109646,35678901523422,2026-04-03 21:15:43,2026-04-03 21:15:43,INCOMING,6823399,3848,275,CELL-ARP-08,31.522638,74.404527,GPRS,Airport Road
923331234567,923331234567,923009998884,410015410851773,35678901998081,2026-04-02 18:08:50,2026-04-02 18:08:50,OUTGOING,6244200,3926,321,CELL-DHA-05,31.469017,74.409121,GPRS,DHA Phase 5
923001110002,923009998881,923001110002,410011111813449,35678901383172,2026-04-03 03:15:41,2026-04-03 03:15:41,INCOMING,0,1030,659,CELL-DHA-05,31.468823,74.407949,SMS,DHA Phase 5
923001110003,923001110003,923009998881,410013811015387,35678901763883,2026-04-04 15:42:15,2026-04-04 16:08:21,OUTGOING,0,2699,405,CELL-GLB-01,31.519797,74.36013,CALL,Gulberg
923001110001,923001110001,923009998884,410015865595403,35678901926756,2026-04-03 03:21:46,2026-04-03 03:21:46,OUTGOING,3221931,4238,733,CELL-DHA-05,31.468775,74.409765,GPRS,DHA Phase 5
923331234567,923331234567,923009998887,410016238059214,35678901410257,2026-04-04 06:48:52,2026-04-04 06:48:52,OUTGOING,7494103,3772,259,CELL-DHA-05,31.469597,74.41,GPRS,DHA Phase 5
923461678183,923461678183,923009998888,410016958049411,35678901341695,2026-04-03 21:45:06,2026-04-03 21:45:06,OUTGOING,6044871,1558,866,CELL-ARP-08,31.521927,74.403682,GPRS,Airport Road
923461678183,923009998882,923461678183,410018658185406,35678901430770,2026-04-03 03:30:16,2026-04-03 03:30:47,INCOMING,0,9614,880,CELL-ARP-08,31.520159,74.4043,CALL,Airport Road
923461678183,923009998882,923461678183,410011089471293,35678901329699,2026-04-03 21:55:59,2026-04-03 21:55:59,INCOMING,1831859,4776,250,CELL-MT-03,31.484008,74.322391,GPRS,Model Town
923451112233,923451112233,923009998882,410011826682622,35678901641428,2026-04-04 07:12:24,2026-04-04 07:12:24,OUTGOING,0,7545,579,CELL-DHA-05,31.467901,74.410312,CALL,DHA Phase 5
923451112233,923009998887,923451112233,410014365623447,35678901729884,2026-04-04 07:18:54,2026-04-04 07:18:54,INCOMING,0,2899,234,CELL-LB-02,31.511886,74.344957,VOLTE,Liberty Market
923451112233,923009998883,923451112233,410015342773312,35678901163192,2026-04-04 16:38:42,2026-04-04 16:38:42,INCOMING,5865529,8203,737,CELL-GLB-01,31.520113,74.359638,GPRS,Gulberg
923331234567,923009998886,923331234567,410019390080588,35678901723205,2026-04-02 09:15:12,2026-04-02 09:15:12,INCOMING,7967910,9701,329,CELL-MT-03,31.483393,74.322542,GPRS,Model Town
923461678183,923009998883,923461678183,410019320698633,35678901787151,2026-04-04 07:36:34,2026-04-04 07:38:05,INCOMING,0,6548,732,CELL-GLB-01,31.520797,74.3571,CALL,Gulberg
923451112233,923009998884,923451112233,410016981251706,35678901621242,2026-04-04 07:42:37,2026-04-04 07:42:37,INCOMING,1907099,7006,195,CELL-ARP-08,31.520039,74.403274,GPRS,Airport Road
923331234567,923009998881,923331234567,410013779212742,35678901350689,2026-04-03 22:30:45,2026-04-03 22:30:45,INCOMING,6964705,4119,267,CELL-GLB-01,31.522277,74.358747,GPRS,Gulberg
923461678183,923009998882,923461678183,410016490577427,35678901105425,2026-04-04 17:13:46,2026-04-04 17:41:46,INCOMING,0,6091,435,CELL-DHA-05,31.467912,74.409822,VOLTE,DHA Phase 5
923001110003,923009998882,923001110003,410017605908709,35678901949812,2026-04-03 13:20:41,2026-04-03 13:20:41,INCOMING,3407024,9730,575,CELL-DHA-05,31.469688,74.410595,GPRS,DHA Phase 5
923461678183,923461678183,923009998886,410012362388835,35678901954097,2026-04-04 08:06:12,2026-04-04 08:06:12,OUTGOING,0,4843,201,CELL-DHA-05,31.469408,74.40812,CALL,DHA Phase 5
923461678183,923461678183,923009998883,410019688509494,35678901644300,2026-04-02 09:22:58,2026-04-02 09:22:58,OUTGOING,43866,5346,580,CELL-GLB-01,31.521442,74.357885,GPRS,Gulberg
923001110003,923009998887,923001110003,410014426562260,35678901545573,2026-04-04 08:18:39,2026-04-04 08:18:39,INCOMING,5520811,1496,480,CELL-GLB-01,31.519032,74.357084,GPRS,Gulberg
923001110002,923009998884,923001110002,410014829044777,35678901322401,2026-04-02 09:24:36,2026-04-02 09:24:36,INCOMING,5557889,3330,149,CELL-LB-02,31.509998,74.344126,GPRS,Liberty Market
923461678183,923009998886,923461678183,410014833184998,35678901471223,2026-04-03 23:05:50,2026-04-03 23:05:50,INCOMING,386238,6018,982,CELL-GLB-01,31.519155,74.357637,GPRS,Gulberg
923331234567,923009998881,923331234567,410016039016556,35678901683414,2026-04-04 18:02:13,2026-04-04 18:02:13,INCOMING,0,9682,815,CELL-ARP-08,31.521397,74.401784,SMS,Airport Road
923461678183,923009998888,923461678183,410012923300940,35678901128011,2026-04-02 09:27:59,2026-04-02 09:27:59,INCOMING,4261944,4983,390,CELL-GLB-01,31.521366,74.35837,GPRS,Gulberg
923451112233,923009998888,923451112233,410012516924712,35678901386582,2026-04-02 09:28:27,2026-04-02 09:28:27,INCOMING,918401,9550,250,CELL-ARP-08,31.523401,74.403685,GPRS,Airport Road
923461678183,923009998881,923461678183,410013977154326,35678901842577,2026-04-03 04:27:50,2026-04-03 04:32:26,INCOMING,0,1042,135,CELL-LB-02,31.512115,74.345941,CALL,Liberty Market
923331234567,923331234567,923009998883,410018715976330,35678901722858,2026-04-03 23:30:04,2026-04-03 23:30:04,OUTGOING,1563998,9719,857,CELL-DHA-05,31.469109,74.408072,GPRS,DHA Phase 5
923451112233,923451112233,923009998887,410012195237287,35678901514692,2026-04-02 09:31:14,2026-04-02 09:33:37,OUTGOING,0,9157,751,CELL-LB-02,31.512148,74.345729,CALL,Liberty Market
923331234567,923009998885,923331234567,410013829122943,35678901653779,2026-04-04 18:44:43,2026-04-04 18:53:21,INCOMING,0,2798,683,CELL-GLB-01,31.51949,74.35945,CALL,Gulberg
923451112233,923009998885,923451112233,410019318615758,35678901362953,2026-04-03 23:45:34,2026-04-03 23:45:34,INCOMING,7129424,6716,883,CELL-DHA-05,31.471415,74.409995,GPRS,DHA Phase 5
923001110002,923009998887,923001110002,410017549910676,35678901608364,2026-04-02 09:34:35,2026-04-02 09:46:48,INCOMING,0,6761,155,CELL-GLB-01,31.520634,74.357855,VOLTE,Gulberg
923451112233,923451112233,923009998886,410013348373280,35678901783494,2026-04-02 09:35:49,2026-04-02 09:35:49,OUTGOING,7903053,5631,586,CELL-DHA-05,31.468684,74.407707,GPRS,DHA Phase 5
923451112233,923451112233,923009998885,410011475796678,35678901319540,2026-04-04 19:12:07,2026-04-04 19:35:16,OUTGOING,0,7103,815,CELL-LB-02,31.510102,74.343499,VOLTE,Liberty Market
923331234567,923009998885,923331234567,410019013292064,35678901844934,2026-04-03 04:51:59,2026-04-03 05:16:31,INCOMING,0,5021,175,CELL-ARP-08,31.523348,74.40512,VOLTE,Airport Road
923001110002,923001110002,923009998887,410012176057810,35678901475138,2026-04-03 14:32:43,2026-04-03 14:32:43,OUTGOING,4545926,7862,429,CELL-DHA-05,31.470688,74.408824,GPRS,DHA Phase 5
923331234567,923009998883,923331234567,410014876990018,35678901726033,2026-04-04 00:15:30,2026-04-04 00:41:03,INCOMING,0,7871,802,CELL-DHA-05,31.470158,74.409818,VOLTE,DHA Phase 5
923001110001,923001110001,923009998884,410015093271089,35678901616268,2026-04-03 14:40:59,2026-04-03 14:40:59,OUTGOING,6145094,9938,221,CELL-DHA-05,31.471096,74.409525,GPRS,DHA Phase 5
923451112233,923451112233,923009998881,410016716777545,35678901964888,2026-04-02 09:41:54,2026-04-02 09:41:54,OUTGOING,7389884,4381,558,CELL-MT-03,31.485009,74.321934,GPRS,Model Town
923331234567,923331234567,923009998881,410013804468338,35678901721427,2026-04-04 10:12:44,2026-04-04 10:15:44,OUTGOING,0,8670,165,CELL-DHA-05,31.470922,74.411358,VOLTE,DHA Phase 5
923001110002,923009998882,923001110002,410018960413788,35678901664992,2026-04-04 00:35:20,2026-04-04 00:35:20,INCOMING,4936890,9004,321,CELL-DHA-05,31.469224,74.410393,GPRS,DHA Phase 5
923001110001,923001110001,923009998887,410013028153411,35678901951725,2026-04-03 05:12:58,2026-04-03 05:12:58,OUTGOING,2223833,5514,537,CELL-MT-03,31.482075,74.32259,GPRS,Model Town
923001110002,923009998886,923001110002,410015490418433,35678901603811,2026-04-04 10:30:56,2026-04-04 10:30:56,INCOMING,1730061,6769,310,CELL-LB-02,31.508532,74.345744,GPRS,Liberty Market
923461678183,923009998883,923461678183,410017447574089,35678901834657,2026-04-03 05:18:05,2026-04-03 05:33:33,INCOMING,0,8307,531,CELL-GLB-01,31.518861,74.358927,VOLTE,Gulberg
923331234567,923331234567,923009998881,410016317358570,35678901537961,2026-04-04 00:55:42,2026-04-04 01:07:22,OUTGOING,0,4706,608,CELL-ARP-08,31.520859,74.403972,CALL,Airport Road
923001110002,923009998887,923001110002,410014928145076,35678901903380,2026-04-03 05:24:15,2026-04-03 05:24:15,INCOMING,4100841,1436,905,CELL-MT-03,31.4832,74.324309,GPRS,Model Town
923331234567,923331234567,923009998883,410012901655755,35678901831555,2026-04-04 20:43:33,2026-04-04 20:43:33,OUTGOING,7215895,4874,977,CELL-GLB-01,31.522383,74.35887,GPRS,Gulberg
923001110003,923001110003,923009998885,410013171110783,35678901716059,2026-04-02 19:40:10,2026-04-02 19:40:10,OUTGOING,2052653,1866,775,CELL-GLB-01,31.521806,74.357816,GPRS,Gulberg
923001110002,923009998885,923001110002,410013127350364,35678901594417,2026-04-02 19:42:39,2026-04-02 19:50:32,INCOMING,0,6568,231,CELL-ARP-08,31.521905,74.404036,CALL,Airport Road
923331234567,923009998881,923331234567,410011502923453,35678901141712,2026-04-04 21:04:37,2026-04-04 21:04:37,INCOMING,4976117,1421,717,CELL-ARP-08,31.52195,74.404393,GPRS,Airport Road
923001110001,923001110001,923009998884,410011195817151,35678901959485,2026-04-04 01:25:32,2026-04-04 01:25:32,OUTGOING,0,3602,250,CELL-GLB-01,31.519236,74.359755,SMS,Gulberg
923451112233,923451112233,923009998882,410018397089601,35678901681426,2026-04-02 19:48:55,2026-04-02 19:54:49,OUTGOING,0,2804,608,CELL-ARP-08,31.521834,74.404791,CALL,Airport Road
923451112233,923009998885,923451112233,410019615506542,35678901294734,2026-04-03 15:40:04,2026-04-03 15:40:04,INCOMING,6838590,6868,658,CELL-GLB-01,31.522054,74.357399,GPRS,Gulberg
923461678183,923009998885,923461678183,410011740389755,35678901776866,2026-04-04 11:36:53,2026-04-04 11:36:53,INCOMING,758197,7214,556,CELL-LB-02,31.510582,74.344498,GPRS,Liberty Market
923451112233,923451112233,923009998883,410017128183897,35678901891989,2026-04-03 15:48:23,2026-04-03 15:48:23,OUTGOING,6812610,1040,947,CELL-LB-02,31.510851,74.3438,GPRS,Liberty Market
923001110001,923009998887,923001110001,410016103489755,35678901657915,2026-04-02 09:58:04,2026-04-02 09:58:04,INCOMING,7075251,2105,928,CELL-DHA-05,31.469965,74.411003,GPRS,DHA Phase 5
923451112233,923009998886,923451112233,410015075386097,35678901435597,2026-04-04 01:55:24,2026-04-04 02:22:29,INCOMING,0,8098,250,CELL-GLB-01,31.51886,74.357019,CALL,Gulberg
923001110002,923009998882,923001110002,410013010476730,35678901430011,2026-04-04 22:00:24,2026-04-04 22:27:04,INCOMING,0,3997,310,CELL-MT-03,31.481924,74.323782,VOLTE,Model Town
923461678183,923461678183,923009998885,410018574720820,35678901979149,2026-04-02 10:01:05,2026-04-02 10:01:05,OUTGOING,0,6434,641,CELL-LB-02,31.510282,74.345005,CALL,Liberty Market
923001110003,923001110003,923009998883,410019864873555,35678901505746,2026-04-03 16:08:37,2026-04-03 16:15:09,OUTGOING,0,3154,656,CELL-ARP-08,31.522475,74.403364,CALL,Airport Road
923461678183,923009998885,923461678183,410013015171219,35678901910110,2026-04-04 02:15:06,2026-04-04 02:15:06,INCOMING,4436847,3052,389,CELL-ARP-08,31.520613,74.405151,GPRS,Airport Road
923001110001,923009998888,923001110001,410014498722079,35678901500792,2026-04-04 12:24:36,2026-04-04 12:24:36,INCOMING,0,5838,833,CELL-LB-02,31.50914,74.34383,VOLTE,Liberty Market
923461678183,923009998884,923461678183,410017512344078,35678901845604,2026-04-04 22:35:57,2026-04-04 22:56:21,INCOMING,0,7214,485,CELL-LB-02,31.511144,74.344854,CALL,Liberty Market
923451112233,923451112233,923009998883,410012063917378,35678901377682,2026-04-03 16:24:55,2026-04-03 16:32:40,OUTGOING,0,8090,274,CELL-GLB-01,31.519501,74.358694,CALL,Gulberg
923001110001,923001110001,923009998888,410016207642604,35678901200612,2026-04-03 16:28:09,2026-04-03 16:28:09,OUTGOING,6958699,5875,678,CELL-MT-03,31.482633,74.321488,GPRS,Model Town
923451112233,923009998881,923451112233,410011005471962,35678901948432,2026-04-02 10:08:45,2026-04-02 10:08:45,INCOMING,0,4574,945,CELL-ARP-08,31.521624,74.402633,SMS,Airport Road
923451112233,923009998886,923451112233,410016642971350,35678901956671,2026-04-03 16:36:18,2026-04-03 16:36:18,INCOMING,5013249,3798,233,CELL-ARP-08,31.52054,74.403691,GPRS,Airport Road
923451112233,923451112233,923009998888,410013378363267,35678901576373,2026-04-02 10:10:15,2026-04-02 10:10:15,OUTGOING,0,8620,342,CELL-DHA-05,31.468649,74.408187,SMS,DHA Phase 5
923001110001,923001110001,923009998884,410019753982920,35678901475805,2026-04-04 23:17:48,2026-04-04 23:17:48,OUTGOING,2207666,1295,871,CELL-DHA-05,31.471398,74.409395,GPRS,DHA Phase 5
923001110001,923009998885,923001110001,410015014620944,35678901804771,2026-04-03 16:48:34,2026-04-03 16:48:34,INCOMING,6813394,2168,419,CELL-LB-02,31.509558,74.344851,GPRS,Liberty Market
923001110001,923001110001,923009998886,410013140087833,35678901454209,2026-04-04 13:18:56,2026-04-04 13:18:56,OUTGOING,0,2838,232,CELL-MT-03,31.481307,74.321643,SMS,Model Town
923461678183,923009998888,923461678183,410012995604533,35678901192685,2026-04-03 06:42:24,2026-04-03 06:42:24,INCOMING,7304618,5274,722,CELL-GLB-01,31.519984,74.356748,GPRS,Gulberg
923001110001,923001110001,923009998886,410013835619680,35678901184089,2026-04-03 06:45:07,2026-04-03 07:02:16,OUTGOING,0,9805,254,CELL-ARP-08,31.521793,74.402922,CALL,Airport Road
923001110002,923001110002,923009998888,410011182347303,35678901204416,2026-04-04 23:52:49,2026-04-04 23:52:49,OUTGOING,5796839,2205,476,CELL-MT-03,31.482328,74.320981,GPRS,Model Town
923001110003,923001110003,923009998888,410012183007266,35678901162640,2026-04-04 23:59:16,2026-04-04 23:59:16,OUTGOING,0,3336,359,CELL-GLB-01,31.518599,74.358367,VOLTE,Gulberg
923451112233,923451112233,923009998882,410012963742232,35678901651352,2026-04-02 20:36:31,2026-04-02 20:36:31,OUTGOING,5286836,7352,677,CELL-GLB-01,31.522083,74.35857,GPRS,Gulberg
923001110003,923009998883,923001110003,410019115330513,35678901351187,2026-04-04 03:35:34,2026-04-04 03:35:34,INCOMING,6746919,4971,394,CELL-MT-03,31.484157,74.3236,GPRS,Model Town
923461678183,923009998881,923461678183,410016654191522,35678901540625,2026-04-02 10:20:00,2026-04-02 10:20:00,INCOMING,6557151,4864,306,CELL-MT-03,31.484654,74.32479,GPRS,Model Town
923451112233,923451112233,923009998884,410011187984972,35678901994317,2026-04-03 17:24:03,2026-04-03 17:24:03,OUTGOING,0,2212,465,CELL-MT-03,31.483052,74.324222,VOLTE,Model Town
923001110001,923001110001,923009998884,410011853767807,35678901772245,2026-04-05 00:34:34,2026-04-05 00:59:16,OUTGOING,0,4998,583,CELL-GLB-01,31.518625,74.359008,CALL,Gulberg
923001110001,923001110001,923009998881,410017234800841,35678901246363,2026-04-02 10:23:34,2026-04-02 10:39:13,OUTGOING,0,7797,106,CELL-ARP-08,31.519777,74.403011,CALL,Airport Road
923461678183,923009998887,923461678183,410017744225056,35678901818310,2026-04-04 14:24:18,2026-04-04 14:24:18,INCOMING,5229400,9255,730,CELL-ARP-08,31.520079,74.402701,GPRS,Airport Road
923331234567,923331234567,923009998887,410017151848385,35678901786485,2026-04-05 00:55:22,2026-04-05 00:55:22,OUTGOING,3413228,6099,947,CELL-GLB-01,31.520524,74.359307,GPRS,Gulberg
923461678183,923461678183,923009998884,410014094365486,35678901249843,2026-04-04 04:10:24,2026-04-04 04:14:41,OUTGOING,0,5556,510,CELL-LB-02,31.510388,74.345796,CALL,Liberty Market
923001110003,923001110003,923009998881,410018475864697,35678901869999,2026-04-04 14:42:26,2026-04-04 15:05:00,OUTGOING,0,3019,576,CELL-GLB-01,31.518735,74.356726,CALL,Gulberg
923001110003,923009998883,923001110003,410018155802543,35678901754284,2026-04-04 14:48:23,2026-04-04 14:48:23,INCOMING,353007,6352,350,CELL-ARP-08,31.521565,74.40318,GPRS,Airport Road
923451112233,923451112233,923009998888,410014986643898,35678901263921,2026-04-03 17:56:36,2026-04-03 17:56:36,OUTGOING,0,4194,476,CELL-LB-02,31.509864,74.343463,CALL,Liberty Market
923461678183,923461678183,923009998886,410011404629358,35678901757736,2026-04-03 07:30:00,2026-04-03 07:30:00,OUTGOING,2897536,5069,331,CELL-DHA-05,31.470143,74.410366,GPRS,DHA Phase 5
923331234567,923331234567,923009998884,410019847037345,35678901660763,2026-04-04 15:06:24,2026-04-04 15:24:38,OUTGOING,0,7102,361,CELL-GLB-01,31.51864,74.360036,VOLTE,Gulberg
923461678183,923461678183,923009998887,410019587575615,35678901761767,2026-04-03 18:08:55,2026-04-03 18:08:55,OUTGOING,0,5975,292,CELL-GLB-01,31.521609,74.358727,SMS,Gulberg
923001110003,923001110003,923009998886,410016495905933,35678901350880,2026-04-03 18:12:17,2026-04-03 18:12:17,OUTGOING,4978088,8268,924,CELL-DHA-05,31.471117,74.410071,GPRS,DHA Phase 5
923461678183,923009998886,923461678183,410015083296608,35678901839233,2026-04-05 01:58:25,2026-04-05 01:58:25,INCOMING,3931322,3735,534,CELL-DHA-05,31.470342,74.411426,GPRS,DHA Phase 5
923461678183,923009998887,923461678183,410013286283885,35678901339119,2026-04-04 04:55:20,2026-04-04 04:55:20,INCOMING,2505994,5800,771,CELL-ARP-08,31.519962,74.404269,GPRS,Airport Road
923001110003,923001110003,923009998882,410016283801200,35678901549719,2026-04-04 15:36:07,2026-04-04 15:49:46,OUTGOING,0,8431,914,CELL-GLB-01,31.52228,74.359337,CALL,Gulberg
923001110002,923001110002,923009998886,410015673269462,35678901465281,2026-04-03 18:28:37,2026-04-03 18:50:29,OUTGOING,0,1470,571,CELL-LB-02,31.5105,74.343919,CALL,Liberty Market
923001110003,923009998881,923001110003,410011023884171,35678901952670,2026-04-04 05:10:00,2026-04-04 05:10:00,INCOMING,0,8825,959,CELL-ARP-08,31.521759,74.404965,SMS,Airport Road
923001110002,923009998884,923001110002,410014135582997,35678901190028,2026-04-03 07:57:42,2026-04-03 07:57:42,INCOMING,0,5239,971,CELL-GLB-01,31.518956,74.358732,SMS,Gulberg
923001110003,923001110003,923009998886,410014213355911,35678901667458,2026-04-05 02:40:20,2026-04-05 02:40:20,OUTGOING,828179,4443,278,CELL-GLB-01,31.520401,74.360317,GPRS,Gulberg
923451112233,923009998884,923451112233,410016420359135,35678901290570,2026-04-04 05:25:43,2026-04-04 05:25:43,INCOMING,1177387,6487,887,CELL-DHA-05,31.470115,74.41115,GPRS,DHA Phase 5
923001110002,923001110002,923009998886,410018592929092,35678901740159,2026-04-04 16:12:34,2026-04-04 16:36:02,OUTGOING,0,5170,100,CELL-GLB-01,31.520521,74.357339,CALL,Gulberg
923001110003,923009998881,923001110003,410013816516186,35678901275163,2026-04-02 21:26:26,2026-04-02 21:40:31,INCOMING,0,5035,233,CELL-ARP-08,31.522842,74.403815,CALL,Airport Road
923001110003,923001110003,923009998883,410018002677210,35678901929742,2026-04-02 10:44:18,2026-04-02 10:44:18,OUTGOING,2135857,4411,664,CELL-LB-02,31.511115,74.342207,GPRS,Liberty Market
923331234567,923009998884,923331234567,410016922632700,35678901517047,2026-04-02 10:45:07,2026-04-02 11:06:09,INCOMING,0,2254,491,CELL-MT-03,31.482674,74.324058,CALL,Model Town
923001110003,923001110003,923009998884,410017141661944,35678901185804,2026-04-02 21:32:14,2026-04-02 21:44:37,OUTGOING,0,8990,890,CELL-ARP-08,31.521209,74.404971,VOLTE,Airport Road
923451112233,923009998887,923451112233,410018965831304,35678901446901,2026-04-04 05:55:07,2026-04-04 05:55:07,INCOMING,0,4253,279,CELL-GLB-01,31.52089,74.356814,SMS,Gulberg
923001110001,923001110001,923009998885,410015547606722,35678901457185,2026-04-02 21:36:46,2026-04-02 21:36:46,OUTGOING,0,2550,266,CELL-ARP-08,31.520922,74.403015,SMS,Airport Road
923331234567,923331234567,923009998886,410016603558110,35678901882493,2026-04-05 03:43:12,2026-04-05 03:43:12,OUTGOING,5942094,4515,990,CELL-DHA-05,31.46831,74.410412,GPRS,DHA Phase 5
923001110002,923001110002,923009998885,410013906207304,35678901494507,2026-04-04 17:00:48,2026-04-04 17:00:48,OUTGOING,2396189,9981,584,CELL-DHA-05,31.468354,74.410303,GPRS,DHA Phase 5
923461678183,923461678183,923009998888,410013560723028,35678901293309,2026-04-02 21:42:45,2026-04-02 21:57:18,OUTGOING,0,3221,662,CELL-MT-03,31.482337,74.323073,CALL,Model Town
923001110001,923001110001,923009998885,410015747326294,35678901800573,2026-04-02 10:52:48,2026-04-02 10:52:48,OUTGOING,0,3499,777,CELL-GLB-01,31.520506,74.359621,SMS,Gulberg
923461678183,923009998887,923461678183,410016825235132,35678901697997,2026-04-04 17:18:46,2026-04-04 17:18:46,INCOMING,0,3151,564,CELL-GLB-01,31.521123,74.358008,VOLTE,Gulberg
923001110002,923001110002,923009998885,410015305774253,35678901910210,2026-04-02 21:48:29,2026-04-02 21:48:29,OUTGOING,2848458,8233,509,CELL-MT-03,31.483213,74.323826,GPRS,Model Town
923001110003,923009998884,923001110003,410011989012857,35678901381292,2026-04-04 06:35:46,2026-04-04 06:35:46,INCOMING,0,1454,288,CELL-LB-02,31.510727,74.345747,CALL,Liberty Market
923461678183,923009998884,923461678183,410012094555095,35678901716471,2026-04-03 08:48:45,2026-04-03 08:48:45,INCOMING,1979606,5269,583,CELL-GLB-01,31.518728,74.357258,GPRS,Gulberg
923001110003,923009998883,923001110003,410017326266288,35678901669919,2026-04-02 21:54:22,2026-04-02 22:15:33,INCOMING,0,2271,134,CELL-LB-02,31.509086,74.34568,CALL,Liberty Market
923461678183,923009998888,923461678183,410019863677227,35678901479465,2026-04-05 04:46:36,2026-04-05 04:46:36,INCOMING,0,8262,719,CELL-MT-03,31.485036,74.321941,SMS,Model Town
923001110001,923001110001,923009998883,410013890063762,35678901866738,2026-04-04 17:54:08,2026-04-04 17:59:05,OUTGOING,0,9392,133,CELL-GLB-01,31.520722,74.35755,CALL,Gulberg
923451112233,923451112233,923009998883,410016818822199,35678901328032,2026-04-03 09:00:28,2026-04-03 09:00:28,OUTGOING,0,6277,287,CELL-DHA-05,31.470894,74.408268,SMS,DHA Phase 5
923001110002,923009998888,923001110002,410013780628339,35678901343276,2026-04-04 07:05:44,2026-04-04 07:05:44,INCOMING,6905407,2636,170,CELL-GLB-01,31.521275,74.359027,GPRS,Gulberg
923001110002,923009998885,923001110002,410014060160612,35678901817571,2026-04-02 22:04:06,2026-04-02 22:04:06,INCOMING,1224562,9571,583,CELL-DHA-05,31.471098,74.409239,GPRS,DHA Phase 5
923451112233,923009998885,923451112233,410011151341497,35678901949918,2026-04-04 18:18:27,2026-04-04 18:18:27,INCOMING,3099491,8328,653,CELL-ARP-08,31.520771,74.405554,GPRS,Airport Road
923331234567,923009998885,923331234567,410019445402784,35678901443431,2026-04-03 09:12:32,2026-04-03 09:25:58,INCOMING,0,4631,496,CELL-GLB-01,31.520373,74.360515,CALL,Gulberg
923001110003,923009998886,923001110003,410017730617675,35678901325691,2026-04-04 18:30:29,2026-04-04 18:30:29,INCOMING,7137684,3508,659,CELL-DHA-05,31.470176,74.409541,GPRS,DHA Phase 5
923461678183,923009998883,923461678183,410012736362229,35678901772895,2026-04-02 11:06:20,2026-04-02 11:30:08,INCOMING,0,2686,317,CELL-MT-03,31.482225,74.320909,CALL,Model Town
923331234567,923009998884,923331234567,410018820137594,35678901397118,2026-04-05 05:49:27,2026-04-05 05:50:16,INCOMING,0,4073,367,CELL-LB-02,31.509072,74.344033,CALL,Liberty Market
923451112233,923451112233,923009998881,410019905252950,35678901579188,2026-04-03 20:32:28,2026-04-03 20:32:28,OUTGOING,1896603,5394,664,CELL-LB-02,31.512094,74.344407,GPRS,Liberty Market
923331234567,923009998884,923331234567,410011613481453,35678901695059,2026-04-04 07:45:38,2026-04-04 07:45:38,INCOMING,2802510,2321,533,CELL-MT-03,31.481328,74.32429,GPRS,Model Town
923001110001,923001110001,923009998885,410013069409798,35678901627778,2026-04-04 19:00:19,2026-04-04 19:00:19,OUTGOING,3227722,7358,334,CELL-GLB-01,31.518693,74.357057,GPRS,Gulberg
923001110003,923001110003,923009998881,410013153731423,35678901818073,2026-04-05 06:17:11,2026-04-05 06:17:11,OUTGOING,975540,3476,606,CELL-DHA-05,31.469712,74.410683,GPRS,DHA Phase 5
923331234567,923331234567,923009998884,410013506857027,35678901624535,2026-04-04 08:00:06,2026-04-04 08:27:53,OUTGOING,0,7601,778,CELL-MT-03,31.482768,74.32308,CALL,Model Town
923461678183,923009998881,923461678183,410018496334190,35678901245221,2026-04-03 09:39:28,2026-04-03 09:39:28,INCOMING,0,2790,326,CELL-MT-03,31.48357,74.322905,SMS,Model Town
923331234567,923331234567,923009998885,410017133128361,35678901989095,2026-04-04 08:10:49,2026-04-04 08:12:26,OUTGOING,0,1871,497,CELL-MT-03,31.483012,74.32293,CALL,Model Town
923331234567,923009998881,923331234567,410018515362462,35678901793068,2026-04-04 08:15:36,2026-04-04 08:36:30,INCOMING,0,6724,401,CELL-GLB-01,31.521646,74.358299,VOLTE,Gulberg
923001110003,923009998884,923001110003,410016407070688,35678901809445,2026-04-04 19:36:41,2026-04-04 19:43:42,INCOMING,0,6704,873,CELL-ARP-08,31.519954,74.404554,CALL,Airport Road
923461678183,923461678183,923009998883,410015063973788,35678901367452,2026-04-04 19:42:31,2026-04-04 19:42:31,OUTGOING,4532005,5225,449,CELL-MT-03,31.485183,74.324687,GPRS,Model Town
923461678183,923009998887,923461678183,410013613038652,35678901857932,2026-04-02 22:36:29,2026-04-02 22:36:29,INCOMING,6571793,1870,349,CELL-GLB-01,31.51865,74.357101,GPRS,Gulberg
923001110003,923001110003,923009998882,410013582908161,35678901250857,2026-04-03 09:57:20,2026-04-03 09:57:20,OUTGOING,1986839,4788,946,CELL-MT-03,31.484816,74.320937,GPRS,Model Town
923451112233,923451112233,923009998886,410018009511952,35678901304753,2026-04-05 07:20:55,2026-04-05 07:20:55,OUTGOING,6478483,1831,578,CELL-ARP-08,31.521689,74.402211,GPRS,Airport Road
923331234567,923331234567,923009998881,410014201634659,35678901999325,2026-04-03 21:24:15,2026-04-03 21:24:15,OUTGOING,0,6247,518,CELL-GLB-01,31.522277,74.360209,SMS,Gulberg
923001110002,923001110002,923009998884,410012321181780,35678901341889,2026-04-02 11:22:21,2026-04-02 11:22:21,OUTGOING,114000,5987,790,CELL-LB-02,31.509989,74.342184,GPRS,Liberty Market
923461678183,923461678183,923009998888,410018405130538,35678901305246,2026-04-05 07:41:02,2026-04-05 07:48:12,OUTGOING,0,6817,109,CELL-MT-03,31.481774,74.32286,VOLTE,Model Town
923461678183,923009998883,923461678183,410014514535873,35678901327829,2026-04-03 10:12:40,2026-04-03 10:12:40,INCOMING,0,9164,403,CELL-MT-03,31.482196,74.321117,SMS,Model Town
923001110001,923009998887,923001110001,410012027671201,35678901305703,2026-04-03 10:15:41,2026-04-03 10:15:41,INCOMING,4119377,5700,264,CELL-LB-02,31.511966,74.343559,GPRS,Liberty Market
923001110003,923001110003,923009998881,410013713870586,35678901730959,2026-04-04 09:10:36,2026-04-04 09:10:36,OUTGOING,1421116,7688,133,CELL-GLB-01,31.520882,74.358496,GPRS,Gulberg
923451112233,923009998882,923451112233,410018182614104,35678901995389,2026-04-04 09:15:18,2026-04-04 09:15:18,INCOMING,4844468,4089,821,CELL-DHA-05,31.469248,74.408492,GPRS,DHA Phase 5
923331234567,923009998885,923331234567,410012212586549,35678901934528,2026-04-04 20:48:44,2026-04-04 20:48:44,INCOMING,0,9995,302,CELL-GLB-01,31.519057,74.359001,SMS,Gulberg
923451112233,923009998883,923451112233,410012184822086,35678901705532,2026-04-02 22:58:09,2026-04-02 22:58:09,INCOMING,0,7495,876,CELL-DHA-05,31.471067,74.408588,SMS,DHA Phase 5
923331234567,923009998888,923331234567,410011372837683,35678901342070,2026-04-02 11:30:57,2026-04-02 11:30:57,INCOMING,0,3273,525,CELL-ARP-08,31.523331,74.401816,SMS,Airport Road
923001110001,923001110001,923009998885,410014736224141,35678901504951,2026-04-03 10:33:37,2026-04-03 10:33:37,OUTGOING,2181333,8302,259,CELL-LB-02,31.509945,74.34557,GPRS,Liberty Market
923461678183,923461678183,923009998885,410017924436778,35678901955930,2026-04-05 08:44:27,2026-04-05 08:44:27,OUTGOING,1313712,3912,994,CELL-ARP-08,31.520055,74.40391,GPRS,Airport Road
923001110002,923009998885,923001110002,410017748325614,35678901332109,2026-04-02 11:33:36,2026-04-02 11:33:36,INCOMING,0,7487,337,CELL-MT-03,31.482763,74.321941,VOLTE,Model Town
923001110003,923009998881,923001110003,410014808265350,35678901647495,2026-04-04 09:50:57,2026-04-04 09:50:57,INCOMING,1772870,9759,635,CELL-GLB-01,31.520158,74.360367,GPRS,Gulberg
923451112233,923451112233,923009998885,410016680232195,35678901836632,2026-04-04 09:55:25,2026-04-04 10:19:23,OUTGOING,0,6685,666,CELL-ARP-08,31.522903,74.402395,CALL,Airport Road
923001110003,923009998883,923001110003,410013261774347,35678901131769,2026-04-04 10:00:38,2026-04-04 10:24:47,INCOMING,0,5034,888,CELL-LB-02,31.508608,74.343506,CALL,Liberty Market
923001110003,923001110003,923009998882,410014619074946,35678901328565,2026-04-02 23:14:59,2026-04-02 23:14:59,OUTGOING,0,4963,137,CELL-MT-03,31.482713,74.321421,SMS,Model Town
923001110002,923009998888,923001110002,410015562181448,35678901726506,2026-04-04 21:48:29,2026-04-04 21:48:29,INCOMING,6517980,6144,702,CELL-ARP-08,31.522075,74.404794,GPRS,Airport Road
923001110001,923001110001,923009998887,410016785255795,35678901318425,2026-04-03 10:57:26,2026-04-03 10:57:26,OUTGOING,7633415,3590,995,CELL-ARP-08,31.52233,74.404116,GPRS,Airport Road
923001110003,923001110003,923009998888,410015522658422,35678901284056,2026-04-02 23:20:17,2026-04-02 23:23:17,OUTGOING,0,3611,304,CELL-LB-02,31.509102,74.345675,CALL,Liberty Market
923001110001,923009998888,923001110001,410013960091256,35678901949289,2026-04-03 22:44:20,2026-04-03 22:44:20,INCOMING,1777760,9346,710,CELL-MT-03,31.482611,74.323062,GPRS,Model Town
923001110002,923001110002,923009998888,410014769447061,35678901254536,2026-04-03 22:48:52,2026-04-03 22:48:52,OUTGOING,0,2384,619,CELL-ARP-08,31.520941,74.404373,SMS,Airport Road
923001110001,923001110001,923009998882,410018464983176,35678901929670,2026-04-04 22:18:26,2026-04-04 22:18:26,OUTGOING,0,6518,541,CELL-ARP-08,31.521739,74.402646,SMS,Airport Road
923331234567,923009998881,923331234567,410016860044201,35678901463077,2026-04-04 10:40:25,2026-04-04 10:41:50,INCOMING,0,2282,880,CELL-MT-03,31.481479,74.322457,CALL,Model Town
923001110001,923001110001,923009998886,410017826472437,35678901988670,2026-04-03 11:15:33,2026-04-03 11:15:33,OUTGOING,0,7888,873,CELL-DHA-05,31.470947,74.408573,SMS,DHA Phase 5
923461678183,923009998885,923461678183,410015895984119,35678901387780,2026-04-04 10:50:45,2026-04-04 10:50:45,INCOMING,0,4616,457,CELL-MT-03,31.484998,74.324008,SMS,Model Town
923001110002,923009998883,923001110002,410011551154162,35678901728527,2026-04-02 11:47:00,2026-04-02 11:55:16,INCOMING,0,5262,667,CELL-DHA-05,31.470517,74.409495,VOLTE,DHA Phase 5
923331234567,923331234567,923009998884,410018093451295,35678901210869,2026-04-03 11:24:46,2026-04-03 11:24:46,OUTGOING,5931343,5698,855,CELL-MT-03,31.483472,74.324533,GPRS,Model Town
923461678183,923009998887,923461678183,410017561834160,35678901255422,2026-04-04 11:05:48,2026-04-04 11:15:29,INCOMING,0,2820,785,CELL-ARP-08,31.519603,74.405169,VOLTE,Airport Road
923001110003,923001110003,923009998881,410019451072385,35678901226576,2026-04-02 23:40:23,2026-04-02 23:40:23,OUTGOING,0,2136,260,CELL-ARP-08,31.522157,74.403275,SMS,Airport Road
923001110003,923009998886,923001110003,410016201270048,35678901203021,2026-04-04 11:15:09,2026-04-04 11:15:09,INCOMING,7031980,3708,935,CELL-ARP-08,31.521751,74.404688,GPRS,Airport Road
923001110002,923009998883,923001110002,410018909410490,35678901124198,2026-04-02 11:52:01,2026-04-02 11:52:01,INCOMING,944141,3909,737,CELL-ARP-08,31.52328,74.404134,GPRS,Airport Road
923331234567,923331234567,923009998885,410012301060625,35678901132012,2026-04-05 11:11:14,2026-04-05 11:11:14,OUTGOING,4286602,6042,245,CELL-ARP-08,31.522912,74.40173,GPRS,Airport Road
923001110003,923009998881,923001110003,410012009679368,35678901443761,2026-04-02 11:54:19,2026-04-02 11:54:19,INCOMING,6841990,9943,628,CELL-DHA-05,31.470054,74.411215,GPRS,DHA Phase 5
923001110003,923009998885,923001110003,410013402914049,35678901651236,2026-04-02 11:55:04,2026-04-02 11:55:04,INCOMING,3988393,8654,413,CELL-GLB-01,31.521282,74.359664,GPRS,Gulberg
923001110001,923009998881,923001110001,410019422176536,35678901240210,2026-04-02 11:56:31,2026-04-02 11:56:31,INCOMING,7956811,5786,611,CELL-GLB-01,31.519238,74.359649,GPRS,Gulberg
923001110002,923009998887,923001110002,410012262816605,35678901531319,2026-04-05 11:39:50,2026-04-05 11:39:50,INCOMING,6704685,8986,354,CELL-GLB-01,31.518496,74.359183,GPRS,Gulberg
923001110003,923009998883,923001110003,410013627891900,35678901208160,2026-04-02 23:56:57,2026-04-02 23:56:57,INCOMING,660884,6428,777,CELL-DHA-05,31.468245,74.40918,GPRS,DHA Phase 5
923001110001,923001110001,923009998885,410012502559580,35678901289622,2026-04-04 23:54:56,2026-04-04 23:54:56,OUTGOING,5675598,7754,676,CELL-GLB-01,31.522397,74.357016,GPRS,Gulberg
923001110003,923001110003,923009998887,410019479345231,35678901873897,2026-04-05 00:00:40,2026-04-05 00:09:42,OUTGOING,0,6733,492,CELL-LB-02,31.508748,74.34455,CALL,Liberty Market
923331234567,923331234567,923009998882,410013000173141,35678901671968,2026-04-03 00:02:04,2026-04-03 00:02:04,OUTGOING,0,9310,276,CELL-LB-02,31.508774,74.343927,SMS,Liberty Market
923331234567,923009998885,923331234567,410011545305420,35678901843904,2026-04-03 00:04:34,2026-04-03 00:04:34,INCOMING,2795640,8722,652,CELL-LB-02,31.510065,74.34319,GPRS,Liberty Market
923331234567,923331234567,923009998883,410013159622561,35678901915485,2026-04-03 00:06:41,2026-04-03 00:06:41,OUTGOING,2847354,7277,825,CELL-GLB-01,31.520609,74.359195,GPRS,Gulberg
923331234567,923331234567,923009998883,410017120785546,35678901328211,2026-04-03 00:08:34,2026-04-03 00:30:53,OUTGOING,0,3082,567,CELL-MT-03,31.484576,74.32176,CALL,Model Town
923001110002,923001110002,923009998881,410018190503956,35678901594356,2026-04-04 12:25:31,2026-04-04 12:25:31,OUTGOING,2448451,1151,664,CELL-LB-02,31.509319,74.34296,GPRS,Liberty Market
923451112233,923009998882,923451112233,410011514707995,35678901591212,2026-04-05 00:36:47,2026-04-05 00:36:47,INCOMING,7866062,4584,130,CELL-LB-02,31.512169,74.343114,GPRS,Liberty Market
923001110001,923009998888,923001110001,410019068341237,35678901394326,2026-04-04 12:35:07,2026-04-04 12:35:07,INCOMING,0,3099,648,CELL-ARP-08,31.523172,74.405411,VOLTE,Airport Road
923001110003,923009998888,923001110003,410014376913100,35678901747914,2026-04-04 00:32:29,2026-04-04 00:32:29,INCOMING,6086579,5521,885,CELL-DHA-05,31.469187,74.410474,GPRS,DHA Phase 5
923331234567,923331234567,923009998886,410013379696693,35678901609585,2026-04-03 12:27:32,2026-04-03 12:27:32,OUTGOING,2276391,1278,974,CELL-MT-03,31.484502,74.321902,GPRS,Model Town
923001110002,923009998888,923001110002,410012325058368,35678901576099,2026-04-04 12:50:54,2026-04-04 13:15:44,INCOMING,0,2161,242,CELL-MT-03,31.484056,74.321726,CALL,Model Town
923001110002,923009998887,923001110002,410012979486420,35678901278447,2026-04-03 00:22:47,2026-04-03 00:22:47,INCOMING,7629459,6377,530,CELL-LB-02,31.51153,74.345392,GPRS,Liberty Market
923001110001,923001110001,923009998886,410012906946290,35678901774653,2026-04-04 00:48:16,2026-04-04 01:17:38,OUTGOING,0,1747,148,CELL-MT-03,31.484267,74.324411,CALL,Model Town
923001110001,923001110001,923009998888,410012764382117,35678901881091,2026-04-05 01:18:21,2026-04-05 01:18:21,OUTGOING,3940377,4222,127,CELL-MT-03,31.484529,74.3227,GPRS,Model Town
923451112233,923451112233,923009998881,410019637837837,35678901754783,2026-04-05 13:38:57,2026-04-05 13:38:57,OUTGOING,2913335,1918,210,CELL-MT-03,31.482964,74.320907,GPRS,Model Town
923001110001,923001110001,923009998883,410017099417397,35678901705889,2026-04-05 01:30:13,2026-04-05 01:30:13,OUTGOING,565469,9277,152,CELL-DHA-05,31.467923,74.40782,GPRS,DHA Phase 5
923001110003,923009998882,923001110003,410016597679990,35678901514626,2026-04-05 13:52:17,2026-04-05 13:52:17,INCOMING,6525687,7094,868,CELL-LB-02,31.510683,74.342401,GPRS,Liberty Market
923331234567,923331234567,923009998887,410017255299175,35678901104552,2026-04-05 13:59:59,2026-04-05 13:59:59,OUTGOING,2805503,9647,232,CELL-GLB-01,31.518544,74.35944,GPRS,Gulberg
923451112233,923451112233,923009998884,410017534957186,35678901797682,2026-04-05 14:06:35,2026-04-05 14:06:35,OUTGOING,5180299,7967,655,CELL-LB-02,31.508421,74.344061,GPRS,Liberty Market
923331234567,923009998886,923331234567,410018886185159,35678901816338,2026-04-04 01:16:42,2026-04-04 01:16:42,INCOMING,0,4695,972,CELL-ARP-08,31.521188,74.403499,SMS,Airport Road
923001110003,923009998886,923001110003,410019982183281,35678901810515,2026-04-02 12:20:15,2026-04-02 12:20:15,INCOMING,5197862,4452,910,CELL-MT-03,31.484163,74.322463,GPRS,Model Town
923001110002,923001110002,923009998882,410017661315630,35678901906228,2026-04-03 00:42:31,2026-04-03 00:42:31,OUTGOING,5381217,2491,138,CELL-ARP-08,31.52241,74.404713,GPRS,Airport Road
923001110003,923009998883,923001110003,410015453743826,35678901715704,2026-04-05 14:34:37,2026-04-05 14:34:37,INCOMING,3862147,9849,707,CELL-GLB-01,31.519779,74.357842,GPRS,Gulberg
923331234567,923331234567,923009998887,410017770157760,35678901761460,2026-04-02 12:23:52,2026-04-02 12:47:32,OUTGOING,0,7239,417,CELL-GLB-01,31.518631,74.358931,CALL,Gulberg
923001110002,923009998885,923001110002,410016043046184,35678901878952,2026-04-04 14:00:34,2026-04-04 14:27:03,INCOMING,0,8393,209,CELL-DHA-05,31.471301,74.408583,VOLTE,DHA Phase 5
923001110003,923001110003,923009998887,410013030457774,35678901357363,2026-04-04 14:05:08,2026-04-04 14:34:34,OUTGOING,0,3046,801,CELL-LB-02,31.50956,74.344464,CALL,Liberty Market
923331234567,923009998881,923331234567,410017236374403,35678901400939,2026-04-02 12:26:23,2026-04-02 12:26:23,INCOMING,0,5527,797,CELL-MT-03,31.481877,74.321874,CALL,Model Town
923001110001,923001110001,923009998884,410016318307140,35678901706974,2026-04-03 00:54:18,2026-04-03 00:54:18,OUTGOING,4585918,1306,478,CELL-MT-03,31.481399,74.32188,GPRS,Model Town
923001110003,923001110003,923009998888,410018820860244,35678901512253,2026-04-05 15:16:47,2026-04-05 15:16:47,OUTGOING,459570,4748,683,CELL-DHA-05,31.468901,74.410966,GPRS,DHA Phase 5
923001110003,923001110003,923009998881,410018011683185,35678901666926,2026-04-02 12:29:52,2026-04-02 12:29:52,OUTGOING,7511031,5851,229,CELL-GLB-01,31.51877,74.359016,GPRS,Gulberg
923001110002,923001110002,923009998886,410013901653483,35678901253595,2026-04-04 14:30:23,2026-04-04 14:30:23,OUTGOING,1065901,2348,784,CELL-LB-02,31.511224,74.342934,GPRS,Liberty Market
923331234567,923331234567,923009998884,410016416850918,35678901981578,2026-04-04 02:04:32,2026-04-04 02:04:32,OUTGOING,0,5615,565,CELL-DHA-05,31.469604,74.40773,SMS,DHA Phase 5
923451112233,923009998887,923451112233,410011262216553,35678901423675,2026-04-05 03:12:21,2026-04-05 03:12:21,INCOMING,7223697,6084,700,CELL-ARP-08,31.519846,74.404865,GPRS,Airport Road
923001110003,923001110003,923009998886,410012413428761,35678901843775,2026-04-03 13:39:43,2026-04-03 13:41:13,OUTGOING,0,7695,692,CELL-ARP-08,31.523344,74.402369,VOLTE,Airport Road
923001110003,923001110003,923009998888,410018163607227,35678901827423,2026-04-04 14:50:37,2026-04-04 14:50:37,OUTGOING,6234563,8875,430,CELL-DHA-05,31.47086,74.408252,GPRS,DHA Phase 5
923001110002,923001110002,923009998888,410013528602620,35678901826282,2026-04-05 03:30:57,2026-04-05 03:30:57,OUTGOING,0,6285,938,CELL-GLB-01,31.520277,74.357024,SMS,Gulberg
923451112233,923009998887,923451112233,410014185095241,35678901442377,2026-04-02 12:36:38,2026-04-02 12:45:52,INCOMING,0,7415,678,CELL-GLB-01,31.518638,74.359481,VOLTE,Gulberg
923461678183,923009998881,923461678183,410014774650775,35678901428564,2026-04-04 02:28:33,2026-04-04 02:28:33,INCOMING,5556292,6997,735,CELL-GLB-01,31.51966,74.357683,GPRS,Gulberg
923461678183,923009998887,923461678183,410011291394750,35678901668952,2026-04-03 13:54:18,2026-04-03 14:23:15,INCOMING,0,6257,759,CELL-GLB-01,31.519727,74.357769,VOLTE,Gulberg
923001110002,923001110002,923009998883,410018649976424,35678901167409,2026-04-04 15:15:04,2026-04-04 15:15:04,OUTGOING,4478249,5792,256,CELL-LB-02,31.511041,74.345614,GPRS,Liberty Market
923001110001,923001110001,923009998886,410017862961080,35678901566711,2026-04-04 02:40:53,2026-04-04 02:40:53,OUTGOING,0,1397,537,CELL-MT-03,31.483158,74.323593,SMS,Model Town
923451112233,923451112233,923009998887,410015046225645,35678901893725,2026-04-05 04:06:49,2026-04-05 04:06:49,OUTGOING,0,6813,265,CELL-LB-02,31.511933,74.345397,CALL,Liberty Market
923331234567,923331234567,923009998882,410013117267200,35678901767987,2026-04-03 01:24:10,2026-04-03 01:24:10,OUTGOING,6832884,3378,970,CELL-GLB-01,31.521045,74.359745,GPRS,Gulberg
923461678183,923009998883,923461678183,410011991810853,35678901794290,2026-04-05 04:18:13,2026-04-05 04:18:13,INCOMING,6262582,1396,843,CELL-ARP-08,31.52341,74.402336,GPRS,Airport Road
923001110002,923009998882,923001110002,410015353252028,35678901340990,2026-04-05 04:24:38,2026-04-05 04:24:38,INCOMING,893862,2071,111,CELL-ARP-08,31.519746,74.403575,GPRS,Airport Road
923001110002,923009998881,923001110002,410014961660020,35678901286952,2026-04-05 17:15:01,2026-04-05 17:15:01,INCOMING,728497,8965,131,CELL-DHA-05,31.47093,74.40969,GPRS,DHA Phase 5
923001110002,923001110002,923009998885,410018456545155,35678901537810,2026-04-05 17:22:53,2026-04-05 17:52:28,OUTGOING,0,3602,121,CELL-MT-03,31.485113,74.321527,VOLTE,Model Town
923001110003,923009998886,923001110003,410018859680818,35678901616157,2026-04-03 14:21:50,2026-04-03 14:41:23,INCOMING,0,8222,685,CELL-LB-02,31.509382,74.343999,CALL,Liberty Market
923001110002,923009998888,923001110002,410015756367913,35678901436323,2026-04-05 17:36:50,2026-04-05 17:36:50,INCOMING,0,2773,936,CELL-GLB-01,31.520326,74.357697,VOLTE,Gulberg
923001110002,923009998883,923001110002,410011709640197,35678901905937,2026-04-05 04:54:45,2026-04-05 04:56:04,INCOMING,0,3157,878,CELL-MT-03,31.482223,74.322383,CALL,Model Town
923331234567,923331234567,923009998881,410019199795670,35678901509237,2026-04-04 16:10:08,2026-04-04 16:29:04,OUTGOING,0,8819,317,CELL-ARP-08,31.519603,74.402583,VOLTE,Airport Road
923461678183,923461678183,923009998883,410018907070500,35678901983600,2026-04-04 16:15:07,2026-04-04 16:15:07,OUTGOING,683780,8571,709,CELL-ARP-08,31.521929,74.404394,GPRS,Airport Road
923001110002,923001110002,923009998886,410012449304210,35678901210471,2026-04-02 12:52:07,2026-04-02 12:56:09,OUTGOING,0,5211,750,CELL-ARP-08,31.521516,74.405076,CALL,Airport Road
923001110001,923009998883,923001110001,410014808212863,35678901591995,2026-04-04 16:25:16,2026-04-04 16:25:16,INCOMING,898157,3080,339,CELL-MT-03,31.482412,74.324405,GPRS,Model Town
923451112233,923451112233,923009998888,410011006671359,35678901351285,2026-04-03 01:48:31,2026-04-03 01:48:31,OUTGOING,7855002,6518,361,CELL-ARP-08,31.52325,74.405453,GPRS,Airport Road
923461678183,923461678183,923009998888,410012411641613,35678901456876,2026-04-03 01:50:25,2026-04-03 01:50:25,OUTGOING,3744862,7256,488,CELL-LB-02,31.509,74.344034,GPRS,Liberty Market
923451112233,923009998882,923451112233,410011253448012,35678901315923,2026-04-02 12:56:46,2026-04-02 12:56:46,INCOMING,939464,3955,466,CELL-MT-03,31.481208,74.324056,GPRS,Model Town
923461678183,923009998885,923461678183,410011904474160,35678901359059,2026-04-04 03:48:22,2026-04-04 04:02:44,INCOMING,0,4831,144,CELL-LB-02,31.509388,74.345488,CALL,Liberty Market
923461678183,923009998883,923461678183,410016964374278,35678901590490,2026-04-04 03:52:22,2026-04-04 03:52:22,INCOMING,5682083,1210,628,CELL-MT-03,31.484899,74.322494,GPRS,Model Town
923451112233,923451112233,923009998884,410014469603588,35678901791958,2026-04-02 12:59:52,2026-04-02 12:59:52,OUTGOING,4772805,5195,402,CELL-LB-02,31.508263,74.343467,GPRS,Liberty Market
923001110002,923001110002,923009998883,410011832836944,35678901521154,2026-04-04 17:00:51,2026-04-04 17:00:51,OUTGOING,2337045,1763,128,CELL-MT-03,31.484479,74.321896,GPRS,Model Town
923001110002,923009998881,923001110002,410016327201121,35678901514075,2026-04-05 19:07:12,2026-04-05 19:07:12,INCOMING,4025378,1980,450,CELL-DHA-05,31.469378,74.409962,GPRS,DHA Phase 5
923451112233,923451112233,923009998886,410014731471004,35678901474323,2026-04-03 15:06:40,2026-04-03 15:10:57,OUTGOING,0,7768,462,CELL-LB-02,31.510678,74.34577,CALL,Liberty Market
923001110002,923001110002,923009998883,410014575678282,35678901626917,2026-04-03 15:09:56,2026-04-03 15:09:56,OUTGOING,1872165,9305,537,CELL-GLB-01,31.51968,74.357963,GPRS,Gulberg
923001110002,923001110002,923009998888,410011937808718,35678901115734,2026-04-02 13:04:26,2026-04-02 13:23:44,OUTGOING,0,1407,318,CELL-ARP-08,31.520202,74.404485,CALL,Airport Road
923001110002,923001110002,923009998883,410017906143909,35678901159398,2026-04-05 06:30:54,2026-04-05 06:30:54,OUTGOING,0,9613,938,CELL-LB-02,31.50823,74.343056,SMS,Liberty Market
923451112233,923009998884,923451112233,410012600306165,35678901913654,2026-04-03 15:18:44,2026-04-03 15:18:44,INCOMING,0,4117,601,CELL-ARP-08,31.52127,74.401853,SMS,Airport Road
923331234567,923331234567,923009998881,410011987042426,35678901386401,2026-04-04 04:28:43,2026-04-04 04:48:43,OUTGOING,0,2219,181,CELL-ARP-08,31.521787,74.4054,CALL,Airport Road
923001110001,923009998885,923001110001,410015855980709,35678901911765,2026-04-03 02:16:18,2026-04-03 02:16:18,INCOMING,1351857,7717,606,CELL-GLB-01,31.519499,74.358777,GPRS,Gulberg
923001110003,923009998883,923001110003,410017601580098,35678901118645,2026-04-05 20:03:33,2026-04-05 20:20:06,INCOMING,0,8424,280,CELL-GLB-01,31.519198,74.357255,CALL,Gulberg
923331234567,923009998882,923331234567,410017606559295,35678901300275,2026-04-05 07:00:44,2026-04-05 07:00:44,INCOMING,0,3381,196,CELL-LB-02,31.509515,74.345662,CALL,Liberty Market
923331234567,923009998883,923331234567,410018426275121,35678901441766,2026-04-04 04:44:18,2026-04-04 04:44:18,INCOMING,3741651,7139,895,CELL-LB-02,31.510059,74.345129,GPRS,Liberty Market
923001110003,923009998884,923001110003,410017006222655,35678901551959,2026-04-04 18:00:08,2026-04-04 18:15:27,INCOMING,0,2933,895,CELL-DHA-05,31.471031,74.408207,CALL,DHA Phase 5
923461678183,923461678183,923009998882,410018619519692,35678901507866,2026-04-03 02:26:26,2026-04-03 02:26:26,OUTGOING,0,4594,809,CELL-DHA-05,31.468073,74.409304,SMS,DHA Phase 5
923001110001,923001110001,923009998884,410017997277413,35678901740889,2026-04-04 18:10:48,2026-04-04 18:10:48,OUTGOING,0,9602,556,CELL-GLB-01,31.521826,74.359641,VOLTE,Gulberg
923001110003,923001110003,923009998884,410011760878326,35678901543367,2026-04-03 15:45:34,2026-04-03 15:45:34,OUTGOING,0,6824,882,CELL-ARP-08,31.521677,74.401675,SMS,Airport Road
923331234567,923331234567,923009998884,410017404559721,35678901207802,2026-04-05 07:36:52,2026-04-05 07:42:34,OUTGOING,0,8024,732,CELL-ARP-08,31.523346,74.402831,CALL,Airport Road
923451112233,923009998882,923451112233,410019388902691,35678901476252,2026-04-05 07:42:39,2026-04-05 07:57:12,INCOMING,0,5698,765,CELL-LB-02,31.511631,74.344723,CALL,Liberty Market
923451112233,923009998885,923451112233,410019319467863,35678901465154,2026-04-05 21:06:22,2026-04-05 21:06:22,INCOMING,0,5986,698,CELL-ARP-08,31.523193,74.403961,SMS,Airport Road
923331234567,923009998888,923331234567,410015488345617,35678901624914,2026-04-05 21:13:04,2026-04-05 21:13:04,INCOMING,4702813,4841,862,CELL-MT-03,31.485014,74.322858,GPRS,Model Town
923451112233,923009998882,923451112233,410013149438770,35678901477938,2026-04-05 08:00:58,2026-04-05 08:00:58,INCOMING,1424859,5163,980,CELL-ARP-08,31.522909,74.402511,GPRS,Airport Road
923001110002,923009998882,923001110002,410018018888504,35678901310899,2026-04-03 02:42:40,2026-04-03 02:42:40,INCOMING,4216946,9787,821,CELL-LB-02,31.512052,74.345267,GPRS,Liberty Market
923001110003,923009998885,923001110003,410019096897260,35678901348076,2026-04-04 18:50:21,2026-04-04 18:50:21,INCOMING,4709122,4061,458,CELL-MT-03,31.481776,74.320937,GPRS,Model Town
923001110003,923001110003,923009998885,410014267399267,35678901369787,2026-04-05 08:18:23,2026-04-05 08:18:23,OUTGOING,694861,2568,559,CELL-MT-03,31.484476,74.323207,GPRS,Model Town
923331234567,923331234567,923009998887,410018606645756,35678901391462,2026-04-04 05:36:01,2026-04-04 05:36:01,OUTGOING,3437512,3971,342,CELL-MT-03,31.481483,74.324456,GPRS,Model Town
923001110003,923001110003,923009998885,410013029618837,35678901578765,2026-04-03 02:50:39,2026-04-03 03:18:19,OUTGOING,0,2502,842,CELL-MT-03,31.483914,74.324313,CALL,Model Town
923451112233,923451112233,923009998882,410015265663856,35678901131985,2026-04-05 22:02:23,2026-04-05 22:02:23,OUTGOING,0,8224,591,CELL-GLB-01,31.519118,74.357752,SMS,Gulberg
923461678183,923009998887,923461678183,410015556983767,35678901653088,2026-04-05 22:09:33,2026-04-05 22:29:08,INCOMING,0,3890,186,CELL-MT-03,31.481419,74.323097,VOLTE,Model Town
923001110001,923001110001,923009998887,410015307186220,35678901385309,2026-04-04 05:52:13,2026-04-04 05:52:13,OUTGOING,0,2417,208,CELL-MT-03,31.482008,74.323095,VOLTE,Model Town
923001110001,923009998887,923001110001,410013663591459,35678901293074,2026-04-05 22:23:45,2026-04-05 22:23:45,INCOMING,7228860,3232,667,CELL-MT-03,31.482479,74.321828,GPRS,Model Town
923331234567,923009998882,923331234567,410011914839995,35678901872828,2026-04-03 16:30:30,2026-04-03 16:30:30,INCOMING,0,1568,336,CELL-ARP-08,31.523311,74.403335,SMS,Airport Road
923331234567,923009998882,923331234567,410018287206500,35678901238105,2026-04-03 03:02:00,2026-04-03 03:02:00,INCOMING,0,9671,214,CELL-DHA-05,31.46865,74.411578,SMS,DHA Phase 5
923331234567,923009998888,923331234567,410018820336524,35678901146837,2026-04-04 06:08:10,2026-04-04 06:08:10,INCOMING,0,1241,112,CELL-ARP-08,31.51985,74.405061,SMS,Airport Road
923331234567,923009998885,923331234567,410013697190109,35678901107415,2026-04-04 19:45:59,2026-04-04 19:45:59,INCOMING,0,9915,986,CELL-MT-03,31.484233,74.323955,CALL,Model Town
923451112233,923451112233,923009998883,410012766770361,35678901940988,2026-04-04 06:16:04,2026-04-04 06:27:58,OUTGOING,0,9956,183,CELL-DHA-05,31.468441,74.411117,CALL,DHA Phase 5
923451112233,923009998888,923451112233,410014487202214,35678901103920,2026-04-04 06:20:17,2026-04-04 06:20:17,INCOMING,921523,5912,693,CELL-LB-02,31.510918,74.345941,GPRS,Liberty Market
923001110001,923001110001,923009998885,410017780824193,35678901472617,2026-04-02 13:36:22,2026-04-02 13:36:22,OUTGOING,975791,7289,265,CELL-ARP-08,31.520209,74.403272,GPRS,Airport Road
923331234567,923331234567,923009998888,410013146991171,35678901875122,2026-04-04 20:05:08,2026-04-04 20:05:08,OUTGOING,5935178,3144,739,CELL-ARP-08,31.521078,74.404975,GPRS,Airport Road
923461678183,923009998885,923461678183,410012768291902,35678901539339,2026-04-04 20:10:51,2026-04-04 20:10:51,INCOMING,0,2166,586,CELL-LB-02,31.508435,74.345367,SMS,Liberty Market
923461678183,923009998884,923461678183,410013864572686,35678901211459,2026-04-04 20:15:37,2026-04-04 20:21:35,INCOMING,0,5686,223,CELL-ARP-08,31.521961,74.404314,VOLTE,Airport Road
923461678183,923461678183,923009998888,410016537650845,35678901833914,2026-04-05 10:00:15,2026-04-05 10:00:15,OUTGOING,0,4986,380,CELL-DHA-05,31.47139,74.409269,SMS,DHA Phase 5
923001110002,923001110002,923009998888,410019899318299,35678901256103,2026-04-04 20:25:52,2026-04-04 20:25:52,OUTGOING,0,3133,773,CELL-MT-03,31.48229,74.321167,SMS,Model Town
923001110001,923009998888,923001110001,410017300135050,35678901701126,2026-04-04 20:30:57,2026-04-04 20:50:32,INCOMING,0,8495,193,CELL-MT-03,31.48372,74.322109,CALL,Model Town
923001110003,923001110003,923009998885,410012681132174,35678901680704,2026-04-05 10:18:42,2026-04-05 10:26:39,OUTGOING,0,7110,999,CELL-LB-02,31.511601,74.344665,CALL,Liberty Market
923331234567,923331234567,923009998885,410014543058461,35678901654495,2026-04-04 20:40:59,2026-04-04 20:40:59,OUTGOING,1093778,3756,896,CELL-ARP-08,31.521137,74.401753,GPRS,Airport Road
923001110002,923001110002,923009998882,410012411437090,35678901403782,2026-04-05 10:30:10,2026-04-05 10:30:10,OUTGOING,6855068,6939,593,CELL-DHA-05,31.467871,74.408748,GPRS,DHA Phase 5
923331234567,923009998884,923331234567,410017578301776,35678901274130,2026-04-03 03:32:29,2026-04-03 03:32:29,INCOMING,7802336,9358,122,CELL-LB-02,31.51108,74.343429,GPRS,Liberty Market
923001110002,923001110002,923009998882,410015741274264,35678901804285,2026-04-05 10:42:03,2026-04-05 10:42:03,OUTGOING,6741889,8287,325,CELL-GLB-01,31.520879,74.359196,GPRS,Gulberg
923001110001,923009998883,923001110001,410011579284260,35678901261603,2026-04-04 21:00:13,2026-04-04 21:00:13,INCOMING,5503513,9941,887,CELL-LB-02,31.510975,74.345551,GPRS,Liberty Market
923001110002,923001110002,923009998883,410015037474579,35678901851747,2026-04-04 21:05:14,2026-04-04 21:05:14,OUTGOING,5207872,9001,733,CELL-DHA-05,31.470014,74.410724,GPRS,DHA Phase 5
923461678183,923009998888,923461678183,410011965090360,35678901922174,2026-04-02 13:50:14,2026-04-02 13:50:14,INCOMING,959815,3765,531,CELL-LB-02,31.510412,74.343002,GPRS,Liberty Market
923001110001,923009998885,923001110001,410014470534723,35678901912679,2026-04-06 00:57:27,2026-04-06 00:57:27,INCOMING,6373199,7789,931,CELL-DHA-05,31.471351,74.410948,GPRS,DHA Phase 5
923451112233,923451112233,923009998882,410012792252203,35678901998059,2026-04-04 07:28:16,2026-04-04 07:28:16,OUTGOING,798974,6591,541,CELL-LB-02,31.512146,74.34337,GPRS,Liberty Market
923461678183,923009998883,923461678183,410012471516860,35678901792470,2026-04-04 21:25:04,2026-04-04 21:46:20,INCOMING,0,4506,797,CELL-ARP-08,31.522892,74.402146,VOLTE,Airport Road
923001110003,923001110003,923009998884,410014339583399,35678901509684,2026-04-03 03:48:59,2026-04-03 03:48:59,OUTGOING,3722825,8494,918,CELL-GLB-01,31.518727,74.357795,GPRS,Gulberg
923461678183,923009998888,923461678183,410012857325844,35678901251664,2026-04-02 13:55:02,2026-04-02 13:55:02,INCOMING,355739,6573,395,CELL-DHA-05,31.471418,74.409836,GPRS,DHA Phase 5
923461678183,923461678183,923009998881,410019727892942,35678901126710,2026-04-06 01:32:41,2026-04-06 01:32:41,OUTGOING,3059223,1394,380,CELL-ARP-08,31.521217,74.405544,GPRS,Airport Road
923001110002,923001110002,923009998888,410015855288849,35678901545936,2026-04-06 01:39:26,2026-04-06 01:45:50,OUTGOING,0,3295,461,CELL-ARP-08,31.522632,74.402865,CALL,Airport Road
923451112233,923009998885,923451112233,410015192145583,35678901552707,2026-04-04 07:52:40,2026-04-04 07:52:40,INCOMING,4706547,8399,857,CELL-MT-03,31.483349,74.323393,GPRS,Model Town
923001110003,923009998881,923001110003,410017822886035,35678901215616,2026-04-05 11:54:59,2026-04-05 12:19:39,INCOMING,0,5832,341,CELL-LB-02,31.509531,74.342628,CALL,Liberty Market
923451112233,923451112233,923009998883,410011474288817,35678901467236,2026-04-06 02:00:14,2026-04-06 02:00:14,OUTGOING,5667523,1512,918,CELL-MT-03,31.484067,74.324082,GPRS,Model Town
923451112233,923009998887,923451112233,410019624043003,35678901962214,2026-04-04 22:05:21,2026-04-04 22:13:55,INCOMING,0,7469,975,CELL-GLB-01,31.518965,74.357217,VOLTE,Gulberg
923331234567,923009998882,923331234567,410015337080565,35678901264020,2026-04-03 18:06:36,2026-04-03 18:06:36,INCOMING,2747173,9510,978,CELL-GLB-01,31.518672,74.358728,GPRS,Gulberg
923331234567,923009998885,923331234567,410013922286317,35678901839263,2026-04-03 04:06:24,2026-04-03 04:06:24,INCOMING,0,3976,685,CELL-LB-02,31.511007,74.344142,SMS,Liberty Market
923331234567,923331234567,923009998884,410017611619111,35678901805518,2026-04-03 04:08:00,2026-04-03 04:08:00,OUTGOING,0,3825,632,CELL-GLB-01,31.522043,74.359367,SMS,Gulberg
923451112233,923451112233,923009998885,410013890818100,35678901293217,2026-04-04 08:20:38,2026-04-04 08:21:59,OUTGOING,0,4563,397,CELL-LB-02,31.509419,74.345797,CALL,Liberty Market
923001110003,923009998882,923001110003,410014019995293,35678901937840,2026-04-05 12:36:13,2026-04-05 12:41:51,INCOMING,0,5759,909,CELL-ARP-08,31.521607,74.401781,CALL,Airport Road
923001110001,923001110001,923009998886,410018623314486,35678901973574,2026-04-05 12:42:32,2026-04-05 13:07:38,OUTGOING,0,9442,378,CELL-ARP-08,31.523572,74.404941,VOLTE,Airport Road
923331234567,923331234567,923009998881,410017332152700,35678901165203,2026-04-02 14:08:22,2026-04-02 14:34:44,OUTGOING,0,4544,490,CELL-ARP-08,31.521345,74.403392,CALL,Airport Road
923331234567,923009998882,923331234567,410018896416596,35678901590678,2026-04-03 18:27:32,2026-04-03 18:50:25,INCOMING,0,9174,866,CELL-DHA-05,31.469496,74.409593,VOLTE,DHA Phase 5
923001110003,923001110003,923009998884,410014840511454,35678901702605,2026-04-02 14:10:02,2026-04-02 14:19:09,OUTGOING,0,1526,601,CELL-GLB-01,31.519965,74.358229,CALL,Gulberg
923461678183,923009998882,923461678183,410018640027367,35678901567950,2026-04-02 14:11:54,2026-04-02 14:11:54,INCOMING,6135958,9067,294,CELL-DHA-05,31.468813,74.410628,GPRS,DHA Phase 5
923451112233,923451112233,923009998885,410019259456219,35678901316530,2026-04-06 03:24:46,2026-04-06 03:24:46,OUTGOING,657907,4246,163,CELL-LB-02,31.508301,74.343053,GPRS,Liberty Market
923331234567,923331234567,923009998884,410019583238564,35678901341110,2026-04-02 14:13:40,2026-04-02 14:13:40,OUTGOING,5979047,2391,925,CELL-LB-02,31.510457,74.344614,GPRS,Liberty Market
923331234567,923331234567,923009998885,410012418123500,35678901670282,2026-04-06 03:38:12,2026-04-06 03:38:12,OUTGOING,1618587,2996,150,CELL-ARP-08,31.522485,74.404404,GPRS,Airport Road
923451112233,923009998886,923451112233,410012730499175,35678901345381,2026-04-06 03:45:38,2026-04-06 03:45:38,INCOMING,4499219,7262,653,CELL-MT-03,31.484493,74.322208,GPRS,Model Town
923001110001,923009998888,923001110001,410014441030337,35678901730156,2026-04-03 04:32:44,2026-04-03 04:33:38,INCOMING,0,5145,614,CELL-GLB-01,31.521581,74.358382,CALL,Gulberg
923001110003,923009998883,923001110003,410015779291078,35678901422952,2026-04-03 18:51:44,2026-04-03 19:13:20,INCOMING,0,1105,665,CELL-DHA-05,31.471059,74.409102,CALL,DHA Phase 5
923461678183,923461678183,923009998881,410017500450538,35678901361805,2026-04-02 14:18:28,2026-04-02 14:18:28,OUTGOING,4367480,3545,985,CELL-MT-03,31.482214,74.322979,GPRS,Model Town
923001110002,923001110002,923009998885,410012339535205,35678901466405,2026-04-05 13:54:57,2026-04-05 13:54:57,OUTGOING,5270149,2541,261,CELL-DHA-05,31.469651,74.409062,GPRS,DHA Phase 5
923331234567,923009998886,923331234567,410019693341941,35678901494837,2026-04-03 04:40:16,2026-04-03 04:40:16,INCOMING,4794446,9845,978,CELL-DHA-05,31.471048,74.410976,GPRS,DHA Phase 5
923451112233,923009998886,923451112233,410018305697947,35678901966596,2026-04-04 09:24:23,2026-04-04 09:24:23,INCOMING,3671487,2971,244,CELL-ARP-08,31.522468,74.405156,GPRS,Airport Road
923451112233,923451112233,923009998885,410017410576582,35678901988341,2026-04-03 19:06:43,2026-04-03 19:06:43,OUTGOING,0,6145,533,CELL-LB-02,31.509169,74.342868,CALL,Liberty Market
923461678183,923009998886,923461678183,410011077840153,35678901359054,2026-04-02 14:23:05,2026-04-02 14:23:05,INCOMING,6902830,2097,658,CELL-DHA-05,31.469656,74.410476,GPRS,DHA Phase 5
923001110002,923001110002,923009998884,410015421753949,35678901684673,2026-04-05 00:00:32,2026-04-05 00:00:32,OUTGOING,3908114,5173,977,CELL-DHA-05,31.470906,74.411521,GPRS,DHA Phase 5
923001110003,923001110003,923009998883,410011214511823,35678901563272,2026-04-03 19:15:01,2026-04-03 19:35:35,OUTGOING,0,8420,175,CELL-GLB-01,31.521797,74.357151,VOLTE,Gulberg
923001110003,923001110003,923009998888,410019138113072,35678901295373,2026-04-04 09:44:20,2026-04-04 09:44:20,OUTGOING,1733173,5921,319,CELL-LB-02,31.51027,74.345476,GPRS,Liberty Market
923461678183,923009998886,923461678183,410011531530399,35678901598261,2026-04-05 00:15:47,2026-04-05 00:36:06,INCOMING,0,8860,212,CELL-DHA-05,31.471091,74.410987,VOLTE,DHA Phase 5
923461678183,923009998885,923461678183,410019446808485,35678901223301,2026-04-06 05:16:18,2026-04-06 05:16:18,INCOMING,0,9654,374,CELL-LB-02,31.511058,74.343619,SMS,Liberty Market
923001110002,923009998886,923001110002,410018845687692,35678901107493,2026-04-06 05:23:23,2026-04-06 05:23:23,INCOMING,4971257,4478,156,CELL-DHA-05,31.470164,74.40844,GPRS,DHA Phase 5
923001110002,923001110002,923009998881,410016298433988,35678901974757,2026-04-05 00:30:13,2026-04-05 00:30:13,OUTGOING,0,3327,817,CELL-MT-03,31.483254,74.322328,SMS,Model Town
923001110002,923009998882,923001110002,410011876477387,35678901901032,2026-04-03 19:33:50,2026-04-03 19:33:50,INCOMING,4129418,1047,335,CELL-LB-02,31.511,74.345085,GPRS,Liberty Market
923001110003,923009998886,923001110003,410013783244952,35678901364999,2026-04-04 10:08:08,2026-04-04 10:08:08,INCOMING,0,3603,917,CELL-LB-02,31.511015,74.343452,SMS,Liberty Market
923461678183,923009998881,923461678183,410017892272588,35678901317554,2026-04-05 00:45:44,2026-04-05 00:45:44,INCOMING,905782,6568,839,CELL-LB-02,31.510387,74.34214,GPRS,Liberty Market
923001110001,923009998884,923001110001,410016490682305,35678901507420,2026-04-06 05:58:38,2026-04-06 05:58:38,INCOMING,1865429,1244,468,CELL-ARP-08,31.522293,74.405001,GPRS,Airport Road
923001110001,923001110001,923009998888,410011410001050,35678901109758,2026-04-04 10:20:16,2026-04-04 10:31:29,OUTGOING,0,4183,731,CELL-ARP-08,31.522098,74.402305,VOLTE,Airport Road
923001110001,923001110001,923009998883,410015922168019,35678901981617,2026-04-03 05:12:34,2026-04-03 05:12:34,OUTGOING,4231490,8531,282,CELL-ARP-08,31.520332,74.405257,GPRS,Airport Road
923001110003,923009998887,923001110003,410018972112741,35678901109204,2026-04-05 01:05:55,2026-04-05 01:05:55,INCOMING,2986615,5071,421,CELL-ARP-08,31.521204,74.401928,GPRS,Airport Road
923461678183,923461678183,923009998886,410014103893017,35678901899722,2026-04-03 05:16:44,2026-04-03 05:16:44,OUTGOING,5058212,5131,595,CELL-GLB-01,31.519977,74.357787,GPRS,Gulberg
923001110003,923001110003,923009998885,410013488409693,35678901759594,2026-04-03 05:18:44,2026-04-03 05:18:44,OUTGOING,2887461,9952,148,CELL-GLB-01,31.51844,74.360186,GPRS,Gulberg
923001110001,923001110001,923009998888,410017128931708,35678901983307,2026-04-05 16:00:49,2026-04-05 16:00:49,OUTGOING,6329411,4140,571,CELL-ARP-08,31.519955,74.40176,GPRS,Airport Road
923001110001,923001110001,923009998885,410012372396344,35678901737047,2026-04-05 01:25:46,2026-04-05 01:25:46,OUTGOING,3406364,4743,586,CELL-MT-03,31.484526,74.323844,GPRS,Model Town
923001110001,923001110001,923009998883,410017150031585,35678901706888,2026-04-06 06:54:38,2026-04-06 06:54:38,OUTGOING,0,8874,320,CELL-MT-03,31.484458,74.321452,SMS,Model Town
923461678183,923009998888,923461678183,410011943852514,35678901450990,2026-04-03 05:26:19,2026-04-03 05:37:20,INCOMING,0,6405,182,CELL-DHA-05,31.469876,74.410903,CALL,DHA Phase 5
923001110003,923009998883,923001110003,410019602593859,35678901121405,2026-04-03 05:28:14,2026-04-03 05:39:01,INCOMING,0,9981,246,CELL-MT-03,31.483949,74.324879,CALL,Model Town
923001110001,923001110001,923009998887,410016090489262,35678901281852,2026-04-05 16:30:44,2026-04-05 16:46:34,OUTGOING,0,4714,868,CELL-ARP-08,31.522563,74.402574,VOLTE,Airport Road
923001110003,923001110003,923009998888,410015761357828,35678901517973,2026-04-06 07:22:20,2026-04-06 07:22:20,OUTGOING,0,6914,971,CELL-GLB-01,31.518492,74.356993,SMS,Gulberg
923001110002,923009998887,923001110002,410018772532769,35678901649687,2026-04-03 05:34:36,2026-04-03 05:34:36,INCOMING,4345914,8110,418,CELL-ARP-08,31.519896,74.403667,GPRS,Airport Road
923461678183,923009998885,923461678183,410014406463429,35678901640864,2026-04-03 05:36:03,2026-04-03 05:36:03,INCOMING,5750919,9480,954,CELL-MT-03,31.484555,74.323247,GPRS,Model Town
923461678183,923009998883,923461678183,410016678696855,35678901177660,2026-04-03 20:27:30,2026-04-03 20:27:30,INCOMING,6371992,3844,946,CELL-LB-02,31.508911,74.345357,GPRS,Liberty Market
923001110002,923001110002,923009998888,410017361620750,35678901159697,2026-04-05 02:10:33,2026-04-05 02:10:33,OUTGOING,7618160,1190,469,CELL-LB-02,31.509359,74.34339,GPRS,Liberty Market
923001110003,923009998884,923001110003,410018151174437,35678901226184,2026-04-03 05:42:24,2026-04-03 05:42:24,INCOMING,629708,1238,996,CELL-MT-03,31.483308,74.322252,GPRS,Model Town
923331234567,923009998887,923331234567,410016143888951,35678901204598,2026-04-04 11:28:05,2026-04-04 11:28:05,INCOMING,0,7390,240,CELL-DHA-05,31.470885,74.409082,SMS,DHA Phase 5
923001110003,923001110003,923009998885,410013148822988,35678901962721,2026-04-04 11:32:14,2026-04-04 11:32:14,OUTGOING,0,6145,864,CELL-GLB-01,31.519421,74.357806,SMS,Gulberg
923331234567,923331234567,923009998881,410015619792550,35678901967073,2026-04-05 17:24:49,2026-04-05 17:24:49,OUTGOING,0,5348,479,CELL-DHA-05,31.467907,74.408654,SMS,DHA Phase 5
923001110003,923001110003,923009998886,410017450839827,35678901354825,2026-04-05 02:35:24,2026-04-05 02:35:24,OUTGOING,0,1314,564,CELL-ARP-08,31.522511,74.404635,SMS,Airport Road
923461678183,923461678183,923009998888,410016677427258,35678901930945,2026-04-02 14:56:16,2026-04-02 14:56:16,OUTGOING,743991,2191,477,CELL-ARP-08,31.52083,74.404048,GPRS,Airport Road
923001110002,923009998887,923001110002,410018286108464,35678901590037,2026-04-02 14:57:49,2026-04-02 14:57:49,INCOMING,6005038,4129,653,CELL-ARP-08,31.520865,74.405489,GPRS,Airport Road
923451112233,923009998881,923451112233,410014643583790,35678901964098,2026-04-03 05:56:55,2026-04-03 05:56:55,INCOMING,4825027,9996,210,CELL-DHA-05,31.470171,74.409935,GPRS,DHA Phase 5
923001110001,923009998884,923001110001,410016863960635,35678901972155,2026-04-03 05:58:56,2026-04-03 05:58:56,INCOMING,2058670,4094,931,CELL-DHA-05,31.471626,74.410382,GPRS,DHA Phase 5
923461678183,923461678183,923009998884,410012164291531,35678901716048,2026-04-05 18:00:04,2026-04-05 18:00:04,OUTGOING,2599051,2187,636,CELL-ARP-08,31.521249,74.402004,GPRS,Airport Road
923451112233,923451112233,923009998885,410012031555398,35678901538924,2026-04-06 09:07:40,2026-04-06 09:07:40,OUTGOING,2732438,4088,394,CELL-GLB-01,31.51851,74.356812,GPRS,Gulberg
923001110001,923001110001,923009998881,410018021942930,35678901721099,2026-04-05 18:12:22,2026-04-05 18:12:22,OUTGOING,0,7770,741,CELL-ARP-08,31.520499,74.402558,SMS,Airport Road
923451112233,923451112233,923009998882,410014940410462,35678901499393,2026-04-06 09:21:25,2026-04-06 09:23:39,OUTGOING,0,6547,579,CELL-ARP-08,31.520803,74.403156,CALL,Airport Road
923331234567,923331234567,923009998884,410011666949554,35678901383909,2026-04-06 09:28:07,2026-04-06 09:28:07,OUTGOING,1532598,1105,357,CELL-GLB-01,31.521159,74.357651,GPRS,Gulberg
923331234567,923331234567,923009998882,410013127891956,35678901207630,2026-04-04 12:20:48,2026-04-04 12:20:48,OUTGOING,3810084,9686,932,CELL-DHA-05,31.468397,74.409465,GPRS,DHA Phase 5
923001110001,923009998882,923001110001,410015098160975,35678901812264,2026-04-05 18:36:49,2026-04-05 18:36:49,INCOMING,69974,8976,776,CELL-MT-03,31.484981,74.324424,GPRS,Model Town
923001110002,923009998885,923001110002,410012719074687,35678901647848,2026-04-06 09:49:10,2026-04-06 09:49:10,INCOMING,4546003,1006,426,CELL-ARP-08,31.522395,74.403401,GPRS,Airport Road
923331234567,923331234567,923009998887,410011041765332,35678901727088,2026-04-05 03:40:56,2026-04-05 03:40:56,OUTGOING,5501486,2337,471,CELL-DHA-05,31.470669,74.411213,GPRS,DHA Phase 5
923451112233,923009998887,923451112233,410014810207107,35678901761759,2026-04-03 06:18:05,2026-04-03 06:31:26,INCOMING,0,9749,249,CELL-LB-02,31.511557,74.346084,VOLTE,Liberty Market
923451112233,923009998884,923451112233,410013010677310,35678901361967,2026-04-03 06:20:21,2026-04-03 06:20:21,INCOMING,3558788,2573,851,CELL-ARP-08,31.520402,74.404796,GPRS,Airport Road
923331234567,923331234567,923009998881,410015878799949,35678901985858,2026-04-06 10:17:15,2026-04-06 10:17:15,OUTGOING,3357183,4613,173,CELL-MT-03,31.484329,74.321731,GPRS,Model Town
923001110002,923009998884,923001110002,410011556457980,35678901788584,2026-04-05 19:12:22,2026-04-05 19:12:22,INCOMING,3424830,5669,930,CELL-LB-02,31.510657,74.344938,GPRS,Liberty Market
923001110003,923009998885,923001110003,410012265332072,35678901608239,2026-04-02 15:13:01,2026-04-02 15:24:28,INCOMING,0,8241,614,CELL-LB-02,31.509373,74.344207,VOLTE,Liberty Market
923001110002,923001110002,923009998884,410016698235163,35678901272663,2026-04-06 10:38:38,2026-04-06 10:38:38,OUTGOING,3082654,1913,643,CELL-ARP-08,31.520354,74.405134,GPRS,Airport Road
923331234567,923009998884,923331234567,410016344311135,35678901487700,2026-04-03 06:30:25,2026-04-03 06:30:25,INCOMING,7278701,8945,652,CELL-LB-02,31.510984,74.345877,GPRS,Liberty Market
923001110003,923009998885,923001110003,410011162228080,35678901842274,2026-04-03 06:32:55,2026-04-03 06:32:55,INCOMING,6431702,5565,685,CELL-MT-03,31.482733,74.320987,GPRS,Model Town
923001110001,923009998887,923001110001,410012305984804,35678901466944,2026-04-05 19:42:47,2026-04-05 19:42:47,INCOMING,0,6018,707,CELL-DHA-05,31.471528,74.408751,CALL,DHA Phase 5
923451112233,923009998888,923451112233,410018953771298,35678901213404,2026-04-04 13:12:04,2026-04-04 13:19:28,INCOMING,0,1809,539,CELL-LB-02,31.51205,74.344228,VOLTE,Liberty Market
923451112233,923009998888,923451112233,410018829740768,35678901768724,2026-04-05 19:54:49,2026-04-05 19:54:49,INCOMING,0,1074,705,CELL-LB-02,31.508213,74.343002,SMS,Liberty Market
923461678183,923009998887,923461678183,410016183200813,35678901960187,2026-04-03 22:00:47,2026-04-03 22:00:47,INCOMING,0,6713,334,CELL-DHA-05,31.470142,74.407884,SMS,DHA Phase 5
923001110002,923001110002,923009998883,410014131325296,35678901544996,2026-04-05 20:06:40,2026-04-05 20:06:40,OUTGOING,0,3345,188,CELL-LB-02,31.51217,74.344874,SMS,Liberty Market
923331234567,923009998883,923331234567,410011478006998,35678901786180,2026-04-04 13:28:39,2026-04-04 13:28:39,INCOMING,0,7772,248,CELL-MT-03,31.483552,74.324685,SMS,Model Town
923451112233,923009998881,923451112233,410012482621333,35678901268698,2026-04-02 15:23:08,2026-04-02 15:23:08,INCOMING,0,3720,897,CELL-MT-03,31.481809,74.324675,VOLTE,Model Town
923461678183,923009998881,923461678183,410011584358981,35678901352859,2026-04-05 05:00:31,2026-04-05 05:00:31,INCOMING,0,9315,680,CELL-GLB-01,31.520951,74.359936,SMS,Gulberg
923461678183,923009998888,923461678183,410011088335673,35678901653208,2026-04-05 20:30:03,2026-04-05 20:30:03,INCOMING,0,6668,323,CELL-ARP-08,31.522758,74.404386,SMS,Airport Road
923451112233,923451112233,923009998885,410017782871653,35678901930994,2026-04-04 13:44:53,2026-04-04 13:46:44,OUTGOING,0,5297,753,CELL-GLB-01,31.519442,74.359213,CALL,Gulberg
923451112233,923451112233,923009998888,410011870010677,35678901303854,2026-04-02 15:27:50,2026-04-02 15:42:19,OUTGOING,0,4289,219,CELL-DHA-05,31.468427,74.410819,VOLTE,DHA Phase 5
923461678183,923461678183,923009998887,410011145456341,35678901983968,2026-04-03 06:56:02,2026-04-03 06:56:02,OUTGOING,0,5798,347,CELL-DHA-05,31.470359,74.409385,SMS,DHA Phase 5
923001110002,923001110002,923009998881,410015473121164,35678901701948,2026-04-02 15:29:42,2026-04-02 15:29:42,OUTGOING,1680843,6590,649,CELL-DHA-05,31.467844,74.411671,GPRS,DHA Phase 5
923001110003,923009998882,923001110003,410011808870248,35678901886784,2026-04-06 12:30:13,2026-04-06 12:30:13,INCOMING,1245080,4241,406,CELL-LB-02,31.510979,74.343756,GPRS,Liberty Market
923461678183,923461678183,923009998887,410019479583471,35678901405386,2026-04-05 21:06:38,2026-04-05 21:06:38,OUTGOING,0,2724,665,CELL-GLB-01,31.520931,74.358229,SMS,Gulberg
923451112233,923451112233,923009998888,410018196727781,35678901295477,2026-04-05 21:12:59,2026-04-05 21:12:59,OUTGOING,6333793,7107,498,CELL-GLB-01,31.520065,74.359675,GPRS,Gulberg
923001110001,923009998886,923001110001,410018741579078,35678901361504,2026-04-03 22:39:52,2026-04-03 22:39:52,INCOMING,7881538,3896,221,CELL-GLB-01,31.520748,74.358085,GPRS,Gulberg
923331234567,923331234567,923009998886,410012765817460,35678901646121,2026-04-05 05:50:15,2026-04-05 05:50:15,OUTGOING,0,7765,414,CELL-ARP-08,31.521455,74.402035,CALL,Airport Road
923001110001,923001110001,923009998887,410011359183938,35678901502556,2026-04-05 05:55:25,2026-04-05 05:55:25,OUTGOING,5695479,4331,195,CELL-MT-03,31.481414,74.321606,GPRS,Model Town
923331234567,923331234567,923009998885,410014221989743,35678901544289,2026-04-05 21:36:53,2026-04-05 21:36:53,OUTGOING,0,4065,922,CELL-LB-02,31.510626,74.343843,SMS,Liberty Market
923001110002,923009998887,923001110002,410016495860870,35678901631726,2026-04-06 13:19:08,2026-04-06 13:22:43,INCOMING,0,8238,775,CELL-LB-02,31.512158,74.34524,CALL,Liberty Market
923001110001,923009998881,923001110001,410011139244087,35678901439180,2026-04-06 13:26:26,2026-04-06 13:55:55,INCOMING,0,1660,702,CELL-LB-02,31.511847,74.344816,VOLTE,Liberty Market
923451112233,923009998881,923451112233,410015103457116,35678901849808,2026-04-05 21:54:02,2026-04-05 21:54:02,INCOMING,7048934,2799,185,CELL-GLB-01,31.522293,74.358558,GPRS,Gulberg
923001110002,923001110002,923009998883,410016568069175,35678901245014,2026-04-03 23:00:53,2026-04-03 23:00:53,OUTGOING,3945384,4522,519,CELL-ARP-08,31.522272,74.404089,GPRS,Airport Road
923451112233,923451112233,923009998881,410015314893200,35678901767883,2026-04-04 14:44:21,2026-04-04 15:09:03,OUTGOING,0,6444,895,CELL-ARP-08,31.522499,74.402756,VOLTE,Airport Road
923001110001,923001110001,923009998888,410013776003177,35678901160254,2026-04-06 13:54:52,2026-04-06 13:54:52,OUTGOING,4792782,3625,659,CELL-LB-02,31.511684,74.344204,GPRS,Liberty Market
923001110002,923001110002,923009998886,410019771006055,35678901250965,2026-04-03 07:26:41,2026-04-03 07:48:37,OUTGOING,0,1101,156,CELL-DHA-05,31.469083,74.411624,CALL,DHA Phase 5
923461678183,923461678183,923009998886,410012315496470,35678901152864,2026-04-03 23:12:47,2026-04-03 23:19:37,OUTGOING,0,3970,681,CELL-ARP-08,31.519751,74.403195,CALL,Airport Road
923451112233,923451112233,923009998883,410016062411967,35678901622267,2026-04-04 15:00:05,2026-04-04 15:14:29,OUTGOING,0,7128,406,CELL-LB-02,31.510677,74.345154,CALL,Liberty Market
923001110002,923001110002,923009998882,410017243689778,35678901610924,2026-04-05 06:50:55,2026-04-05 06:50:55,OUTGOING,0,2227,945,CELL-MT-03,31.481393,74.32219,SMS,Model Town
923001110003,923009998886,923001110003,410011923778611,35678901868757,2026-04-06 14:29:20,2026-04-06 14:29:20,INCOMING,4184801,8757,877,CELL-DHA-05,31.469558,74.410375,GPRS,DHA Phase 5
923451112233,923009998882,923451112233,410016490429185,35678901887681,2026-04-03 07:36:37,2026-04-03 07:36:37,INCOMING,3371116,6042,500,CELL-GLB-01,31.522045,74.357351,GPRS,Gulberg
923331234567,923331234567,923009998883,410015945863143,35678901750567,2026-04-03 23:27:02,2026-04-03 23:27:02,OUTGOING,4206313,9203,606,CELL-DHA-05,31.470083,74.411292,GPRS,DHA Phase 5
923461678183,923461678183,923009998882,410019193703612,35678901261906,2026-04-05 23:00:11,2026-04-05 23:26:52,OUTGOING,0,8723,589,CELL-MT-03,31.485022,74.322222,CALL,Model Town
923001110001,923009998888,923001110001,410018801665869,35678901348095,2026-04-03 07:42:21,2026-04-03 07:42:21,INCOMING,2666146,3062,402,CELL-DHA-05,31.468391,74.408889,GPRS,DHA Phase 5
923001110003,923009998884,923001110003,410011686420436,35678901242615,2026-04-06 15:04:16,2026-04-06 15:31:04,INCOMING,0,1437,795,CELL-MT-03,31.48122,74.321775,VOLTE,Model Town
923001110003,923009998881,923001110003,410011649839016,35678901835240,2026-04-06 15:11:51,2026-04-06 15:11:51,INCOMING,1863322,5618,287,CELL-DHA-05,31.471132,74.411067,GPRS,DHA Phase 5
923001110003,923009998888,923001110003,410017594928913,35678901842726,2026-04-06 15:18:26,2026-04-06 15:18:26,INCOMING,1922815,3580,268,CELL-GLB-01,31.522269,74.359267,GPRS,Gulberg
923461678183,923009998887,923461678183,410018892009238,35678901859312,2026-04-03 23:45:43,2026-04-03 23:45:43,INCOMING,7794141,8368,265,CELL-DHA-05,31.470708,74.408387,GPRS,DHA Phase 5
923331234567,923331234567,923009998885,410015939632086,35678901517334,2026-04-03 23:48:40,2026-04-03 23:48:40,OUTGOING,914892,8131,320,CELL-GLB-01,31.52135,74.357354,GPRS,Gulberg
923001110001,923009998884,923001110001,410016033577177,35678901708894,2026-04-02 15:57:40,2026-04-02 15:57:40,INCOMING,0,7404,220,CELL-LB-02,31.511922,74.34408,SMS,Liberty Market
923451112233,923009998884,923451112233,410019514575530,35678901642608,2026-04-06 15:46:09,2026-04-06 16:08:14,INCOMING,0,9215,519,CELL-DHA-05,31.46991,74.408006,CALL,DHA Phase 5
923331234567,923331234567,923009998884,410014028552123,35678901226002,2026-04-02 15:59:44,2026-04-02 15:59:44,OUTGOING,6426280,9012,509,CELL-ARP-08,31.519875,74.405107,GPRS,Airport Road
923451112233,923009998884,923451112233,410015615653326,35678901409532,2026-04-05 08:00:53,2026-04-05 08:00:53,INCOMING,6984349,5224,571,CELL-ARP-08,31.520816,74.402531,GPRS,Airport Road
923461678183,923461678183,923009998884,410014443188594,35678901554904,2026-04-04 16:04:55,2026-04-04 16:04:55,OUTGOING,2057104,2235,143,CELL-ARP-08,31.522468,74.402592,GPRS,Airport Road
923461678183,923009998887,923461678183,410018760619305,35678901814061,2026-04-06 16:14:39,2026-04-06 16:14:39,INCOMING,7406699,9423,171,CELL-MT-03,31.483473,74.3225,GPRS,Model Town
923001110001,923001110001,923009998886,410014063316617,35678901755418,2026-04-06 00:18:53,2026-04-06 00:40:09,OUTGOING,0,7481,660,CELL-MT-03,31.484252,74.321118,VOLTE,Model Town
923331234567,923331234567,923009998885,410018587861177,35678901570955,2026-04-06 00:24:52,2026-04-06 00:31:06,OUTGOING,0,3212,741,CELL-DHA-05,31.467756,74.410383,VOLTE,DHA Phase 5
923001110002,923001110002,923009998884,410011156607703,35678901322217,2026-04-03 08:10:15,2026-04-03 08:23:26,OUTGOING,0,3220,523,CELL-GLB-01,31.521395,74.359859,VOLTE,Gulberg
923461678183,923461678183,923009998882,410013989767565,35678901394634,2026-04-02 16:06:23,2026-04-02 16:33:51,OUTGOING,0,2600,963,CELL-ARP-08,31.522567,74.404657,VOLTE,Airport Road
923001110001,923009998888,923001110001,410015685089317,35678901811297,2026-04-04 00:21:48,2026-04-04 00:21:48,INCOMING,3104225,7643,512,CELL-DHA-05,31.471258,74.40867,GPRS,DHA Phase 5
923001110003,923001110003,923009998883,410014501955589,35678901974966,2026-04-05 08:40:26,2026-04-05 09:06:30,OUTGOING,0,9677,399,CELL-LB-02,31.510938,74.346068,CALL,Liberty Market
923331234567,923009998882,923331234567,410017821965816,35678901501882,2026-04-04 16:36:09,2026-04-04 16:36:09,INCOMING,2478119,7345,663,CELL-GLB-01,31.521924,74.357779,GPRS,Gulberg
923331234567,923009998884,923331234567,410011878468858,35678901571607,2026-04-06 17:10:56,2026-04-06 17:32:44,INCOMING,0,8008,732,CELL-DHA-05,31.468397,74.408784,CALL,DHA Phase 5
923001110002,923001110002,923009998882,410014329083406,35678901598542,2026-04-06 17:17:43,2026-04-06 17:17:43,OUTGOING,2438163,6532,984,CELL-DHA-05,31.468791,74.410815,GPRS,DHA Phase 5
923001110001,923001110001,923009998883,410014150596443,35678901508117,2026-04-06 01:12:58,2026-04-06 01:12:58,OUTGOING,6590323,3237,802,CELL-MT-03,31.481288,74.323592,GPRS,Model Town
923001110002,923001110002,923009998885,410017741098180,35678901441960,2026-04-05 09:05:29,2026-04-05 09:05:29,OUTGOING,485913,3250,646,CELL-ARP-08,31.521351,74.402451,GPRS,Airport Road
923001110002,923009998886,923001110002,410015079685477,35678901927101,2026-04-06 17:38:12,2026-04-06 17:38:12,INCOMING,4053134,2345,544,CELL-LB-02,31.511844,74.344345,GPRS,Liberty Market
923001110002,923001110002,923009998884,410019676148027,35678901638553,2026-04-05 09:15:19,2026-04-05 09:15:19,OUTGOING,0,1367,501,CELL-DHA-05,31.469003,74.409035,SMS,DHA Phase 5
923001110002,923001110002,923009998884,410018048701911,35678901983389,2026-04-04 17:04:25,2026-04-04 17:04:25,OUTGOING,4806631,7867,985,CELL-LB-02,31.509056,74.345137,GPRS,Liberty Market
923331234567,923009998887,923331234567,410012777396622,35678901203843,2026-04-04 00:51:18,2026-04-04 01:14:18,INCOMING,0,6366,317,CELL-MT-03,31.481705,74.324244,VOLTE,Model Town
923001110001,923009998882,923001110001,410017263597927,35678901967683,2026-04-06 18:06:01,2026-04-06 18:06:01,INCOMING,4886387,9984,522,CELL-MT-03,31.484132,74.323813,GPRS,Model Town
923001110001,923009998888,923001110001,410012826804205,35678901650365,2026-04-05 09:35:42,2026-04-05 09:35:42,INCOMING,0,5540,130,CELL-DHA-05,31.471319,74.409454,SMS,DHA Phase 5
923001110001,923001110001,923009998884,410018700677903,35678901458054,2026-04-05 09:40:14,2026-04-05 09:40:14,OUTGOING,216019,1837,647,CELL-GLB-01,31.520666,74.358695,GPRS,Gulberg
923001110002,923009998886,923001110002,410012336012515,35678901919365,2026-04-06 02:06:33,2026-04-06 02:06:33,INCOMING,654324,1743,472,CELL-ARP-08,31.523144,74.402493,GPRS,Airport Road
923001110002,923001110002,923009998885,410012601200212,35678901589596,2026-04-06 02:12:20,2026-04-06 02:12:20,OUTGOING,6933101,7865,837,CELL-LB-02,31.510765,74.343579,GPRS,Liberty Market
923001110002,923009998887,923001110002,410018459571536,35678901212501,2026-04-02 16:23:56,2026-04-02 16:37:20,INCOMING,0,3326,175,CELL-DHA-05,31.468247,74.409139,CALL,DHA Phase 5
923451112233,923451112233,923009998887,410016652589692,35678901305155,2026-04-04 01:12:11,2026-04-04 01:12:11,OUTGOING,0,1695,156,CELL-ARP-08,31.521919,74.404959,VOLTE,Airport Road
923001110001,923001110001,923009998882,410013534067715,35678901983397,2026-04-06 18:55:33,2026-04-06 18:55:33,OUTGOING,3335746,1489,929,CELL-MT-03,31.48382,74.322256,GPRS,Model Town
923001110001,923009998887,923001110001,410015084711804,35678901971696,2026-04-03 08:52:11,2026-04-03 09:21:48,INCOMING,0,1456,601,CELL-DHA-05,31.471303,74.409876,CALL,DHA Phase 5
923001110003,923001110003,923009998887,410013609520637,35678901450355,2026-04-06 19:09:03,2026-04-06 19:09:03,OUTGOING,0,8603,692,CELL-LB-02,31.510244,74.345726,SMS,Liberty Market
923461678183,923461678183,923009998887,410014545967183,35678901815168,2026-04-06 19:16:22,2026-04-06 19:16:22,OUTGOING,0,4086,406,CELL-GLB-01,31.520593,74.358128,SMS,Gulberg
923331234567,923331234567,923009998885,410012321444021,35678901644886,2026-04-06 19:23:16,2026-04-06 19:23:16,OUTGOING,0,5031,445,CELL-MT-03,31.484369,74.324417,SMS,Model Town
923001110001,923001110001,923009998881,410015076971201,35678901268917,2026-04-05 10:30:06,2026-04-05 10:30:06,OUTGOING,2581120,5760,384,CELL-GLB-01,31.521156,74.360288,GPRS,Gulberg
923461678183,923461678183,923009998886,410018468624693,35678901443521,2026-04-05 10:35:56,2026-04-05 10:35:56,OUTGOING,0,5680,691,CELL-LB-02,31.508306,74.344708,SMS,Liberty Market
923331234567,923331234567,923009998888,410018341272877,35678901473383,2026-04-04 01:36:47,2026-04-04 02:04:29,OUTGOING,0,1866,848,CELL-ARP-08,31.523529,74.402394,VOLTE,Airport Road
923451112233,923451112233,923009998883,410011993646504,35678901658412,2026-04-03 09:06:20,2026-04-03 09:06:20,OUTGOING,7615197,8846,165,CELL-MT-03,31.483981,74.321809,GPRS,Model Town
923001110003,923001110003,923009998888,410012455011292,35678901515878,2026-04-04 18:16:56,2026-04-04 18:16:56,OUTGOING,1396270,8828,965,CELL-ARP-08,31.520254,74.403654,GPRS,Airport Road
923001110003,923001110003,923009998886,410017189662836,35678901503899,2026-04-04 01:45:03,2026-04-04 01:45:03,OUTGOING,0,2422,522,CELL-ARP-08,31.519696,74.40198,SMS,Airport Road
923331234567,923009998883,923331234567,410013478999273,35678901567263,2026-04-02 16:36:56,2026-04-02 16:55:29,INCOMING,0,9328,788,CELL-DHA-05,31.470393,74.408337,CALL,DHA Phase 5
923001110003,923001110003,923009998883,410015863653497,35678901770059,2026-04-04 18:28:08,2026-04-04 18:28:08,OUTGOING,0,3181,770,CELL-MT-03,31.484637,74.322817,SMS,Model Town
923001110001,923009998881,923001110001,410018583412545,35678901625109,2026-04-03 09:16:32,2026-04-03 09:16:32,INCOMING,3101512,6109,354,CELL-GLB-01,31.519319,74.356932,GPRS,Gulberg
923001110002,923009998881,923001110002,410011561880215,35678901811579,2026-04-03 09:18:27,2026-04-03 09:18:27,INCOMING,711642,9116,477,CELL-DHA-05,31.468267,74.411619,GPRS,DHA Phase 5
923461678183,923461678183,923009998882,410015755360809,35678901526283,2026-04-03 09:20:40,2026-04-03 09:20:40,OUTGOING,7556968,1285,246,CELL-ARP-08,31.523183,74.404224,GPRS,Airport Road
923331234567,923009998881,923331234567,410018047478901,35678901259468,2026-04-02 16:41:55,2026-04-02 16:41:55,INCOMING,0,5649,240,CELL-LB-02,31.509907,74.343178,SMS,Liberty Market
923331234567,923009998888,923331234567,410019860011997,35678901360492,2026-04-03 09:24:42,2026-04-03 09:24:42,INCOMING,0,1181,980,CELL-MT-03,31.48364,74.323195,CALL,Model Town
923461678183,923461678183,923009998888,410013954339863,35678901865901,2026-04-04 02:09:16,2026-04-04 02:09:16,OUTGOING,5179702,1767,210,CELL-GLB-01,31.52044,74.359031,GPRS,Gulberg
923001110001,923009998887,923001110001,410018978984928,35678901519759,2026-04-06 04:24:59,2026-04-06 04:30:00,INCOMING,0,6087,852,CELL-MT-03,31.481245,74.322623,VOLTE,Model Town
923001110001,923001110001,923009998882,410018018492112,35678901414799,2026-04-04 02:15:50,2026-04-04 02:26:49,OUTGOING,0,6843,184,CELL-DHA-05,31.468426,74.40792,VOLTE,DHA Phase 5
923001110001,923001110001,923009998881,410019119794576,35678901546703,2026-04-04 19:04:29,2026-04-04 19:04:29,OUTGOING,5561811,6012,994,CELL-MT-03,31.48476,74.324156,GPRS,Model Town
923331234567,923009998886,923331234567,410018388153827,35678901513988,2026-04-05 11:55:35,2026-04-05 11:55:35,INCOMING,7982656,3003,727,CELL-DHA-05,31.468319,74.410962,GPRS,DHA Phase 5
923001110002,923009998881,923001110002,410015818751304,35678901626196,2026-04-04 02:24:33,2026-04-04 02:24:33,INCOMING,5503326,4785,888,CELL-LB-02,31.51206,74.342372,GPRS,Liberty Market
923001110003,923001110003,923009998884,410014084283807,35678901500417,2026-04-05 12:05:09,2026-04-05 12:05:09,OUTGOING,4557109,8534,808,CELL-ARP-08,31.52173,74.404563,GPRS,Airport Road
923001110003,923009998882,923001110003,410017411010135,35678901260687,2026-04-06 05:00:37,2026-04-06 05:00:37,INCOMING,0,5993,577,CELL-DHA-05,31.469799,74.409432,CALL,DHA Phase 5
923331234567,923331234567,923009998883,410013952080527,35678901689916,2026-04-06 21:57:32,2026-04-06 21:57:32,OUTGOING,0,1041,148,CELL-LB-02,31.509656,74.343947,SMS,Liberty Market
923461678183,923009998886,923461678183,410011014596264,35678901939895,2026-04-06 22:04:10,2026-04-06 22:29:21,INCOMING,0,6818,186,CELL-DHA-05,31.469321,74.410978,CALL,DHA Phase 5
923001110003,923009998881,923001110003,410012774632171,35678901357494,2026-04-05 12:25:47,2026-04-05 12:25:47,INCOMING,6174471,7243,506,CELL-MT-03,31.481294,74.321539,GPRS,Model Town
923331234567,923331234567,923009998888,410015393571648,35678901619828,2026-04-06 05:24:07,2026-04-06 05:24:07,OUTGOING,7509748,1368,231,CELL-ARP-08,31.520505,74.402523,GPRS,Airport Road
923001110001,923009998887,923001110001,410011480188558,35678901962086,2026-04-06 22:25:58,2026-04-06 22:25:58,INCOMING,5200873,5855,468,CELL-ARP-08,31.521205,74.405379,GPRS,Airport Road
923001110003,923001110003,923009998882,410016805122392,35678901242743,2026-04-05 12:40:41,2026-04-05 12:54:14,OUTGOING,0,9675,656,CELL-ARP-08,31.521981,74.40222,VOLTE,Airport Road
923001110003,923009998886,923001110003,410013195104362,35678901888218,2026-04-02 16:57:58,2026-04-02 16:57:58,INCOMING,734898,9284,855,CELL-DHA-05,31.469836,74.410269,GPRS,DHA Phase 5
923001110001,923009998881,923001110001,410012149425912,35678901290891,2026-04-06 05:48:24,2026-04-06 05:48:24,INCOMING,5161185,3729,703,CELL-LB-02,31.512118,74.345729,GPRS,Liberty Market
923001110002,923009998882,923001110002,410016890498106,35678901510903,2026-04-03 09:58:29,2026-04-03 09:58:29,INCOMING,7631192,1655,593,CELL-GLB-01,31.51853,74.360592,GPRS,Gulberg
923451112233,923009998881,923451112233,410013799265239,35678901422920,2026-04-06 06:00:11,2026-04-06 06:05:04,INCOMING,0,3145,114,CELL-MT-03,31.481353,74.321844,CALL,Model Town
923331234567,923331234567,923009998881,410015853953428,35678901608138,2026-04-04 03:03:37,2026-04-04 03:03:37,OUTGOING,0,5825,688,CELL-MT-03,31.484829,74.324066,SMS,Model Town
923451112233,923451112233,923009998888,410015979161287,35678901438004,2026-04-06 23:14:44,2026-04-06 23:35:59,OUTGOING,0,8267,209,CELL-MT-03,31.482121,74.323299,CALL,Model Town
923001110002,923001110002,923009998888,410018366644519,35678901137895,2026-04-06 23:21:27,2026-04-06 23:27:10,OUTGOING,0,2781,206,CELL-DHA-05,31.469524,74.410865,VOLTE,DHA Phase 5
923001110001,923009998883,923001110001,410011731746403,35678901531804,2026-04-04 20:16:08,2026-04-04 20:16:08,INCOMING,3643167,2197,211,CELL-ARP-08,31.519912,74.403693,GPRS,Airport Road
923001110002,923001110002,923009998881,410013486175316,35678901738711,2026-04-04 03:15:09,2026-04-04 03:15:09,OUTGOING,5895084,4841,305,CELL-DHA-05,31.471373,74.411304,GPRS,DHA Phase 5
923451112233,923009998884,923451112233,410015710047690,35678901610488,2026-04-02 17:06:41,2026-04-02 17:06:41,INCOMING,0,1786,354,CELL-DHA-05,31.470192,74.41124,CALL,DHA Phase 5
923451112233,923451112233,923009998883,410013399745717,35678901347597,2026-04-05 13:35:23,2026-04-05 13:51:58,OUTGOING,0,7503,317,CELL-DHA-05,31.469745,74.410053,CALL,DHA Phase 5
923001110001,923009998882,923001110001,410016150507188,35678901178622,2026-04-02 17:08:52,2026-04-02 17:08:52,INCOMING,2385478,1266,140,CELL-MT-03,31.481892,74.322365,GPRS,Model Town
923331234567,923009998883,923331234567,410016668526166,35678901486938,2026-04-03 10:18:59,2026-04-03 10:18:59,INCOMING,0,5497,446,CELL-DHA-05,31.469202,74.410684,SMS,DHA Phase 5
923001110002,923001110002,923009998881,410017192535893,35678901946465,2026-04-06 07:00:11,2026-04-06 07:14:27,OUTGOING,0,9361,873,CELL-MT-03,31.483146,74.324648,CALL,Model Town
923001110001,923009998888,923001110001,410013518657826,35678901780222,2026-04-02 17:11:00,2026-04-02 17:11:00,INCOMING,0,4264,619,CELL-GLB-01,31.520471,74.357057,SMS,Gulberg
923461678183,923461678183,923009998888,410012240604235,35678901263283,2026-04-04 20:48:27,2026-04-04 21:02:20,OUTGOING,0,5306,114,CELL-ARP-08,31.520051,74.404588,CALL,Airport Road
923451112233,923451112233,923009998888,410017738774353,35678901482075,2026-04-04 20:52:38,2026-04-04 20:52:38,OUTGOING,5649131,8148,604,CELL-ARP-08,31.520993,74.404928,GPRS,Airport Road
923451112233,923451112233,923009998887,410016480204024,35678901182919,2026-04-04 20:56:46,2026-04-04 20:56:46,OUTGOING,4296717,6985,235,CELL-MT-03,31.48132,74.323779,GPRS,Model Town
923001110003,923009998885,923001110003,410014081060188,35678901163614,2026-04-06 07:30:11,2026-04-06 07:30:11,INCOMING,3004492,9192,249,CELL-LB-02,31.50977,74.343753,GPRS,Liberty Market
923001110002,923001110002,923009998882,410019547668462,35678901962632,2026-04-02 17:16:02,2026-04-02 17:16:02,OUTGOING,1408208,4594,231,CELL-DHA-05,31.469968,74.409673,GPRS,DHA Phase 5
923461678183,923009998883,923461678183,410017069268060,35678901378507,2026-04-07 00:59:00,2026-04-07 01:15:09,INCOMING,0,2523,401,CELL-ARP-08,31.523087,74.405151,VOLTE,Airport Road
923001110003,923001110003,923009998883,410018222719002,35678901151912,2026-04-02 17:18:15,2026-04-02 17:18:15,OUTGOING,2100769,9388,324,CELL-DHA-05,31.468236,74.411124,GPRS,DHA Phase 5
923001110002,923001110002,923009998882,410014426237822,35678901483781,2026-04-03 10:38:25,2026-04-03 10:49:48,OUTGOING,0,2168,777,CELL-ARP-08,31.520667,74.403615,CALL,Airport Road
923001110002,923001110002,923009998884,410015493595317,35678901954727,2026-04-05 14:40:29,2026-04-05 14:40:29,OUTGOING,2058323,5144,926,CELL-GLB-01,31.522239,74.358081,GPRS,Gulberg
923001110001,923001110001,923009998884,410018680179935,35678901731835,2026-04-04 04:03:26,2026-04-04 04:31:09,OUTGOING,0,2942,649,CELL-MT-03,31.48465,74.321489,VOLTE,Model Town
923331234567,923009998881,923331234567,410015183488958,35678901919229,2026-04-05 14:50:59,2026-04-05 14:50:59,INCOMING,5196605,7918,280,CELL-GLB-01,31.520042,74.357571,GPRS,Gulberg
923001110003,923009998883,923001110003,410012676481444,35678901761012,2026-04-04 04:09:17,2026-04-04 04:14:32,INCOMING,0,8366,154,CELL-LB-02,31.509811,74.344427,CALL,Liberty Market
923001110001,923001110001,923009998886,410018971560691,35678901161914,2026-04-04 21:36:51,2026-04-04 21:36:51,OUTGOING,572635,1913,103,CELL-MT-03,31.48159,74.32118,GPRS,Model Town
923331234567,923331234567,923009998886,410012869952300,35678901603243,2026-04-04 04:15:14,2026-04-04 04:42:20,OUTGOING,0,7876,854,CELL-DHA-05,31.47152,74.411646,CALL,DHA Phase 5
923001110001,923001110001,923009998885,410019818709855,35678901691448,2026-04-03 10:52:21,2026-04-03 10:52:21,OUTGOING,6679199,5627,270,CELL-LB-02,31.509591,74.34589,GPRS,Liberty Market
923461678183,923461678183,923009998888,410012736661448,35678901399665,2026-04-06 08:42:07,2026-04-06 08:42:07,OUTGOING,7012502,4982,541,CELL-GLB-01,31.52199,74.357029,GPRS,Gulberg
923451112233,923451112233,923009998881,410012890126334,35678901529171,2026-04-04 04:24:51,2026-04-04 04:24:51,OUTGOING,0,9622,816,CELL-MT-03,31.48392,74.321272,CALL,Model Town
923001110002,923009998882,923001110002,410011795105291,35678901459620,2026-04-04 21:56:03,2026-04-04 21:56:03,INCOMING,0,9189,461,CELL-LB-02,31.509466,74.34473,SMS,Liberty Market
923001110002,923001110002,923009998887,410011703744614,35678901157175,2026-04-03 11:00:33,2026-04-03 11:00:33,OUTGOING,6416091,9945,886,CELL-ARP-08,31.523285,74.403666,GPRS,Airport Road
923001110003,923009998888,923001110003,410013427656956,35678901729360,2026-04-06 09:06:44,2026-04-06 09:22:28,INCOMING,0,3431,480,CELL-DHA-05,31.468046,74.410407,VOLTE,DHA Phase 5
923331234567,923331234567,923009998882,410017733820275,35678901977898,2026-04-04 04:36:56,2026-04-04 04:36:56,OUTGOING,0,3233,417,CELL-GLB-01,31.519341,74.358911,SMS,Gulberg
923001110001,923009998881,923001110001,410017325059741,35678901815441,2026-04-04 22:12:19,2026-04-04 22:12:19,INCOMING,0,7593,338,CELL-DHA-05,31.467792,74.409723,SMS,DHA Phase 5
923001110002,923009998887,923001110002,410013088499652,35678901727087,2026-04-05 15:50:25,2026-04-05 16:18:53,INCOMING,0,1923,571,CELL-MT-03,31.483263,74.321155,VOLTE,Model Town
923461678183,923009998885,923461678183,410012649041505,35678901608737,2026-04-06 09:30:31,2026-04-06 09:55:53,INCOMING,0,5018,244,CELL-LB-02,31.508376,74.344468,CALL,Liberty Market
923451112233,923009998881,923451112233,410018167012595,35678901185393,2026-04-07 03:12:43,2026-04-07 03:15:53,INCOMING,0,8108,359,CELL-LB-02,31.511024,74.345987,CALL,Liberty Market
923331234567,923331234567,923009998883,410015888714873,35678901500976,2026-04-03 11:14:37,2026-04-03 11:14:37,OUTGOING,217505,2859,573,CELL-DHA-05,31.46955,74.411458,GPRS,DHA Phase 5
923331234567,923009998887,923331234567,410019257776586,35678901761653,2026-04-05 16:10:58,2026-04-05 16:22:01,INCOMING,0,5063,699,CELL-MT-03,31.484846,74.320979,CALL,Model Town
923331234567,923331234567,923009998883,410013254289936,35678901267414,2026-04-07 03:33:03,2026-04-07 03:43:13,OUTGOING,0,5334,937,CELL-GLB-01,31.52016,74.358306,CALL,Gulberg
923001110001,923001110001,923009998883,410017694923841,35678901128200,2026-04-04 05:00:43,2026-04-04 05:00:43,OUTGOING,0,2628,716,CELL-ARP-08,31.521987,74.40164,SMS,Airport Road
923001110003,923009998887,923001110003,410016536337572,35678901231790,2026-04-04 05:03:20,2026-04-04 05:03:20,INCOMING,6893385,6897,876,CELL-LB-02,31.508735,74.346069,GPRS,Liberty Market
923001110003,923001110003,923009998885,410015234828602,35678901851741,2026-04-04 22:48:42,2026-04-04 22:48:42,OUTGOING,0,4123,296,CELL-ARP-08,31.520455,74.405508,SMS,Airport Road
923461678183,923009998881,923461678183,410013915870687,35678901716464,2026-04-07 04:01:36,2026-04-07 04:10:54,INCOMING,0,6479,810,CELL-GLB-01,31.520425,74.357855,CALL,Gulberg
923001110002,923009998887,923001110002,410011008001573,35678901317005,2026-04-06 10:24:50,2026-04-06 10:24:50,INCOMING,7508290,1671,290,CELL-LB-02,31.511142,74.344881,GPRS,Liberty Market
923451112233,923451112233,923009998888,410019528362294,35678901215385,2026-04-04 23:00:32,2026-04-04 23:16:44,OUTGOING,0,7198,210,CELL-LB-02,31.50972,74.34413,CALL,Liberty Market
923331234567,923331234567,923009998881,410015259804026,35678901816930,2026-04-04 05:18:01,2026-04-04 05:18:01,OUTGOING,6914645,6132,418,CELL-GLB-01,31.519898,74.357263,GPRS,Gulberg
923331234567,923331234567,923009998885,410013412287914,35678901506005,2026-04-04 23:08:49,2026-04-04 23:08:49,OUTGOING,4850583,5290,953,CELL-LB-02,31.509591,74.344044,GPRS,Liberty Market
923331234567,923009998886,923331234567,410012559072691,35678901529995,2026-04-05 17:00:19,2026-04-05 17:00:19,INCOMING,7816673,5815,880,CELL-ARP-08,31.521368,74.403511,GPRS,Airport Road
923451112233,923009998886,923451112233,410011147709450,35678901354012,2026-04-05 17:05:49,2026-04-05 17:05:49,INCOMING,4318883,4677,296,CELL-GLB-01,31.521677,74.358252,GPRS,Gulberg
923461678183,923461678183,923009998882,410018227837890,35678901755736,2026-04-04 23:20:39,2026-04-04 23:20:39,OUTGOING,2244008,4358,205,CELL-DHA-05,31.468226,74.411005,GPRS,DHA Phase 5
923461678183,923461678183,923009998884,410019723783977,35678901892415,2026-04-04 23:24:54,2026-04-04 23:24:54,OUTGOING,4964816,8986,436,CELL-ARP-08,31.520079,74.403357,GPRS,Airport Road
923001110003,923001110003,923009998887,410017692216390,35678901506248,2026-04-05 17:20:27,2026-04-05 17:26:43,OUTGOING,0,5454,450,CELL-GLB-01,31.520318,74.356823,CALL,Gulberg
923331234567,923009998882,923331234567,410018262863004,35678901726185,2026-04-03 11:46:58,2026-04-03 12:02:40,INCOMING,0,9395,965,CELL-LB-02,31.508965,74.345469,CALL,Liberty Market
923331234567,923331234567,923009998887,410018043322066,35678901673171,2026-04-03 11:48:09,2026-04-03 12:17:54,OUTGOING,0,8982,116,CELL-ARP-08,31.520585,74.404942,VOLTE,Airport Road
923451112233,923451112233,923009998886,410013185546048,35678901172509,2026-04-03 11:50:48,2026-04-03 11:50:48,OUTGOING,622382,9867,241,CELL-LB-02,31.50904,74.342198,GPRS,Liberty Market
923001110002,923009998884,923001110002,410018606070048,35678901653941,2026-04-03 11:52:16,2026-04-03 12:02:50,INCOMING,0,4102,736,CELL-GLB-01,31.520674,74.357539,CALL,Gulberg
923461678183,923461678183,923009998883,410018055031197,35678901442373,2026-04-02 17:57:05,2026-04-02 18:19:24,OUTGOING,0,6525,691,CELL-MT-03,31.485186,74.321877,VOLTE,Model Town
923001110002,923001110002,923009998885,410019088513810,35678901381090,2026-04-03 11:56:51,2026-04-03 11:56:51,OUTGOING,0,1011,569,CELL-GLB-01,31.519349,74.356989,SMS,Gulberg
923001110001,923009998886,923001110001,410013970382854,35678901435936,2026-04-03 11:58:40,2026-04-03 11:58:40,INCOMING,0,5460,280,CELL-GLB-01,31.520979,74.358658,SMS,Gulberg
923001110002,923009998882,923001110002,410016737612076,35678901320147,2026-04-05 00:00:50,2026-04-05 00:00:50,INCOMING,6638694,7357,276,CELL-ARP-08,31.520661,74.402342,GPRS,Airport Road
923451112233,923009998888,923451112233,410015420873643,35678901853058,2026-04-07 06:07:22,2026-04-07 06:15:29,INCOMING,0,4802,957,CELL-LB-02,31.509245,74.345672,VOLTE,Liberty Market
923461678183,923009998881,923461678183,410015226265243,35678901941530,2026-04-03 12:04:40,2026-04-03 12:04:40,INCOMING,1426088,4728,574,CELL-MT-03,31.48313,74.321779,GPRS,Model Town
923331234567,923009998885,923331234567,410012802351713,35678901701665,2026-04-04 06:09:09,2026-04-04 06:09:09,INCOMING,2299652,3332,958,CELL-MT-03,31.48359,74.323748,GPRS,Model Town
923001110001,923001110001,923009998887,410018258447486,35678901669381,2026-04-05 00:16:07,2026-04-05 00:16:07,OUTGOING,1036689,9832,846,CELL-GLB-01,31.518501,74.358012,GPRS,Gulberg
923461678183,923009998885,923461678183,410011262558594,35678901761239,2026-04-05 18:25:53,2026-04-05 18:53:26,INCOMING,0,8850,896,CELL-MT-03,31.483233,74.322079,CALL,Model Town
923001110001,923001110001,923009998885,410012589776191,35678901846231,2026-04-05 00:24:25,2026-04-05 00:24:25,OUTGOING,0,1916,886,CELL-GLB-01,31.518547,74.360397,VOLTE,Gulberg
923461678183,923461678183,923009998887,410013280430066,35678901838756,2026-04-06 12:42:02,2026-04-06 12:43:55,OUTGOING,0,2898,312,CELL-MT-03,31.481419,74.322604,CALL,Model Town
923331234567,923009998885,923331234567,410017849302170,35678901186918,2026-04-05 00:32:25,2026-04-05 00:32:25,INCOMING,0,2131,694,CELL-LB-02,31.508811,74.342164,SMS,Liberty Market
923331234567,923331234567,923009998887,410016356943836,35678901373869,2026-04-05 18:45:44,2026-04-05 18:45:44,OUTGOING,0,2080,820,CELL-GLB-01,31.52194,74.357887,SMS,Gulberg
923331234567,923331234567,923009998888,410016170067314,35678901336746,2026-04-04 06:30:05,2026-04-04 06:30:05,OUTGOING,0,7268,890,CELL-GLB-01,31.522301,74.358994,SMS,Gulberg
923331234567,923331234567,923009998887,410012976275127,35678901528065,2026-04-04 06:33:11,2026-04-04 06:33:11,OUTGOING,7884842,2699,196,CELL-ARP-08,31.520839,74.404338,GPRS,Airport Road
923001110003,923001110003,923009998887,410016734550078,35678901605705,2026-04-06 13:12:11,2026-04-06 13:12:11,OUTGOING,0,2883,433,CELL-LB-02,31.509741,74.344126,SMS,Liberty Market
923451112233,923451112233,923009998888,410017421472536,35678901850452,2026-04-04 06:39:54,2026-04-04 06:39:54,OUTGOING,7526879,7517,825,CELL-DHA-05,31.469368,74.410434,GPRS,DHA Phase 5
923001110003,923001110003,923009998881,410019821725563,35678901208820,2026-04-04 06:42:23,2026-04-04 06:42:23,OUTGOING,0,6923,694,CELL-LB-02,31.511402,74.344672,SMS,Liberty Market
923001110002,923009998883,923001110002,410014121075958,35678901795605,2026-04-03 12:30:58,2026-04-03 12:30:58,INCOMING,688959,8068,260,CELL-LB-02,31.509194,74.342452,GPRS,Liberty Market
923001110001,923009998888,923001110001,410018781589960,35678901689180,2026-04-04 06:48:30,2026-04-04 06:48:30,INCOMING,7983278,3229,660,CELL-ARP-08,31.521881,74.402993,GPRS,Airport Road
923461678183,923009998883,923461678183,410015223817196,35678901711353,2026-04-05 19:25:41,2026-04-05 19:25:41,INCOMING,4494557,8555,203,CELL-LB-02,31.510978,74.343376,GPRS,Liberty Market
923461678183,923461678183,923009998883,410012941037047,35678901157712,2026-04-02 18:18:58,2026-04-02 18:18:58,OUTGOING,0,8957,388,CELL-DHA-05,31.46923,74.410195,SMS,DHA Phase 5
923331234567,923009998887,923331234567,410016425061025,35678901676876,2026-04-06 13:54:09,2026-04-06 13:54:09,INCOMING,6044610,7016,612,CELL-GLB-01,31.52006,74.358342,GPRS,Gulberg
923001110001,923001110001,923009998886,410013591656283,35678901837425,2026-04-02 18:20:20,2026-04-02 18:20:20,OUTGOING,4560911,8727,606,CELL-ARP-08,31.519714,74.405143,GPRS,Airport Road
923451112233,923451112233,923009998888,410012085947214,35678901321726,2026-04-06 14:06:59,2026-04-06 14:06:59,OUTGOING,5061144,7424,679,CELL-ARP-08,31.521344,74.403477,GPRS,Airport Road
923451112233,923009998883,923451112233,410015813382351,35678901582687,2026-04-04 07:06:54,2026-04-04 07:06:54,INCOMING,4948791,4649,153,CELL-ARP-08,31.522807,74.403956,GPRS,Airport Road
923001110002,923001110002,923009998881,410012886957707,35678901137700,2026-04-06 14:18:13,2026-04-06 14:18:13,OUTGOING,6666623,7280,522,CELL-MT-03,31.484748,74.324876,GPRS,Model Town
923001110001,923001110001,923009998886,410014976046350,35678901586338,2026-04-04 07:12:35,2026-04-04 07:12:35,OUTGOING,5289548,6068,817,CELL-LB-02,31.511144,74.345544,GPRS,Liberty Market
923331234567,923009998886,923331234567,410012852004428,35678901676734,2026-04-05 01:40:46,2026-04-05 01:40:46,INCOMING,318553,5785,104,CELL-GLB-01,31.521353,74.360693,GPRS,Gulberg
923001110002,923001110002,923009998881,410015646453761,35678901804395,2026-04-02 18:26:28,2026-04-02 18:33:49,OUTGOING,0,8836,586,CELL-MT-03,31.484725,74.324219,CALL,Model Town
923001110003,923009998885,923001110003,410018209145949,35678901152417,2026-04-05 20:15:10,2026-04-05 20:15:10,INCOMING,4694794,7456,412,CELL-LB-02,31.509131,74.342598,GPRS,Liberty Market
923001110003,923001110003,923009998881,410017131453426,35678901771450,2026-04-03 12:56:59,2026-04-03 12:56:59,OUTGOING,7791581,5609,113,CELL-LB-02,31.509999,74.344107,GPRS,Liberty Market
923451112233,923009998883,923451112233,410016770066106,35678901173350,2026-04-03 12:58:28,2026-04-03 12:58:28,INCOMING,5351401,1224,988,CELL-GLB-01,31.519251,74.35861,GPRS,Gulberg
923001110002,923009998885,923001110002,410013075556008,35678901167582,2026-04-03 13:00:37,2026-04-03 13:00:37,INCOMING,0,6853,246,CELL-MT-03,31.484144,74.321697,CALL,Model Town
923001110002,923001110002,923009998883,410019103001964,35678901790812,2026-04-04 07:33:25,2026-04-04 07:33:25,OUTGOING,160731,4047,718,CELL-LB-02,31.508426,74.345753,GPRS,Liberty Market
923331234567,923331234567,923009998881,410015105631239,35678901546797,2026-04-03 13:04:43,2026-04-03 13:04:43,OUTGOING,0,3654,790,CELL-DHA-05,31.469685,74.408594,SMS,DHA Phase 5
923001110001,923001110001,923009998881,410014448577961,35678901814605,2026-04-04 07:39:28,2026-04-04 07:39:28,OUTGOING,3225540,2146,164,CELL-GLB-01,31.521723,74.358164,GPRS,Gulberg
923001110002,923009998883,923001110002,410016721498596,35678901490746,2026-04-05 20:50:18,2026-04-05 20:50:59,INCOMING,0,8615,252,CELL-DHA-05,31.468929,74.410186,CALL,DHA Phase 5
923001110002,923001110002,923009998886,410013492107179,35678901546423,2026-04-04 07:45:13,2026-04-04 07:45:13,OUTGOING,6756899,5944,320,CELL-DHA-05,31.470274,74.409741,GPRS,DHA Phase 5
923461678183,923009998887,923461678183,410013709390864,35678901148513,2026-04-02 18:36:00,2026-04-02 18:36:00,INCOMING,7349616,4348,881,CELL-MT-03,31.481391,74.32219,GPRS,Model Town
923461678183,923009998888,923461678183,410017123894689,35678901939612,2026-04-04 07:51:52,2026-04-04 07:51:52,INCOMING,0,9865,336,CELL-ARP-08,31.523349,74.402198,SMS,Airport Road
923001110001,923001110001,923009998884,410012385786492,35678901462442,2026-04-03 13:16:25,2026-04-03 13:16:25,OUTGOING,6047191,4054,467,CELL-GLB-01,31.520329,74.35933,GPRS,Gulberg
923331234567,923331234567,923009998881,410012787809235,35678901762207,2026-04-06 15:54:04,2026-04-06 15:54:04,OUTGOING,6320171,8609,772,CELL-MT-03,31.482939,74.324199,GPRS,Model Town
923331234567,923009998881,923331234567,410014375178597,35678901822562,2026-04-02 18:40:03,2026-04-02 18:40:03,INCOMING,0,6763,944,CELL-DHA-05,31.469999,74.408408,SMS,DHA Phase 5
923001110002,923001110002,923009998881,410018357121032,35678901354184,2026-04-07 10:47:20,2026-04-07 10:57:42,OUTGOING,0,2724,565,CELL-DHA-05,31.469891,74.409355,CALL,DHA Phase 5
923461678183,923461678183,923009998888,410014070617879,35678901522166,2026-04-05 21:30:49,2026-04-05 21:46:27,OUTGOING,0,7628,414,CELL-MT-03,31.483922,74.324131,CALL,Model Town
923451112233,923009998882,923451112233,410014828677347,35678901253499,2026-04-05 02:52:59,2026-04-05 02:56:50,INCOMING,0,4919,610,CELL-LB-02,31.508474,74.346026,VOLTE,Liberty Market
923001110001,923009998881,923001110001,410011106999367,35678901911143,2026-04-05 21:40:49,2026-04-05 21:40:49,INCOMING,2470256,3202,543,CELL-MT-03,31.482076,74.323433,GPRS,Model Town
923001110001,923009998887,923001110001,410019054036421,35678901928413,2026-04-05 21:45:18,2026-04-05 22:11:37,INCOMING,0,9798,924,CELL-DHA-05,31.471361,74.408874,VOLTE,DHA Phase 5
923461678183,923461678183,923009998882,410016246187549,35678901507225,2026-04-06 16:36:33,2026-04-06 16:36:33,OUTGOING,558172,8364,540,CELL-MT-03,31.483135,74.322125,GPRS,Model Town
923451112233,923009998886,923451112233,410019836303681,35678901428063,2026-04-05 03:08:35,2026-04-05 03:08:35,INCOMING,0,6914,141,CELL-DHA-05,31.467939,74.4082,SMS,DHA Phase 5
923001110001,923001110001,923009998885,410013126718436,35678901916266,2026-04-05 03:12:56,2026-04-05 03:12:56,OUTGOING,1881504,1388,686,CELL-MT-03,31.482367,74.324272,GPRS,Model Town
923001110002,923009998888,923001110002,410014281103117,35678901438447,2026-04-03 13:38:59,2026-04-03 13:38:59,INCOMING,236268,5140,283,CELL-DHA-05,31.469472,74.410748,GPRS,DHA Phase 5
923001110001,923009998884,923001110001,410019519965279,35678901623045,2026-04-07 11:50:59,2026-04-07 11:50:59,INCOMING,0,9335,504,CELL-ARP-08,31.522337,74.40265,SMS,Airport Road
923451112233,923451112233,923009998888,410013369317081,35678901600762,2026-04-03 13:42:09,2026-04-03 13:42:09,OUTGOING,4179420,2131,235,CELL-MT-03,31.48173,74.32436,GPRS,Model Town
923331234567,923331234567,923009998882,410013170489794,35678901914811,2026-04-05 03:28:50,2026-04-05 03:28:50,OUTGOING,0,9595,153,CELL-ARP-08,31.523285,74.405275,SMS,Airport Road
923451112233,923009998888,923451112233,410013943628698,35678901182538,2026-04-05 03:32:57,2026-04-05 03:32:57,INCOMING,3748331,1808,839,CELL-ARP-08,31.522502,74.402482,GPRS,Airport Road
923461678183,923009998882,923461678183,410016920979819,35678901195330,2026-04-07 12:18:24,2026-04-07 12:23:25,INCOMING,0,8937,213,CELL-MT-03,31.483169,74.322406,CALL,Model Town
923001110003,923009998881,923001110003,410017789375826,35678901654857,2026-04-06 17:30:19,2026-04-06 17:30:19,INCOMING,204934,1965,642,CELL-LB-02,31.510061,74.34445,GPRS,Liberty Market
923331234567,923331234567,923009998881,410018094070597,35678901163650,2026-04-04 08:48:47,2026-04-04 08:53:08,OUTGOING,0,9379,203,CELL-LB-02,31.51114,74.343832,CALL,Liberty Market
923461678183,923461678183,923009998881,410013117387122,35678901219570,2026-04-03 13:54:38,2026-04-03 14:12:35,OUTGOING,0,6724,311,CELL-ARP-08,31.522689,74.402194,CALL,Airport Road
923461678183,923461678183,923009998887,410015995388520,35678901379368,2026-04-05 03:52:33,2026-04-05 03:52:33,OUTGOING,0,9091,266,CELL-GLB-01,31.518825,74.360353,SMS,Gulberg
923001110003,923009998885,923001110003,410014181896130,35678901316481,2026-04-05 22:55:34,2026-04-05 22:55:34,INCOMING,1890427,6861,738,CELL-LB-02,31.5092,74.342581,GPRS,Liberty Market
923001110001,923009998888,923001110001,410017901428266,35678901557140,2026-04-02 19:00:02,2026-04-02 19:00:02,INCOMING,0,1386,270,CELL-ARP-08,31.522618,74.403294,SMS,Airport Road
923001110001,923001110001,923009998883,410016109584735,35678901165979,2026-04-07 13:07:04,2026-04-07 13:07:04,OUTGOING,0,5478,581,CELL-GLB-01,31.520516,74.356727,VOLTE,Gulberg
923451112233,923009998887,923451112233,410016002562316,35678901956449,2026-04-06 18:12:02,2026-04-06 18:12:02,INCOMING,911750,8052,492,CELL-LB-02,31.509137,74.345389,GPRS,Liberty Market
923001110003,923009998888,923001110003,410017840185149,35678901980789,2026-04-06 18:18:14,2026-04-06 18:18:14,INCOMING,1785039,6219,579,CELL-GLB-01,31.520472,74.35749,GPRS,Gulberg
923331234567,923009998882,923331234567,410011278585773,35678901868138,2026-04-07 13:28:40,2026-04-07 13:28:40,INCOMING,6986429,3846,873,CELL-DHA-05,31.468543,74.40782,GPRS,DHA Phase 5
923001110002,923009998884,923001110002,410013916109169,35678901648791,2026-04-02 19:05:43,2026-04-02 19:05:43,INCOMING,956090,9985,824,CELL-DHA-05,31.47019,74.41003,GPRS,DHA Phase 5
923001110002,923009998885,923001110002,410016817738018,35678901810982,2026-04-02 19:06:08,2026-04-02 19:17:02,INCOMING,0,2281,807,CELL-MT-03,31.484877,74.324806,VOLTE,Model Town
923001110002,923009998884,923001110002,410017087384985,35678901746708,2026-04-02 19:07:25,2026-04-02 19:20:01,INCOMING,0,7500,125,CELL-GLB-01,31.521344,74.357499,CALL,Gulberg
923331234567,923331234567,923009998887,410017820033812,35678901678796,2026-04-02 19:08:04,2026-04-02 19:08:04,OUTGOING,3490764,1853,198,CELL-ARP-08,31.519837,74.404406,GPRS,Airport Road
923001110001,923001110001,923009998881,410015644323840,35678901378028,2026-04-05 04:36:22,2026-04-05 04:36:22,OUTGOING,2791677,3960,502,CELL-LB-02,31.509114,74.345215,GPRS,Liberty Market
923451112233,923451112233,923009998888,410018088913181,35678901469055,2026-04-07 14:10:44,2026-04-07 14:10:44,OUTGOING,1558443,1209,713,CELL-MT-03,31.484572,74.322522,GPRS,Model Town
923451112233,923009998885,923451112233,410018390446918,35678901877753,2026-04-02 19:11:00,2026-04-02 19:11:00,INCOMING,0,8239,281,CELL-LB-02,31.510105,74.345482,SMS,Liberty Market
923001110003,923001110003,923009998884,410019678910339,35678901255218,2026-04-05 04:48:23,2026-04-05 04:48:23,OUTGOING,0,8772,570,CELL-ARP-08,31.52045,74.404373,SMS,Airport Road
923001110001,923001110001,923009998885,410014921602864,35678901154693,2026-04-07 14:31:58,2026-04-07 14:31:58,OUTGOING,1188492,8589,337,CELL-GLB-01,31.520879,74.357054,GPRS,Gulberg
923461678183,923461678183,923009998888,410011624989279,35678901236150,2026-04-02 19:14:24,2026-04-02 19:14:24,OUTGOING,6540461,2083,222,CELL-MT-03,31.484223,74.324842,GPRS,Model Town
923331234567,923331234567,923009998881,410015849796776,35678901777254,2026-04-07 14:45:09,2026-04-07 14:45:09,OUTGOING,0,9136,332,CELL-GLB-01,31.519844,74.358006,SMS,Gulberg
923461678183,923461678183,923009998888,410017486636191,35678901615329,2026-04-04 09:48:17,2026-04-04 09:48:17,OUTGOING,0,2549,161,CELL-ARP-08,31.52352,74.405071,SMS,Airport Road
923001110003,923001110003,923009998884,410012018841430,35678901252075,2026-04-06 00:25:00,2026-04-06 00:25:00,OUTGOING,2851346,2247,269,CELL-LB-02,31.51094,74.34608,GPRS,Liberty Market
923001110003,923001110003,923009998881,410014087966469,35678901452543,2026-04-07 15:06:17,2026-04-07 15:06:17,OUTGOING,0,9694,933,CELL-DHA-05,31.468309,74.410449,SMS,DHA Phase 5
923001110001,923009998884,923001110001,410018494814374,35678901385150,2026-04-06 19:54:00,2026-04-06 19:54:00,INCOMING,685933,5818,401,CELL-DHA-05,31.468961,74.411404,GPRS,DHA Phase 5
923461678183,923009998886,923461678183,410017394914655,35678901198181,2026-04-02 19:20:01,2026-04-02 19:40:03,INCOMING,0,3587,618,CELL-LB-02,31.508784,74.342233,CALL,Liberty Market
923451112233,923009998887,923451112233,410016126916234,35678901592163,2026-04-03 14:42:46,2026-04-03 14:42:46,INCOMING,0,2972,893,CELL-MT-03,31.484546,74.324883,SMS,Model Town
923331234567,923009998888,923331234567,410015420523442,35678901297613,2026-04-02 19:22:04,2026-04-02 19:22:04,INCOMING,0,4910,604,CELL-ARP-08,31.523068,74.403812,CALL,Airport Road
923001110002,923009998882,923001110002,410016347400901,35678901347460,2026-04-04 10:09:26,2026-04-04 10:09:26,INCOMING,1489612,4251,572,CELL-MT-03,31.483055,74.321807,GPRS,Model Town
923451112233,923451112233,923009998883,410012841257572,35678901589829,2026-04-04 10:12:17,2026-04-04 10:12:17,OUTGOING,5522287,4126,389,CELL-GLB-01,31.521777,74.357127,GPRS,Gulberg
923451112233,923451112233,923009998885,410017563022619,35678901517000,2026-04-02 19:25:17,2026-04-02 19:41:43,OUTGOING,0,9731,862,CELL-LB-02,31.508753,74.342373,VOLTE,Liberty Market
923001110002,923009998884,923001110002,410018666651164,35678901565066,2026-04-05 05:44:32,2026-04-05 05:44:32,INCOMING,2065154,2371,359,CELL-GLB-01,31.518939,74.357522,GPRS,Gulberg
923001110002,923001110002,923009998881,410014130815369,35678901990102,2026-04-06 01:15:52,2026-04-06 01:15:52,OUTGOING,290661,2448,176,CELL-GLB-01,31.518541,74.358791,GPRS,Gulberg
923001110003,923001110003,923009998881,410015525438463,35678901846185,2026-04-04 10:24:47,2026-04-04 10:24:47,OUTGOING,7427922,6481,952,CELL-MT-03,31.481736,74.322221,GPRS,Model Town
923001110002,923001110002,923009998881,410018452759893,35678901778290,2026-04-07 16:23:18,2026-04-07 16:23:18,OUTGOING,1361327,5934,819,CELL-DHA-05,31.470885,74.410503,GPRS,DHA Phase 5
923331234567,923331234567,923009998884,410018499658776,35678901133273,2026-04-06 21:00:36,2026-04-06 21:00:36,OUTGOING,1592479,1241,490,CELL-DHA-05,31.468336,74.4086,GPRS,DHA Phase 5
923001110003,923009998886,923001110003,410017850375007,35678901753004,2026-04-06 21:06:21,2026-04-06 21:06:21,INCOMING,1100141,8320,152,CELL-MT-03,31.48179,74.324119,GPRS,Model Town
923331234567,923009998888,923331234567,410012008933986,35678901879339,2026-04-06 01:40:26,2026-04-06 01:40:26,INCOMING,1682823,5766,356,CELL-MT-03,31.484192,74.3237,GPRS,Model Town
923451112233,923451112233,923009998888,410016309265970,35678901547648,2026-04-04 10:39:01,2026-04-04 11:05:46,OUTGOING,0,5752,389,CELL-DHA-05,31.471094,74.408486,VOLTE,DHA Phase 5
923331234567,923331234567,923009998888,410014609477666,35678901905831,2026-04-04 10:42:02,2026-04-04 10:42:02,OUTGOING,0,9958,963,CELL-MT-03,31.484651,74.323599,SMS,Model Town
923001110003,923009998883,923001110003,410017806280337,35678901991309,2026-04-02 19:35:15,2026-04-02 19:48:07,INCOMING,0,4306,361,CELL-LB-02,31.51196,74.345929,VOLTE,Liberty Market
923001110003,923001110003,923009998888,410017069848912,35678901142223,2026-04-07 17:12:30,2026-04-07 17:40:58,OUTGOING,0,4144,824,CELL-ARP-08,31.520543,74.405537,CALL,Airport Road
923461678183,923009998885,923461678183,410011445230595,35678901834838,2026-04-03 15:14:45,2026-04-03 15:43:50,INCOMING,0,4737,799,CELL-ARP-08,31.522031,74.40239,VOLTE,Airport Road
923001110002,923001110002,923009998882,410012907276808,35678901469864,2026-04-06 02:10:17,2026-04-06 02:35:31,OUTGOING,0,6985,470,CELL-LB-02,31.510866,74.344839,CALL,Liberty Market
923461678183,923009998885,923461678183,410013832780004,35678901810630,2026-04-06 02:15:09,2026-04-06 02:33:41,INCOMING,0,1426,686,CELL-GLB-01,31.520493,74.359429,CALL,Gulberg
923001110002,923009998883,923001110002,410016682036205,35678901858987,2026-04-07 17:40:19,2026-04-07 18:01:43,INCOMING,0,9012,167,CELL-GLB-01,31.521055,74.357474,CALL,Gulberg
923331234567,923331234567,923009998882,410015320543801,35678901271066,2026-04-07 17:47:03,2026-04-07 17:47:03,OUTGOING,0,8533,939,CELL-GLB-01,31.51876,74.358481,SMS,Gulberg
923461678183,923009998881,923461678183,410013995038571,35678901316690,2026-04-07 17:54:55,2026-04-07 18:09:49,INCOMING,0,9414,132,CELL-LB-02,31.509689,74.346075,CALL,Liberty Market
923451112233,923451112233,923009998886,410012739837944,35678901472285,2026-04-05 06:52:19,2026-04-05 06:52:19,OUTGOING,7136995,4181,462,CELL-GLB-01,31.519336,74.358045,GPRS,Gulberg
923001110002,923001110002,923009998888,410016281556824,35678901621947,2026-04-06 02:40:45,2026-04-06 03:08:57,OUTGOING,0,1848,766,CELL-MT-03,31.484884,74.324552,CALL,Model Town
923461678183,923009998885,923461678183,410013961721946,35678901870240,2026-04-02 19:45:25,2026-04-02 20:07:38,INCOMING,0,5672,626,CELL-ARP-08,31.520143,74.402578,VOLTE,Airport Road
923461678183,923009998886,923461678183,410015968043469,35678901974831,2026-04-07 18:22:22,2026-04-07 18:22:22,INCOMING,7943895,9681,193,CELL-DHA-05,31.470745,74.411269,GPRS,DHA Phase 5
923331234567,923331234567,923009998887,410017631866968,35678901562862,2026-04-04 11:21:21,2026-04-04 11:32:31,OUTGOING,0,2444,666,CELL-GLB-01,31.521626,74.356939,VOLTE,Gulberg
923001110002,923001110002,923009998884,410011302859317,35678901587573,2026-04-06 03:00:49,2026-04-06 03:00:49,OUTGOING,2981316,7131,359,CELL-GLB-01,31.519258,74.356707,GPRS,Gulberg
923001110001,923001110001,923009998883,410013394078177,35678901179605,2026-04-07 18:43:10,2026-04-07 18:43:10,OUTGOING,0,9762,107,CELL-MT-03,31.482711,74.323381,SMS,Model Town
923001110001,923001110001,923009998886,410017811111363,35678901991363,2026-04-06 23:00:04,2026-04-06 23:00:04,OUTGOING,4259160,7788,681,CELL-LB-02,31.511414,74.344521,GPRS,Liberty Market
923331234567,923009998887,923331234567,410013962857144,35678901204356,2026-04-02 19:51:51,2026-04-02 20:00:32,INCOMING,0,4691,872,CELL-MT-03,31.481685,74.321686,CALL,Model Town
923001110002,923001110002,923009998881,410012845424875,35678901239160,2026-04-05 07:28:45,2026-04-05 07:40:19,OUTGOING,0,7475,494,CELL-MT-03,31.484043,74.32462,CALL,Model Town
923461678183,923009998883,923461678183,410014925902722,35678901848906,2026-04-02 19:53:04,2026-04-02 20:18:04,INCOMING,0,1355,922,CELL-MT-03,31.484223,74.323525,VOLTE,Model Town
923001110001,923001110001,923009998885,410019499349278,35678901392692,2026-04-07 19:18:53,2026-04-07 19:18:53,OUTGOING,1801951,4739,124,CELL-DHA-05,31.46856,74.409615,GPRS,DHA Phase 5
923461678183,923009998881,923461678183,410017600547796,35678901557721,2026-04-06 23:30:47,2026-04-06 23:41:52,INCOMING,0,3119,693,CELL-MT-03,31.482671,74.323834,VOLTE,Model Town
923451112233,923009998887,923451112233,410016644226572,35678901460739,2026-04-05 07:44:04,2026-04-05 07:44:04,INCOMING,2834789,1378,106,CELL-GLB-01,31.519749,74.357799,GPRS,Gulberg
923001110003,923001110003,923009998884,410018295149768,35678901390234,2026-04-05 07:48:28,2026-04-05 07:48:28,OUTGOING,1447943,4131,269,CELL-DHA-05,31.471159,74.409413,GPRS,DHA Phase 5
923451112233,923451112233,923009998881,410016034337639,35678901735275,2026-04-02 19:58:10,2026-04-02 20:16:09,OUTGOING,0,2263,954,CELL-LB-02,31.511756,74.344161,CALL,Liberty Market
923001110002,923001110002,923009998884,410011842580519,35678901873345,2026-04-05 07:56:37,2026-04-05 07:56:37,OUTGOING,1207314,5393,649,CELL-LB-02,31.50989,74.344465,GPRS,Liberty Market
923001110002,923009998887,923001110002,410015113684069,35678901294078,2026-04-02 20:00:25,2026-04-02 20:00:25,INCOMING,0,6282,419,CELL-MT-03,31.483519,74.324539,VOLTE,Model Town
923001110003,923001110003,923009998888,410011791367680,35678901643215,2026-04-06 04:05:46,2026-04-06 04:05:46,OUTGOING,2338770,1234,957,CELL-LB-02,31.510435,74.345363,GPRS,Liberty Market
923001110003,923001110003,923009998888,410011133610171,35678901755926,2026-04-04 12:06:13,2026-04-04 12:35:35,OUTGOING,0,6215,957,CELL-ARP-08,31.523221,74.403167,VOLTE,Airport Road
923001110001,923009998881,923001110001,410013966357260,35678901183303,2026-04-07 00:18:50,2026-04-07 00:18:50,INCOMING,2757040,5378,316,CELL-LB-02,31.509417,74.343367,GPRS,Liberty Market
923001110003,923009998888,923001110003,410018684310165,35678901611134,2026-04-07 20:28:40,2026-04-07 20:28:40,INCOMING,0,1237,202,CELL-ARP-08,31.521014,74.402503,CALL,Airport Road
923001110001,923001110001,923009998882,410014019527998,35678901773869,2026-04-02 20:05:10,2026-04-02 20:05:10,OUTGOING,7705777,4843,668,CELL-LB-02,31.51062,74.342306,GPRS,Liberty Market
923331234567,923331234567,923009998887,410017062177626,35678901379324,2026-04-02 20:06:09,2026-04-02 20:06:09,OUTGOING,0,2384,810,CELL-MT-03,31.483988,74.322631,SMS,Model Town
923001110002,923009998883,923001110002,410012229488447,35678901831640,2026-04-05 08:28:44,2026-04-05 08:28:44,INCOMING,1197668,8829,233,CELL-MT-03,31.483568,74.324874,GPRS,Model Town
923001110003,923009998885,923001110003,410014576882203,35678901366732,2026-04-02 20:08:28,2026-04-02 20:08:28,INCOMING,3808409,1024,135,CELL-LB-02,31.511082,74.345904,GPRS,Liberty Market
923331234567,923009998882,923331234567,410019998820721,35678901788526,2026-04-03 16:18:39,2026-04-03 16:18:39,INCOMING,0,4215,261,CELL-LB-02,31.50956,74.344194,SMS,Liberty Market
923001110002,923009998888,923001110002,410014875063262,35678901554296,2026-04-03 16:20:43,2026-04-03 16:20:43,INCOMING,6008805,1408,828,CELL-MT-03,31.483764,74.323177,GPRS,Model Town
923461678183,923009998882,923461678183,410017032181334,35678901958828,2026-04-04 12:33:58,2026-04-04 12:33:58,INCOMING,3372446,6607,914,CELL-LB-02,31.508609,74.345792,GPRS,Liberty Market
923451112233,923451112233,923009998884,410016066408148,35678901189507,2026-04-03 16:24:26,2026-04-03 16:24:26,OUTGOING,0,2550,468,CELL-GLB-01,31.518775,74.359305,SMS,Gulberg
923001110003,923009998884,923001110003,410014946966246,35678901894208,2026-04-02 20:13:56,2026-04-02 20:13:56,INCOMING,7870645,5564,568,CELL-LB-02,31.511927,74.344035,GPRS,Liberty Market
923331234567,923009998887,923331234567,410017102038629,35678901254561,2026-04-07 01:24:08,2026-04-07 01:24:08,INCOMING,0,6503,518,CELL-MT-03,31.482143,74.323384,SMS,Model Town
923001110003,923001110003,923009998884,410018815074262,35678901664225,2026-04-07 21:45:34,2026-04-07 21:45:34,OUTGOING,0,8292,669,CELL-MT-03,31.483855,74.324406,SMS,Model Town
923001110002,923009998883,923001110002,410018974533547,35678901852847,2026-04-07 21:52:26,2026-04-07 22:16:29,INCOMING,0,8810,741,CELL-MT-03,31.481551,74.321886,VOLTE,Model Town
923461678183,923009998887,923461678183,410013054548016,35678901865162,2026-04-05 09:08:14,2026-04-05 09:08:14,INCOMING,6359382,1337,519,CELL-DHA-05,31.468,74.410151,GPRS,DHA Phase 5
923001110003,923009998883,923001110003,410017468464240,35678901510211,2026-04-02 20:18:00,2026-04-02 20:18:00,INCOMING,2369998,8376,987,CELL-DHA-05,31.470304,74.408324,GPRS,DHA Phase 5
923001110003,923001110003,923009998885,410016177777381,35678901995195,2026-04-02 20:19:55,2026-04-02 20:19:55,OUTGOING,2014668,8422,901,CELL-MT-03,31.48157,74.324863,GPRS,Model Town
923001110001,923001110001,923009998883,410017341923519,35678901673151,2026-04-02 20:20:52,2026-04-02 20:20:52,OUTGOING,6348975,2884,394,CELL-DHA-05,31.470848,74.411314,GPRS,DHA Phase 5
923001110002,923009998888,923001110002,410018832693310,35678901381267,2026-04-07 22:27:12,2026-04-07 22:48:15,INCOMING,0,1152,268,CELL-MT-03,31.482312,74.321274,VOLTE,Model Town
923001110002,923009998883,923001110002,410011448767048,35678901248239,2026-04-05 09:28:43,2026-04-05 09:28:43,INCOMING,7303616,4900,788,CELL-LB-02,31.511965,74.344813,GPRS,Liberty Market
923331234567,923009998887,923331234567,410014510140835,35678901324076,2026-04-05 09:32:25,2026-04-05 09:32:25,INCOMING,269054,7096,921,CELL-DHA-05,31.470813,74.41122,GPRS,DHA Phase 5
923001110001,923009998882,923001110001,410019059417518,35678901306566,2026-04-05 09:36:26,2026-04-05 09:36:26,INCOMING,6026150,8311,225,CELL-DHA-05,31.471073,74.408168,GPRS,DHA Phase 5
923001110003,923001110003,923009998881,410015155609787,35678901506084,2026-04-02 20:25:02,2026-04-02 20:25:02,OUTGOING,0,7975,169,CELL-GLB-01,31.519282,74.358256,SMS,Gulberg
923001110001,923009998882,923001110001,410018030742606,35678901472300,2026-04-04 13:18:53,2026-04-04 13:18:53,INCOMING,0,2283,663,CELL-MT-03,31.484828,74.323101,VOLTE,Model Town
923001110003,923001110003,923009998884,410013029872369,35678901772309,2026-04-07 02:42:20,2026-04-07 02:52:58,OUTGOING,0,7391,451,CELL-LB-02,31.509403,74.345354,CALL,Liberty Market
923001110002,923001110002,923009998888,410014582770113,35678901532975,2026-04-06 06:20:40,2026-04-06 06:20:40,OUTGOING,7840925,1550,646,CELL-ARP-08,31.521121,74.401804,GPRS,Airport Road
923331234567,923009998882,923331234567,410019901434491,35678901116295,2026-04-05 09:56:13,2026-04-05 09:56:13,INCOMING,7494920,6276,386,CELL-MT-03,31.481426,74.323469,GPRS,Model Town
923331234567,923009998886,923331234567,410017399259763,35678901320054,2026-04-07 23:30:40,2026-04-07 23:34:21,INCOMING,0,7929,271,CELL-GLB-01,31.522392,74.358102,CALL,Gulberg
923451112233,923009998882,923451112233,410014441211178,35678901602570,2026-04-03 17:02:11,2026-04-03 17:02:11,INCOMING,0,7473,830,CELL-MT-03,31.483975,74.323415,SMS,Model Town
923001110002,923009998888,923001110002,410012215819041,35678901893301,2026-04-04 13:36:11,2026-04-04 13:36:11,INCOMING,3153780,1647,155,CELL-MT-03,31.484842,74.321983,GPRS,Model Town
923451112233,923451112233,923009998884,410018473468981,35678901446295,2026-04-07 23:51:19,2026-04-07 23:51:19,OUTGOING,2213097,4000,147,CELL-GLB-01,31.521631,74.359928,GPRS,Gulberg
923331234567,923009998882,923331234567,410017479394475,35678901262962,2026-04-03 17:08:00,2026-04-03 17:08:00,INCOMING,0,2815,272,CELL-GLB-01,31.521164,74.359123,SMS,Gulberg
923001110003,923009998885,923001110003,410015597109165,35678901381462,2026-04-06 06:55:32,2026-04-06 06:55:32,INCOMING,6643908,8972,913,CELL-LB-02,31.511558,74.344947,GPRS,Liberty Market
923001110003,923009998881,923001110003,410015073517046,35678901692927,2026-04-02 20:36:46,2026-04-02 20:36:46,INCOMING,6528143,6197,435,CELL-LB-02,31.511995,74.344813,GPRS,Liberty Market
923331234567,923331234567,923009998883,410016790249563,35678901788001,2026-04-02 20:37:44,2026-04-02 20:37:44,OUTGOING,2726669,2077,512,CELL-MT-03,31.483367,74.322408,GPRS,Model Town
923001110003,923001110003,923009998886,410011975956520,35678901465516,2026-04-05 10:32:20,2026-04-05 10:32:20,OUTGOING,5980721,1073,892,CELL-ARP-08,31.521945,74.40484,GPRS,Airport Road
923001110003,923001110003,923009998881,410017004029250,35678901903460,2026-04-05 10:36:37,2026-04-05 10:36:37,OUTGOING,0,1133,927,CELL-ARP-08,31.520543,74.404484,SMS,Airport Road
923331234567,923331234567,923009998881,410014564072757,35678901919203,2026-04-06 07:20:03,2026-04-06 07:41:46,OUTGOING,0,9998,770,CELL-ARP-08,31.52263,74.402082,CALL,Airport Road
923001110001,923001110001,923009998886,410019947634227,35678901434380,2026-04-06 07:25:37,2026-04-06 07:40:21,OUTGOING,0,7620,701,CELL-DHA-05,31.469667,74.41161,VOLTE,DHA Phase 5
923001110001,923009998882,923001110001,410018377029505,35678901302263,2026-04-02 20:42:46,2026-04-02 20:42:46,INCOMING,1939505,4550,735,CELL-MT-03,31.481478,74.324283,GPRS,Model Town
923001110002,923009998887,923001110002,410013275421198,35678901548272,2026-04-02 20:43:13,2026-04-02 20:43:13,INCOMING,0,4401,702,CELL-MT-03,31.482497,74.322039,SMS,Model Town
923331234567,923009998882,923331234567,410014977386567,35678901784967,2026-04-06 07:40:16,2026-04-06 07:57:48,INCOMING,0,1432,366,CELL-LB-02,31.511382,74.345342,CALL,Liberty Market
923461678183,923461678183,923009998887,410019611022635,35678901854031,2026-04-02 20:45:26,2026-04-02 20:52:10,OUTGOING,0,3582,219,CELL-MT-03,31.48261,74.324718,CALL,Model Town
923461678183,923009998885,923461678183,410015988369325,35678901497018,2026-04-05 11:04:57,2026-04-05 11:04:57,INCOMING,0,5929,228,CELL-DHA-05,31.467744,74.409705,SMS,DHA Phase 5
923001110001,923001110001,923009998886,410011788314906,35678901372972,2026-04-03 17:34:49,2026-04-03 17:36:52,OUTGOING,0,7109,687,CELL-LB-02,31.510614,74.343713,CALL,Liberty Market
923331234567,923009998886,923331234567,410014725887588,35678901906061,2026-04-02 20:48:36,2026-04-02 20:48:36,INCOMING,3248554,2706,784,CELL-DHA-05,31.470828,74.408326,GPRS,DHA Phase 5
923001110001,923009998884,923001110001,410015194667857,35678901822700,2026-04-07 04:54:34,2026-04-07 05:03:14,INCOMING,0,7413,902,CELL-DHA-05,31.471143,74.41129,CALL,DHA Phase 5
923461678183,923461678183,923009998884,410013914529874,35678901435847,2026-04-08 01:50:42,2026-04-08 01:50:42,OUTGOING,176090,5929,593,CELL-ARP-08,31.520054,74.403637,GPRS,Airport Road
923001110003,923001110003,923009998888,410015397240981,35678901256497,2026-04-06 08:15:25,2026-04-06 08:15:25,OUTGOING,0,8832,452,CELL-MT-03,31.484253,74.321513,SMS,Model Town
923451112233,923451112233,923009998886,410016406952645,35678901588148,2026-04-04 14:36:49,2026-04-04 14:54:26,OUTGOING,0,9994,591,CELL-DHA-05,31.468897,74.411253,VOLTE,DHA Phase 5
923451112233,923451112233,923009998885,410013718912735,35678901643067,2026-04-06 08:25:59,2026-04-06 08:25:59,OUTGOING,2944317,7644,969,CELL-DHA-05,31.469196,74.409264,GPRS,DHA Phase 5
923451112233,923009998887,923451112233,410012770251223,35678901457621,2026-04-03 17:48:18,2026-04-03 17:48:18,INCOMING,4835127,8138,541,CELL-MT-03,31.484509,74.322559,GPRS,Model Town
923331234567,923331234567,923009998882,410014768101446,35678901367056,2026-04-02 20:55:49,2026-04-02 21:09:11,OUTGOING,0,7809,810,CELL-DHA-05,31.471597,74.409996,CALL,DHA Phase 5
923001110002,923001110002,923009998882,410013157145458,35678901842935,2026-04-02 20:56:27,2026-04-02 20:56:27,OUTGOING,7938603,9923,392,CELL-LB-02,31.509313,74.34438,GPRS,Liberty Market
923001110002,923009998881,923001110002,410014194944800,35678901999026,2026-04-08 02:39:06,2026-04-08 02:50:20,INCOMING,0,4076,664,CELL-DHA-05,31.471594,74.41013,VOLTE,DHA Phase 5
923001110002,923001110002,923009998888,410016112072619,35678901939206,2026-04-02 20:58:50,2026-04-02 20:58:50,OUTGOING,0,2168,118,CELL-ARP-08,31.520485,74.402334,SMS,Airport Road
923461678183,923461678183,923009998886,410017094433387,35678901516577,2026-04-02 20:59:01,2026-04-02 20:59:01,OUTGOING,6628964,7110,453,CELL-GLB-01,31.519484,74.358812,GPRS,Gulberg
923001110002,923009998882,923001110002,410012297320202,35678901745010,2026-04-08 03:00:02,2026-04-08 03:00:02,INCOMING,0,1743,391,CELL-MT-03,31.484333,74.322274,CALL,Model Town
923001110003,923009998883,923001110003,410014437052124,35678901721174,2026-04-06 09:05:50,2026-04-06 09:05:50,INCOMING,0,7066,679,CELL-GLB-01,31.521052,74.358023,SMS,Gulberg
923451112233,923451112233,923009998884,410011351415762,35678901351012,2026-04-05 12:08:19,2026-04-05 12:08:19,OUTGOING,1701315,7527,117,CELL-ARP-08,31.519918,74.402327,GPRS,Airport Road
923331234567,923009998881,923331234567,410019385795491,35678901577683,2026-04-07 06:18:55,2026-04-07 06:36:02,INCOMING,0,6939,656,CELL-ARP-08,31.523102,74.40349,CALL,Airport Road
923461678183,923461678183,923009998884,410012109352231,35678901171932,2026-04-05 12:16:50,2026-04-05 12:16:50,OUTGOING,2930831,8901,783,CELL-ARP-08,31.520865,74.401785,GPRS,Airport Road
923451112233,923451112233,923009998882,410017321720012,35678901839353,2026-04-05 12:20:25,2026-04-05 12:20:25,OUTGOING,0,3873,307,CELL-MT-03,31.482298,74.323505,SMS,Model Town
923451112233,923009998883,923451112233,410017552578152,35678901744241,2026-04-08 03:42:18,2026-04-08 03:42:18,INCOMING,4677320,6340,895,CELL-MT-03,31.481961,74.322395,GPRS,Model Town
923331234567,923009998883,923331234567,410013711457867,35678901624270,2026-04-02 21:07:09,2026-04-02 21:07:09,INCOMING,6925317,8701,797,CELL-LB-02,31.508654,74.34506,GPRS,Liberty Market
923451112233,923009998884,923451112233,410017255192488,35678901787854,2026-04-02 21:08:09,2026-04-02 21:08:09,INCOMING,0,1053,777,CELL-GLB-01,31.518687,74.358478,SMS,Gulberg
923331234567,923009998884,923331234567,410014750172620,35678901529449,2026-04-06 09:45:01,2026-04-06 09:45:01,INCOMING,1327917,5651,210,CELL-DHA-05,31.469618,74.409957,GPRS,DHA Phase 5
923451112233,923009998888,923451112233,410018541715946,35678901309194,2026-04-06 09:50:57,2026-04-06 09:50:57,INCOMING,6535705,2650,158,CELL-MT-03,31.48425,74.322244,GPRS,Model Town
923001110002,923009998884,923001110002,410019518309756,35678901446017,2026-04-03 18:22:39,2026-04-03 18:25:32,INCOMING,0,7435,474,CELL-ARP-08,31.519953,74.402115,VOLTE,Airport Road
923001110001,923009998887,923001110001,410017796290436,35678901860007,2026-04-05 12:48:27,2026-04-05 12:48:27,INCOMING,7512487,2420,498,CELL-DHA-05,31.470487,74.408186,GPRS,DHA Phase 5
923461678183,923009998886,923461678183,410012393429608,35678901336338,2026-04-07 07:18:27,2026-04-07 07:18:27,INCOMING,6239562,6606,394,CELL-MT-03,31.484235,74.321729,GPRS,Model Town
923461678183,923009998888,923461678183,410012017452652,35678901698468,2026-04-05 12:56:21,2026-04-05 12:56:21,INCOMING,0,4738,328,CELL-LB-02,31.509886,74.34216,SMS,Liberty Market
923001110003,923009998884,923001110003,410015971455832,35678901607654,2026-04-02 21:15:47,2026-04-02 21:29:16,INCOMING,0,1582,741,CELL-ARP-08,31.519783,74.404741,CALL,Airport Road
923451112233,923451112233,923009998886,410013744498968,35678901174507,2026-04-08 04:52:42,2026-04-08 04:52:42,OUTGOING,1829311,4720,180,CELL-ARP-08,31.521744,74.404547,GPRS,Airport Road
923001110001,923001110001,923009998885,410013711524874,35678901149682,2026-04-02 21:17:09,2026-04-02 21:17:09,OUTGOING,0,2333,190,CELL-ARP-08,31.523109,74.40471,SMS,Airport Road
923451112233,923451112233,923009998882,410011189844295,35678901516862,2026-04-08 05:06:41,2026-04-08 05:24:14,OUTGOING,0,5315,233,CELL-DHA-05,31.46991,74.409624,VOLTE,DHA Phase 5
923001110003,923009998887,923001110003,410016964347152,35678901284120,2026-04-04 15:57:29,2026-04-04 15:58:43,INCOMING,0,8746,790,CELL-GLB-01,31.5214,74.358142,CALL,Gulberg
923001110001,923009998883,923001110001,410015818242066,35678901213049,2026-04-05 13:20:26,2026-04-05 13:20:26,INCOMING,2862034,9573,255,CELL-MT-03,31.482443,74.321157,GPRS,Model Town
923001110001,923001110001,923009998884,410013319383162,35678901552698,2026-04-03 18:42:51,2026-04-03 18:42:51,OUTGOING,0,8364,139,CELL-ARP-08,31.523532,74.403816,VOLTE,Airport Road
923001110001,923009998885,923001110001,410013731875869,35678901834196,2026-04-04 16:06:22,2026-04-04 16:06:22,INCOMING,4575335,7144,263,CELL-MT-03,31.482348,74.324888,GPRS,Model Town
923461678183,923009998888,923461678183,410014076321511,35678901481590,2026-04-02 21:23:40,2026-04-02 21:23:40,INCOMING,646688,3873,388,CELL-MT-03,31.484393,74.322821,GPRS,Model Town
923331234567,923009998885,923331234567,410012264733213,35678901148799,2026-04-08 05:48:38,2026-04-08 05:48:38,INCOMING,6493566,6856,845,CELL-DHA-05,31.470856,74.409191,GPRS,DHA Phase 5
923001110002,923001110002,923009998886,410016511266458,35678901654972,2026-04-08 05:55:46,2026-04-08 05:55:46,OUTGOING,7499199,2432,644,CELL-LB-02,31.511908,74.342465,GPRS,Liberty Market
923331234567,923331234567,923009998888,410013513552401,35678901625845,2026-04-04 16:18:24,2026-04-04 16:18:24,OUTGOING,947742,4349,820,CELL-ARP-08,31.523506,74.403235,GPRS,Airport Road
923331234567,923331234567,923009998884,410017818840098,35678901524171,2026-04-08 06:09:09,2026-04-08 06:38:39,OUTGOING,0,3465,543,CELL-MT-03,31.484705,74.32306,VOLTE,Model Town
923331234567,923331234567,923009998886,410016199788322,35678901958170,2026-04-07 08:48:57,2026-04-07 09:03:33,OUTGOING,0,3550,573,CELL-MT-03,31.485182,74.321766,VOLTE,Model Town
923001110002,923001110002,923009998881,410014242574032,35678901360457,2026-04-04 16:27:41,2026-04-04 16:27:41,OUTGOING,0,3178,532,CELL-DHA-05,31.46844,74.411379,SMS,DHA Phase 5
923001110001,923009998887,923001110001,410015067420937,35678901856391,2026-04-03 19:00:16,2026-04-03 19:07:33,INCOMING,0,7071,662,CELL-MT-03,31.481807,74.322395,CALL,Model Town
923451112233,923451112233,923009998886,410016298721446,35678901883257,2026-04-06 11:35:26,2026-04-06 12:02:46,OUTGOING,0,8812,411,CELL-MT-03,31.48342,74.324036,VOLTE,Model Town
923001110003,923001110003,923009998883,410019450454550,35678901746801,2026-04-08 06:44:16,2026-04-08 06:44:16,OUTGOING,3012137,3370,402,CELL-DHA-05,31.469362,74.408807,GPRS,DHA Phase 5
923461678183,923009998885,923461678183,410018710440144,35678901448913,2026-04-07 09:18:12,2026-04-07 09:18:12,INCOMING,5706961,7631,705,CELL-GLB-01,31.521459,74.360055,GPRS,Gulberg
923461678183,923009998884,923461678183,410017114580339,35678901861972,2026-04-06 11:50:44,2026-04-06 11:50:44,INCOMING,2897360,5519,456,CELL-GLB-01,31.521036,74.357939,GPRS,Gulberg
923001110003,923009998885,923001110003,410013006853586,35678901418982,2026-04-02 21:35:58,2026-04-02 21:35:58,INCOMING,0,5003,956,CELL-GLB-01,31.519857,74.359218,SMS,Gulberg
923001110001,923009998886,923001110001,410013160284616,35678901526776,2026-04-04 16:48:10,2026-04-04 16:48:10,INCOMING,4203984,6051,974,CELL-DHA-05,31.469936,74.409266,GPRS,DHA Phase 5
923451112233,923451112233,923009998886,410017851732975,35678901704629,2026-04-02 21:37:58,2026-04-02 21:37:58,OUTGOING,1447535,6139,174,CELL-ARP-08,31.523194,74.40443,GPRS,Airport Road
923461678183,923461678183,923009998888,410013757058879,35678901540763,2026-04-08 07:26:14,2026-04-08 07:26:14,OUTGOING,2240092,1750,505,CELL-MT-03,31.485106,74.321583,GPRS,Model Town
923451112233,923451112233,923009998887,410016357279658,35678901356782,2026-04-03 19:18:33,2026-04-03 19:18:33,OUTGOING,0,2197,112,CELL-DHA-05,31.469141,74.407834,CALL,DHA Phase 5
923461678183,923009998888,923461678183,410013904253364,35678901690728,2026-04-02 21:40:11,2026-04-02 21:43:16,INCOMING,0,4748,429,CELL-LB-02,31.51052,74.344532,CALL,Liberty Market
923331234567,923331234567,923009998881,410012166427992,35678901705941,2026-04-04 17:03:42,2026-04-04 17:18:51,OUTGOING,0,6589,631,CELL-LB-02,31.50904,74.345183,CALL,Liberty Market
923001110003,923009998882,923001110003,410017370308164,35678901195377,2026-04-08 07:54:13,2026-04-08 07:54:13,INCOMING,1582638,7750,975,CELL-GLB-01,31.520303,74.358582,GPRS,Gulberg
923451112233,923009998886,923451112233,410017576755092,35678901196647,2026-04-02 21:43:21,2026-04-02 21:56:46,INCOMING,0,1446,277,CELL-ARP-08,31.520283,74.403743,CALL,Airport Road
923461678183,923009998886,923461678183,410017062374341,35678901953090,2026-04-03 19:28:04,2026-04-03 19:51:21,INCOMING,0,1780,385,CELL-LB-02,31.511807,74.343203,CALL,Liberty Market
923001110003,923001110003,923009998883,410014763587470,35678901979704,2026-04-08 08:15:40,2026-04-08 08:16:11,OUTGOING,0,9919,294,CELL-GLB-01,31.521507,74.359125,CALL,Gulberg
923461678183,923009998884,923461678183,410011760394335,35678901663379,2026-04-03 19:32:38,2026-04-03 19:32:38,INCOMING,0,5596,218,CELL-ARP-08,31.520629,74.405108,VOLTE,Airport Road
923331234567,923009998881,923331234567,410015405673464,35678901115581,2026-04-08 08:29:43,2026-04-08 08:29:43,INCOMING,0,7639,550,CELL-ARP-08,31.522533,74.405141,SMS,Airport Road
923461678183,923009998881,923461678183,410013625008035,35678901153956,2026-04-07 10:48:35,2026-04-07 10:48:35,INCOMING,5245198,8802,273,CELL-DHA-05,31.469417,74.408317,GPRS,DHA Phase 5
923451112233,923009998885,923451112233,410012547232665,35678901842343,2026-04-05 15:16:36,2026-04-05 15:16:36,INCOMING,4668617,4202,820,CELL-GLB-01,31.519377,74.360533,GPRS,Gulberg
923001110002,923001110002,923009998884,410016976572798,35678901347171,2026-04-03 19:40:45,2026-04-03 19:40:45,OUTGOING,6730629,4315,362,CELL-MT-03,31.483943,74.322965,GPRS,Model Town
923451112233,923451112233,923009998887,410011693680619,35678901372738,2026-04-07 11:06:45,2026-04-07 11:06:45,OUTGOING,712653,2760,278,CELL-DHA-05,31.469017,74.409514,GPRS,DHA Phase 5
923461678183,923009998886,923461678183,410019945872014,35678901759795,2026-04-05 15:28:22,2026-04-05 15:28:22,INCOMING,3271042,5315,951,CELL-LB-02,31.508517,74.342863,GPRS,Liberty Market
923001110002,923009998887,923001110002,410019969314571,35678901244269,2026-04-08 09:11:21,2026-04-08 09:11:21,INCOMING,10815,6180,949,CELL-MT-03,31.483367,74.321519,GPRS,Model Town
923331234567,923009998883,923331234567,410019440855463,35678901216262,2026-04-07 11:24:23,2026-04-07 11:24:23,INCOMING,5251379,9645,417,CELL-GLB-01,31.519625,74.356704,GPRS,Gulberg
923001110001,923001110001,923009998887,410014317980938,35678901765499,2026-04-02 21:55:08,2026-04-02 21:55:08,OUTGOING,6367064,1077,161,CELL-GLB-01,31.520186,74.358368,GPRS,Gulberg
923001110003,923001110003,923009998888,410011712635738,35678901616764,2026-04-03 19:52:54,2026-04-03 19:52:54,OUTGOING,2173427,6128,762,CELL-DHA-05,31.469406,74.410341,GPRS,DHA Phase 5
923001110002,923009998888,923001110002,410016458814695,35678901929977,2026-04-02 21:57:55,2026-04-02 22:03:49,INCOMING,0,1393,526,CELL-MT-03,31.484611,74.321102,CALL,Model Town
923001110001,923001110001,923009998885,410012549573501,35678901194625,2026-04-03 19:56:00,2026-04-03 19:58:37,OUTGOING,0,3422,246,CELL-LB-02,31.511993,74.342957,CALL,Liberty Market
923451112233,923451112233,923009998888,410017161715084,35678901658439,2026-04-07 11:54:06,2026-04-07 12:12:59,OUTGOING,0,2160,995,CELL-DHA-05,31.469729,74.411534,VOLTE,DHA Phase 5
923001110003,923001110003,923009998882,410018124526281,35678901574150,2026-04-02 22:00:14,2026-04-02 22:00:14,OUTGOING,0,8293,810,CELL-LB-02,31.510371,74.344577,VOLTE,Liberty Market
923461678183,923461678183,923009998888,410015632374975,35678901306911,2026-04-08 10:07:36,2026-04-08 10:08:11,OUTGOING,0,1217,359,CELL-ARP-08,31.519875,74.401943,CALL,Airport Road
923451112233,923009998886,923451112233,410014924468658,35678901501399,2026-04-08 10:14:47,2026-04-08 10:14:47,INCOMING,7752655,4775,192,CELL-MT-03,31.482128,74.321519,GPRS,Model Town
923451112233,923451112233,923009998883,410011852257002,35678901939968,2026-04-05 16:12:36,2026-04-05 16:12:36,OUTGOING,5292665,8862,587,CELL-LB-02,31.509616,74.342136,GPRS,Liberty Market
923461678183,923461678183,923009998885,410019597721126,35678901684331,2026-04-07 12:24:11,2026-04-07 12:40:57,OUTGOING,0,2369,836,CELL-GLB-01,31.520975,74.35765,CALL,Gulberg
923461678183,923461678183,923009998887,410015840961136,35678901566889,2026-04-08 10:35:25,2026-04-08 10:35:25,OUTGOING,0,2584,769,CELL-MT-03,31.481717,74.322313,SMS,Model Town
923461678183,923461678183,923009998883,410013617288206,35678901207358,2026-04-02 22:06:42,2026-04-02 22:06:42,OUTGOING,0,9850,398,CELL-GLB-01,31.519166,74.357068,SMS,Gulberg
923451112233,923009998882,923451112233,410017619094531,35678901947665,2026-04-03 20:14:58,2026-04-03 20:14:58,INCOMING,809733,9889,899,CELL-GLB-01,31.518898,74.356995,GPRS,Gulberg
923451112233,923009998885,923451112233,410016315618082,35678901244911,2026-04-02 22:08:38,2026-04-02 22:08:38,INCOMING,5809582,8157,904,CELL-DHA-05,31.469675,74.409056,GPRS,DHA Phase 5
923331234567,923331234567,923009998881,410019624496745,35678901762999,2026-04-04 18:27:58,2026-04-04 18:27:58,OUTGOING,5985541,7259,774,CELL-ARP-08,31.522029,74.401875,GPRS,Airport Road
923001110002,923009998884,923001110002,410016489180267,35678901734764,2026-04-02 22:10:10,2026-04-02 22:10:10,INCOMING,0,3794,272,CELL-MT-03,31.481247,74.321593,SMS,Model Town
923451112233,923009998887,923451112233,410017395996338,35678901350141,2026-04-06 14:55:12,2026-04-06 15:21:21,INCOMING,0,5821,256,CELL-DHA-05,31.471135,74.410314,CALL,DHA Phase 5
923001110001,923001110001,923009998882,410013251998520,35678901367856,2026-04-02 22:12:34,2026-04-02 22:12:34,OUTGOING,7123247,3196,190,CELL-LB-02,31.509163,74.342151,GPRS,Liberty Market
923461678183,923009998883,923461678183,410017559078748,35678901392542,2026-04-06 15:05:07,2026-04-06 15:23:06,INCOMING,0,8931,875,CELL-LB-02,31.511702,74.34281,CALL,Liberty Market
923001110002,923009998885,923001110002,410019737987285,35678901916970,2026-04-05 16:56:23,2026-04-05 16:56:23,INCOMING,6057667,3687,890,CELL-ARP-08,31.521576,74.402414,GPRS,Airport Road
923331234567,923009998882,923331234567,410017403020328,35678901976472,2026-04-05 17:00:22,2026-04-05 17:11:22,INCOMING,0,9097,391,CELL-DHA-05,31.471154,74.411188,VOLTE,DHA Phase 5
923451112233,923451112233,923009998886,410016691023766,35678901576216,2026-04-03 20:32:29,2026-04-03 20:32:29,OUTGOING,5058999,1723,193,CELL-DHA-05,31.470748,74.408781,GPRS,DHA Phase 5
923331234567,923331234567,923009998882,410015053711593,35678901275399,2026-04-05 17:08:25,2026-04-05 17:08:25,OUTGOING,2932052,8108,629,CELL-MT-03,31.482747,74.321717,GPRS,Model Town
923331234567,923009998885,923331234567,410018674785180,35678901722580,2026-04-08 12:06:46,2026-04-08 12:06:46,INCOMING,5435779,3190,350,CELL-GLB-01,31.519805,74.357487,GPRS,Gulberg
923001110003,923001110003,923009998886,410013816538762,35678901194353,2026-04-08 12:13:29,2026-04-08 12:13:29,OUTGOING,0,7390,765,CELL-MT-03,31.482316,74.321133,SMS,Model Town
923451112233,923009998881,923451112233,410013481053175,35678901864535,2026-04-06 15:40:27,2026-04-06 15:40:27,INCOMING,831241,8677,326,CELL-DHA-05,31.469945,74.410135,GPRS,DHA Phase 5
923451112233,923009998885,923451112233,410013680115550,35678901201382,2026-04-05 17:24:22,2026-04-05 17:31:10,INCOMING,0,9847,265,CELL-DHA-05,31.469613,74.411153,VOLTE,DHA Phase 5
923001110002,923009998884,923001110002,410011480159297,35678901604510,2026-04-03 20:44:55,2026-04-03 21:13:26,INCOMING,0,9411,147,CELL-ARP-08,31.519713,74.402617,CALL,Airport Road
923001110003,923001110003,923009998885,410017058802893,35678901569415,2026-04-02 22:23:15,2026-04-02 22:36:39,OUTGOING,0,7232,725,CELL-ARP-08,31.522591,74.405511,VOLTE,Airport Road
923331234567,923331234567,923009998888,410019475399345,35678901386485,2026-04-03 20:48:50,2026-04-03 20:48:50,OUTGOING,0,3077,827,CELL-DHA-05,31.471338,74.408437,SMS,DHA Phase 5
923001110002,923009998881,923001110002,410015321392598,35678901582105,2026-04-04 19:15:27,2026-04-04 19:15:27,INCOMING,5149639,7283,217,CELL-MT-03,31.482714,74.321485,GPRS,Model Town
923331234567,923009998881,923331234567,410016241715895,35678901888649,2026-04-04 19:18:02,2026-04-04 19:18:02,INCOMING,0,4080,614,CELL-MT-03,31.484157,74.322434,CALL,Model Town
923461678183,923009998883,923461678183,410016412168893,35678901924981,2026-04-03 20:54:50,2026-04-03 21:04:13,INCOMING,0,7837,460,CELL-GLB-01,31.52191,74.359566,VOLTE,Gulberg
923461678183,923009998881,923461678183,410015403979130,35678901840653,2026-04-04 19:24:40,2026-04-04 19:24:40,INCOMING,5756995,6770,479,CELL-GLB-01,31.519587,74.358425,GPRS,Gulberg
923331234567,923331234567,923009998887,410012697662174,35678901133069,2026-04-06 16:25:48,2026-04-06 16:25:48,OUTGOING,51055,6013,339,CELL-LB-02,31.511317,74.345382,GPRS,Liberty Market
923451112233,923009998886,923451112233,410018328823108,35678901726473,2026-04-03 21:00:52,2026-04-03 21:09:23,INCOMING,0,4953,880,CELL-LB-02,31.509155,74.344479,CALL,Liberty Market
923001110001,923001110001,923009998882,410011638583516,35678901533011,2026-04-07 15:06:43,2026-04-07 15:06:43,OUTGOING,4951613,6253,629,CELL-GLB-01,31.520189,74.35697,GPRS,Gulberg
923001110001,923009998888,923001110001,410019047318111,35678901782756,2026-04-08 13:44:17,2026-04-08 13:44:17,INCOMING,7230443,6750,503,CELL-LB-02,31.508377,74.342491,GPRS,Liberty Market
923451112233,923451112233,923009998885,410013326091552,35678901682181,2026-04-04 19:39:37,2026-04-04 19:39:37,OUTGOING,3611348,2966,224,CELL-MT-03,31.484642,74.323879,GPRS,Model Town
923461678183,923009998884,923461678183,410018982268567,35678901443984,2026-04-08 13:58:39,2026-04-08 13:58:39,INCOMING,268473,8426,826,CELL-GLB-01,31.520125,74.360067,GPRS,Gulberg
923001110001,923009998888,923001110001,410016850541752,35678901766031,2026-04-05 18:20:14,2026-04-05 18:20:14,INCOMING,1366328,6829,263,CELL-MT-03,31.481452,74.321413,GPRS,Model Town
923001110001,923001110001,923009998883,410013541590400,35678901113865,2026-04-03 21:12:17,2026-04-03 21:17:15,OUTGOING,0,2883,810,CELL-MT-03,31.481663,74.321747,CALL,Model Town
923461678183,923461678183,923009998888,410011415643913,35678901357939,2026-04-04 19:51:38,2026-04-04 19:51:38,OUTGOING,0,8163,720,CELL-LB-02,31.509798,74.343057,SMS,Liberty Market
923461678183,923461678183,923009998883,410015090828801,35678901689242,2026-04-08 14:26:16,2026-04-08 14:51:05,OUTGOING,0,3637,473,CELL-ARP-08,31.520614,74.403418,VOLTE,Airport Road
923461678183,923461678183,923009998887,410011439496174,35678901505078,2026-04-08 14:33:55,2026-04-08 14:33:55,OUTGOING,2835486,2001,693,CELL-DHA-05,31.470764,74.409702,GPRS,DHA Phase 5
923461678183,923009998884,923461678183,410017367059515,35678901757006,2026-04-08 14:40:59,2026-04-08 14:40:59,INCOMING,0,4471,325,CELL-LB-02,31.508929,74.342864,CALL,Liberty Market
923001110001,923001110001,923009998882,410014513855870,35678901489144,2026-04-06 17:25:31,2026-04-06 17:25:31,OUTGOING,628726,7293,150,CELL-ARP-08,31.52139,74.402045,GPRS,Airport Road
923001110002,923001110002,923009998883,410013437835006,35678901988655,2026-04-07 16:12:56,2026-04-07 16:12:56,OUTGOING,104289,5881,120,CELL-DHA-05,31.470537,74.410462,GPRS,DHA Phase 5
923001110003,923009998886,923001110003,410016266266458,35678901130510,2026-04-08 15:01:40,2026-04-08 15:21:53,INCOMING,0,4891,815,CELL-LB-02,31.510149,74.344071,CALL,Liberty Market
923461678183,923009998881,923461678183,410014459725677,35678901173727,2026-04-04 20:12:43,2026-04-04 20:12:43,INCOMING,7016911,7105,533,CELL-LB-02,31.511096,74.342383,GPRS,Liberty Market
923001110003,923009998883,923001110003,410013907018665,35678901709133,2026-04-04 20:15:23,2026-04-04 20:15:23,INCOMING,5360752,9288,443,CELL-DHA-05,31.469867,74.409656,GPRS,DHA Phase 5
923001110003,923001110003,923009998881,410016891135567,35678901680385,2026-04-05 19:04:50,2026-04-05 19:27:52,OUTGOING,0,3619,179,CELL-GLB-01,31.519253,74.360486,VOLTE,Gulberg
923001110002,923009998887,923001110002,410012943124863,35678901781861,2026-04-08 15:29:17,2026-04-08 15:29:17,INCOMING,174317,7988,976,CELL-LB-02,31.510822,74.343266,GPRS,Liberty Market
923001110001,923001110001,923009998881,410015091702901,35678901275578,2026-04-04 20:24:44,2026-04-04 20:24:44,OUTGOING,0,3887,904,CELL-DHA-05,31.468605,74.410374,SMS,DHA Phase 5
923001110003,923001110003,923009998885,410019308199241,35678901838807,2026-04-08 15:43:40,2026-04-08 15:43:40,OUTGOING,7939675,8615,398,CELL-DHA-05,31.468187,74.407727,GPRS,DHA Phase 5
923461678183,923461678183,923009998886,410013439827339,35678901697619,2026-04-07 17:00:44,2026-04-07 17:11:37,OUTGOING,0,9727,672,CELL-ARP-08,31.521825,74.403944,CALL,Airport Road
923001110003,923001110003,923009998884,410016806218534,35678901708761,2026-04-03 21:42:05,2026-04-03 21:42:05,OUTGOING,922310,8663,295,CELL-LB-02,31.511947,74.344163,GPRS,Liberty Market
923451112233,923009998887,923451112233,410019213214464,35678901497776,2026-04-08 16:04:02,2026-04-08 16:04:02,INCOMING,7617163,3438,770,CELL-ARP-08,31.522042,74.402555,GPRS,Airport Road
923001110001,923009998884,923001110001,410017012296930,35678901887247,2026-04-04 20:39:16,2026-04-04 20:51:16,INCOMING,0,9888,278,CELL-DHA-05,31.47098,74.410741,VOLTE,DHA Phase 5
923331234567,923009998886,923331234567,410017877412063,35678901863086,2026-04-06 18:30:12,2026-04-06 18:30:12,INCOMING,3173822,7783,533,CELL-ARP-08,31.522702,74.403674,GPRS,Airport Road
923451112233,923009998882,923451112233,410015931153027,35678901157019,2026-04-04 20:45:08,2026-04-04 20:45:08,INCOMING,1702620,1588,371,CELL-MT-03,31.48167,74.322992,GPRS,Model Town
923461678183,923461678183,923009998888,410018051364348,35678901260066,2026-04-02 22:56:55,2026-04-02 22:56:55,OUTGOING,7746556,6551,202,CELL-ARP-08,31.522738,74.401804,GPRS,Airport Road
923001110002,923001110002,923009998883,410017566313545,35678901252274,2026-04-03 21:54:22,2026-04-03 21:54:22,OUTGOING,1955460,1363,399,CELL-LB-02,31.510015,74.34479,GPRS,Liberty Market
923001110002,923001110002,923009998887,410015837298999,35678901162491,2026-04-04 20:54:07,2026-04-04 20:54:07,OUTGOING,0,9995,215,CELL-GLB-01,31.520222,74.360086,SMS,Gulberg
923451112233,923009998884,923451112233,410018421404864,35678901469152,2026-04-05 19:56:44,2026-04-05 20:26:07,INCOMING,0,7489,347,CELL-GLB-01,31.522278,74.358415,CALL,Gulberg
923451112233,923451112233,923009998883,410013883155044,35678901697351,2026-04-04 21:00:59,2026-04-04 21:00:59,OUTGOING,5929355,4646,770,CELL-DHA-05,31.469781,74.408864,GPRS,DHA Phase 5
923331234567,923331234567,923009998883,410019727800323,35678901359757,2026-04-07 18:06:32,2026-04-07 18:13:24,OUTGOING,0,9840,613,CELL-ARP-08,31.52278,74.402691,VOLTE,Airport Road
923001110002,923009998886,923001110002,410016478618318,35678901203863,2026-04-08 17:14:20,2026-04-08 17:14:20,INCOMING,4358721,7037,855,CELL-DHA-05,31.468535,74.407846,GPRS,DHA Phase 5
923001110002,923009998888,923001110002,410018545191860,35678901115686,2026-04-03 22:06:50,2026-04-03 22:06:50,INCOMING,112360,6562,430,CELL-DHA-05,31.470086,74.410321,GPRS,DHA Phase 5
923001110001,923001110001,923009998881,410019350430715,35678901507161,2026-04-07 18:24:07,2026-04-07 18:24:07,OUTGOING,2516933,3683,363,CELL-LB-02,31.510342,74.343613,GPRS,Liberty Market
923451112233,923009998884,923451112233,410011661908439,35678901552688,2026-04-03 22:10:36,2026-04-03 22:10:36,INCOMING,1781083,6832,480,CELL-DHA-05,31.46868,74.409417,GPRS,DHA Phase 5
923001110002,923001110002,923009998882,410014176358567,35678901824492,2026-04-03 22:12:25,2026-04-03 22:12:25,OUTGOING,0,6404,754,CELL-MT-03,31.48456,74.322301,SMS,Model Town
923001110003,923009998886,923001110003,410013784959856,35678901665262,2026-04-02 23:07:32,2026-04-02 23:07:32,INCOMING,3191493,9736,838,CELL-LB-02,31.508792,74.345407,GPRS,Liberty Market
923331234567,923009998884,923331234567,410013694542471,35678901708360,2026-04-08 17:56:53,2026-04-08 17:56:53,INCOMING,4537936,4715,427,CELL-MT-03,31.482145,74.323003,GPRS,Model Town
923461678183,923461678183,923009998881,410012781903897,35678901959442,2026-04-05 20:36:25,2026-04-05 20:36:25,OUTGOING,0,8254,917,CELL-DHA-05,31.46877,74.409544,SMS,DHA Phase 5
923461678183,923461678183,923009998886,410019365134654,35678901443443,2026-04-02 23:10:47,2026-04-02 23:18:02,OUTGOING,0,4571,558,CELL-ARP-08,31.521707,74.403413,VOLTE,Airport Road
923001110002,923009998888,923001110002,410017682936570,35678901603690,2026-04-02 23:11:55,2026-04-02 23:11:55,INCOMING,0,2233,108,CELL-GLB-01,31.521956,74.356898,SMS,Gulberg
923001110001,923009998883,923001110001,410018311955756,35678901476218,2026-04-04 21:36:07,2026-04-04 21:36:07,INCOMING,7820461,5318,275,CELL-ARP-08,31.519674,74.404431,GPRS,Airport Road
923001110003,923009998884,923001110003,410013910810161,35678901674606,2026-04-04 21:39:16,2026-04-04 21:39:16,INCOMING,6590291,5960,416,CELL-DHA-05,31.469767,74.410489,GPRS,DHA Phase 5
923001110003,923001110003,923009998883,410012665710059,35678901443427,2026-04-05 20:56:13,2026-04-05 21:18:34,OUTGOING,0,7487,538,CELL-LB-02,31.509176,74.344995,CALL,Liberty Market
923331234567,923009998881,923331234567,410018829738522,35678901207170,2026-04-06 20:15:28,2026-04-06 20:15:28,INCOMING,1629066,1690,665,CELL-LB-02,31.511117,74.344558,GPRS,Liberty Market
923461678183,923009998881,923461678183,410019961891520,35678901231475,2026-04-02 23:16:13,2026-04-02 23:16:13,INCOMING,0,6323,617,CELL-DHA-05,31.470191,74.411692,SMS,DHA Phase 5
923001110001,923001110001,923009998885,410011640523741,35678901768526,2026-04-08 18:59:16,2026-04-08 18:59:16,OUTGOING,0,1283,634,CELL-ARP-08,31.519723,74.405356,VOLTE,Airport Road
923001110001,923009998886,923001110001,410016210801948,35678901760511,2026-04-04 21:54:55,2026-04-04 21:54:55,INCOMING,3119558,8863,157,CELL-GLB-01,31.518827,74.356856,GPRS,Gulberg
923001110002,923009998888,923001110002,410018385863249,35678901358059,2026-04-06 20:35:03,2026-04-06 20:35:03,INCOMING,7691785,7695,877,CELL-DHA-05,31.467761,74.410147,GPRS,DHA Phase 5
923331234567,923009998886,923331234567,410011265363489,35678901726756,2026-04-06 20:40:47,2026-04-06 20:40:47,INCOMING,7971648,6881,477,CELL-LB-02,31.510159,74.342263,GPRS,Liberty Market
923001110002,923001110002,923009998885,410012629361330,35678901367092,2026-04-02 23:21:59,2026-04-02 23:48:22,OUTGOING,0,5526,866,CELL-DHA-05,31.470668,74.408845,VOLTE,DHA Phase 5
923001110003,923009998887,923001110003,410012633509939,35678901802549,2026-04-02 23:22:25,2026-04-02 23:22:25,INCOMING,2105966,4220,591,CELL-LB-02,31.510302,74.345587,GPRS,Liberty Market
923001110003,923001110003,923009998881,410013015949019,35678901404733,2026-04-03 22:46:42,2026-04-03 23:03:07,OUTGOING,0,2717,943,CELL-GLB-01,31.521511,74.357166,VOLTE,Gulberg
923461678183,923009998882,923461678183,410011005669598,35678901536946,2026-04-03 22:48:21,2026-04-03 22:48:21,INCOMING,2474243,8348,969,CELL-ARP-08,31.521085,74.40405,GPRS,Airport Road
923461678183,923009998882,923461678183,410016209519866,35678901678576,2026-04-03 22:50:47,2026-04-03 22:50:47,INCOMING,4701525,4930,949,CELL-LB-02,31.511154,74.344038,GPRS,Liberty Market
923451112233,923451112233,923009998888,410013188839745,35678901210609,2026-04-02 23:26:14,2026-04-02 23:26:14,OUTGOING,0,3006,735,CELL-MT-03,31.482375,74.324821,SMS,Model Town
923451112233,923009998883,923451112233,410013627554703,35678901171186,2026-04-05 21:48:33,2026-04-05 21:48:33,INCOMING,938254,2614,346,CELL-GLB-01,31.522216,74.359749,GPRS,Gulberg
923331234567,923009998882,923331234567,410012477049095,35678901420164,2026-04-04 22:24:36,2026-04-04 22:24:36,INCOMING,748413,8829,247,CELL-MT-03,31.483331,74.323037,GPRS,Model Town
923001110002,923009998884,923001110002,410011754359515,35678901450701,2026-04-04 22:27:35,2026-04-04 22:27:35,INCOMING,0,5403,334,CELL-GLB-01,31.521351,74.358858,SMS,Gulberg
923001110002,923009998883,923001110002,410013589621458,35678901956408,2026-04-08 20:30:14,2026-04-08 20:58:34,INCOMING,0,4590,416,CELL-ARP-08,31.520483,74.404635,CALL,Airport Road
923001110002,923001110002,923009998881,410016469574150,35678901317874,2026-04-06 21:35:27,2026-04-06 21:35:27,OUTGOING,6325216,5304,678,CELL-ARP-08,31.521553,74.404224,GPRS,Airport Road
923001110002,923001110002,923009998883,410015399512015,35678901278800,2026-04-06 21:40:28,2026-04-06 21:40:28,OUTGOING,6147408,7795,183,CELL-MT-03,31.483075,74.322978,GPRS,Model Town
923001110001,923009998885,923001110001,410017115077917,35678901485307,2026-04-07 21:18:35,2026-04-07 21:18:35,INCOMING,5921882,7929,387,CELL-GLB-01,31.518632,74.358298,GPRS,Gulberg
923461678183,923461678183,923009998884,410014761939133,35678901502861,2026-04-06 21:50:33,2026-04-06 21:50:33,OUTGOING,5288069,1128,608,CELL-MT-03,31.483667,74.322131,GPRS,Model Town
923001110003,923001110003,923009998887,410011652853357,35678901480982,2026-04-03 23:10:27,2026-04-03 23:10:27,OUTGOING,5220193,6569,762,CELL-DHA-05,31.467869,74.411225,GPRS,DHA Phase 5
923451112233,923009998887,923451112233,410017546216216,35678901364701,2026-04-07 21:36:53,2026-04-07 21:36:53,INCOMING,2925717,9572,756,CELL-GLB-01,31.518831,74.360458,GPRS,Gulberg
923331234567,923331234567,923009998887,410012771222580,35678901343157,2026-04-04 22:51:32,2026-04-04 22:51:32,OUTGOING,7946722,3141,363,CELL-DHA-05,31.470452,74.408645,GPRS,DHA Phase 5
923001110001,923001110001,923009998887,410013986370123,35678901564514,2026-04-05 22:32:35,2026-04-05 22:32:35,OUTGOING,0,9400,168,CELL-ARP-08,31.521982,74.403791,CALL,Airport Road
923001110001,923001110001,923009998885,410015990437437,35678901753352,2026-04-07 21:54:04,2026-04-07 21:54:04,OUTGOING,1910288,4912,791,CELL-LB-02,31.508808,74.343248,GPRS,Liberty Market
923331234567,923331234567,923009998881,410012983773227,35678901257722,2026-04-07 22:00:18,2026-04-07 22:11:39,OUTGOING,0,1735,405,CELL-DHA-05,31.468028,74.408439,VOLTE,DHA Phase 5
923451112233,923009998887,923451112233,410014316095002,35678901185194,2026-04-07 22:06:22,2026-04-07 22:27:44,INCOMING,0,7405,897,CELL-DHA-05,31.469474,74.409954,VOLTE,DHA Phase 5
923451112233,923451112233,923009998884,410019053954858,35678901420175,2026-04-03 23:24:19,2026-04-03 23:24:19,OUTGOING,6374294,8912,522,CELL-DHA-05,31.470254,74.409474,GPRS,DHA Phase 5
923451112233,923451112233,923009998882,410017887879304,35678901360907,2026-04-04 23:09:55,2026-04-04 23:09:55,OUTGOING,619230,7891,911,CELL-GLB-01,31.519949,74.356781,GPRS,Gulberg
923331234567,923009998883,923331234567,410012003604932,35678901161968,2026-04-03 23:28:52,2026-04-03 23:28:52,INCOMING,6690506,1080,802,CELL-LB-02,31.511796,74.346002,GPRS,Liberty Market
923001110001,923001110001,923009998887,410014249417687,35678901144355,2026-04-04 23:15:32,2026-04-04 23:29:09,OUTGOING,0,9150,254,CELL-GLB-01,31.519259,74.36002,VOLTE,Gulberg
923451112233,923451112233,923009998884,410011366439509,35678901771602,2026-04-05 23:04:28,2026-04-05 23:04:28,OUTGOING,3769049,2598,498,CELL-MT-03,31.481414,74.321896,GPRS,Model Town
923451112233,923451112233,923009998883,410015957053091,35678901116069,2026-04-08 22:29:23,2026-04-08 22:29:23,OUTGOING,0,3791,419,CELL-MT-03,31.482996,74.321761,SMS,Model Town
923461678183,923461678183,923009998884,410013277702658,35678901325621,2026-04-03 23:36:08,2026-04-03 23:54:27,OUTGOING,0,5351,123,CELL-LB-02,31.508324,74.34329,VOLTE,Liberty Market
923331234567,923009998888,923331234567,410017743414809,35678901203238,2026-04-04 23:27:49,2026-04-04 23:27:49,INCOMING,1571646,2596,354,CELL-DHA-05,31.467717,74.407943,GPRS,DHA Phase 5
923001110002,923009998885,923001110002,410016408257687,35678901209361,2026-04-03 23:40:25,2026-04-03 23:40:25,INCOMING,0,1153,946,CELL-LB-02,31.509751,74.344067,SMS,Liberty Market
923001110003,923001110003,923009998884,410012324558315,35678901446797,2026-04-08 22:57:12,2026-04-08 22:57:12,OUTGOING,1035057,9942,336,CELL-GLB-01,31.519891,74.357177,GPRS,Gulberg
923331234567,923009998884,923331234567,410013293276145,35678901565204,2026-04-04 23:36:33,2026-04-04 23:36:33,INCOMING,3953262,4873,636,CELL-LB-02,31.508669,74.342445,GPRS,Liberty Market
923001110003,923009998881,923001110003,410014622879258,35678901467577,2026-04-07 23:18:09,2026-04-07 23:18:09,INCOMING,568475,5757,225,CELL-DHA-05,31.470217,74.408909,GPRS,DHA Phase 5
923001110001,923009998888,923001110001,410015340016579,35678901128672,2026-04-03 23:48:43,2026-04-03 23:48:43,INCOMING,4778207,3429,753,CELL-MT-03,31.482831,74.32241,GPRS,Model Town
923461678183,923461678183,923009998887,410012591053357,35678901672884,2026-04-06 23:35:15,2026-04-06 23:35:15,OUTGOING,7971521,1438,510,CELL-ARP-08,31.521294,74.404627,GPRS,Airport Road
923001110001,923001110001,923009998887,410017909896649,35678901825514,2026-04-07 23:36:02,2026-04-07 23:36:02,OUTGOING,2362010,8011,400,CELL-GLB-01,31.521226,74.358568,GPRS,Gulberg
923001110001,923009998883,923001110001,410018254275302,35678901104339,2026-04-07 23:42:24,2026-04-07 23:42:24,INCOMING,876263,6794,451,CELL-DHA-05,31.469511,74.410388,GPRS,DHA Phase 5
923451112233,923451112233,923009998887,410013784440590,35678901150430,2026-04-04 23:54:56,2026-04-04 23:54:56,OUTGOING,1071623,5437,160,CELL-ARP-08,31.521269,74.403185,GPRS,Airport Road
923001110003,923009998887,923001110003,410011467116769,35678901658526,2026-04-08 23:53:12,2026-04-08 23:53:12,INCOMING,6653005,8387,475,CELL-DHA-05,31.471578,74.408649,GPRS,DHA Phase 5
923001110003,923009998885,923001110003,410018240148446,35678901256450,2026-04-07 00:00:24,2026-04-07 00:00:24,INCOMING,6894206,3956,874,CELL-DHA-05,31.470739,74.408502,GPRS,DHA Phase 5
923451112233,923009998886,923451112233,410016173634897,35678901827843,2026-04-09 00:07:37,2026-04-09 00:07:37,INCOMING,1627737,7605,477,CELL-ARP-08,31.521436,74.405062,GPRS,Airport Road
923001110001,923001110001,923009998883,410015873902569,35678901119494,2026-04-06 00:08:57,2026-04-06 00:32:43,OUTGOING,0,5140,769,CELL-MT-03,31.48459,74.321622,CALL,Model Town
923001110001,923009998887,923001110001,410014871321052,35678901375295,2026-04-06 00:12:23,2026-04-06 00:12:23,INCOMING,0,6021,690,CELL-GLB-01,31.519309,74.359406,SMS,Gulberg
923001110003,923001110003,923009998887,410018688938319,35678901812998,2026-04-03 00:04:47,2026-04-03 00:04:47,OUTGOING,3613859,2045,645,CELL-GLB-01,31.520662,74.358419,GPRS,Gulberg
923001110002,923001110002,923009998884,410019607202521,35678901695549,2026-04-05 00:15:48,2026-04-05 00:15:48,OUTGOING,5898829,7640,859,CELL-DHA-05,31.471461,74.409039,GPRS,DHA Phase 5
923001110001,923009998887,923001110001,410016181508314,35678901628074,2026-04-06 00:24:46,2026-04-06 00:24:46,INCOMING,5122777,1112,779,CELL-DHA-05,31.470026,74.410088,GPRS,DHA Phase 5
923001110003,923009998886,923001110003,410018264628744,35678901631203,2026-04-07 00:35:28,2026-04-07 00:38:51,INCOMING,0,3725,349,CELL-ARP-08,31.521842,74.401788,CALL,Airport Road
923001110003,923009998885,923001110003,410015126742700,35678901863263,2026-04-07 00:40:52,2026-04-07 00:40:52,INCOMING,4728075,9783,638,CELL-DHA-05,31.468701,74.409489,GPRS,DHA Phase 5
923451112233,923009998881,923451112233,410012965507696,35678901673956,2026-04-03 00:09:56,2026-04-03 00:38:33,INCOMING,0,2947,461,CELL-DHA-05,31.4706,74.407841,VOLTE,DHA Phase 5
923331234567,923009998887,923331234567,410017237771204,35678901731845,2026-04-06 00:40:45,2026-04-06 00:40:45,INCOMING,5878216,5535,655,CELL-ARP-08,31.523238,74.405558,GPRS,Airport Road
923001110001,923001110001,923009998884,410014809944639,35678901680528,2026-04-05 00:33:56,2026-04-05 00:33:56,OUTGOING,7598781,6578,378,CELL-LB-02,31.509587,74.345142,GPRS,Liberty Market
923001110001,923009998886,923001110001,410019936220864,35678901970045,2026-04-08 01:12:08,2026-04-08 01:21:54,INCOMING,0,1652,401,CELL-MT-03,31.481393,74.321855,CALL,Model Town
923001110003,923001110003,923009998882,410014698441986,35678901817348,2026-04-07 01:05:01,2026-04-07 01:05:01,OUTGOING,4443763,7136,118,CELL-LB-02,31.508907,74.342134,GPRS,Liberty Market
923001110001,923009998881,923001110001,410015803465228,35678901273484,2026-04-04 00:28:49,2026-04-04 00:28:49,INCOMING,7086059,2135,972,CELL-ARP-08,31.520202,74.402967,GPRS,Airport Road
923461678183,923461678183,923009998882,410018146025945,35678901780910,2026-04-06 01:00:53,2026-04-06 01:11:47,OUTGOING,0,6913,263,CELL-MT-03,31.483363,74.324709,CALL,Model Town
923001110003,923001110003,923009998886,410017188046444,35678901839957,2026-04-08 01:36:08,2026-04-08 01:36:08,OUTGOING,7653321,9467,754,CELL-DHA-05,31.470698,74.411093,GPRS,DHA Phase 5
923461678183,923009998884,923461678183,410011871826475,35678901278263,2026-04-07 01:25:39,2026-04-07 01:47:53,INCOMING,0,1056,234,CELL-ARP-08,31.520969,74.402709,CALL,Airport Road
923451112233,923451112233,923009998885,410014906497629,35678901712803,2026-04-08 01:48:59,2026-04-08 01:48:59,OUTGOING,3679036,9665,750,CELL-DHA-05,31.469606,74.411479,GPRS,DHA Phase 5
923461678183,923009998881,923461678183,410016845272784,35678901609409,2026-04-04 00:38:20,2026-04-04 00:38:20,INCOMING,0,6483,922,CELL-DHA-05,31.469781,74.408225,CALL,DHA Phase 5
923001110002,923001110002,923009998882,410019580134933,35678901611816,2026-04-05 01:00:55,2026-04-05 01:09:22,OUTGOING,0,9705,514,CELL-ARP-08,31.520537,74.402209,VOLTE,Airport Road
923001110001,923009998882,923001110001,410011410031079,35678901840898,2026-04-05 01:03:42,2026-04-05 01:03:42,INCOMING,5596046,1929,509,CELL-MT-03,31.483671,74.321587,GPRS,Model Town
923001110003,923001110003,923009998886,410015280478333,35678901879360,2026-04-03 00:22:10,2026-04-03 00:36:31,OUTGOING,0,1883,220,CELL-LB-02,31.510406,74.344678,CALL,Liberty Market
923001110003,923001110003,923009998886,410012452738398,35678901943335,2026-04-08 02:18:16,2026-04-08 02:18:16,OUTGOING,5238180,3585,121,CELL-MT-03,31.483752,74.321291,GPRS,Model Town
923001110001,923009998883,923001110001,410014269466400,35678901905518,2026-04-06 01:36:26,2026-04-06 01:36:26,INCOMING,0,2384,339,CELL-LB-02,31.511813,74.34539,CALL,Liberty Market
923001110001,923009998883,923001110001,410019897910348,35678901619184,2026-04-04 00:50:11,2026-04-04 00:50:11,INCOMING,7743986,1473,296,CELL-GLB-01,31.518756,74.359367,GPRS,Gulberg
923451112233,923451112233,923009998881,410019131809151,35678901233424,2026-04-05 01:18:33,2026-04-05 01:18:33,OUTGOING,463366,2961,428,CELL-DHA-05,31.469605,74.410498,GPRS,DHA Phase 5
923001110002,923009998883,923001110002,410013745133627,35678901518242,2026-04-09 03:09:54,2026-04-09 03:09:54,INCOMING,2109879,8109,521,CELL-LB-02,31.512131,74.344278,GPRS,Liberty Market
923451112233,923451112233,923009998885,410013157891171,35678901703462,2026-04-08 02:48:04,2026-04-08 02:48:04,OUTGOING,1556278,5670,322,CELL-MT-03,31.484236,74.324786,GPRS,Model Town
923001110002,923009998884,923001110002,410018220711997,35678901957952,2026-04-05 01:27:43,2026-04-05 01:27:43,INCOMING,4591312,1867,231,CELL-GLB-01,31.522318,74.360343,GPRS,Gulberg
923461678183,923461678183,923009998888,410012492303577,35678901365538,2026-04-09 03:30:00,2026-04-09 03:46:45,OUTGOING,0,7654,238,CELL-LB-02,31.508566,74.342153,VOLTE,Liberty Market
923331234567,923331234567,923009998888,410016498566939,35678901592020,2026-04-05 01:33:03,2026-04-05 01:33:03,OUTGOING,6183355,3768,589,CELL-LB-02,31.508291,74.344748,GPRS,Liberty Market
923001110003,923009998885,923001110003,410015859066619,35678901807582,2026-04-06 02:08:13,2026-04-06 02:25:34,INCOMING,0,6852,826,CELL-DHA-05,31.469081,74.41123,CALL,DHA Phase 5
923451112233,923009998885,923451112233,410016360010057,35678901133146,2026-04-06 02:12:06,2026-04-06 02:12:06,INCOMING,4295948,9472,378,CELL-LB-02,31.51104,74.343484,GPRS,Liberty Market
923001110001,923001110001,923009998882,410019314081971,35678901547019,2026-04-08 03:24:38,2026-04-08 03:24:38,OUTGOING,2493575,8073,764,CELL-DHA-05,31.470395,74.41099,GPRS,DHA Phase 5
923001110002,923009998887,923001110002,410014993989115,35678901513473,2026-04-06 02:20:17,2026-04-06 02:20:17,INCOMING,2941574,6176,422,CELL-DHA-05,31.46874,74.408512,GPRS,DHA Phase 5
923451112233,923009998882,923451112233,410017347808928,35678901470373,2026-04-05 01:48:03,2026-04-05 01:48:03,INCOMING,0,3900,180,CELL-ARP-08,31.521218,74.40463,SMS,Airport Road
923001110002,923001110002,923009998882,410013914889823,35678901580392,2026-04-03 00:37:25,2026-04-03 00:37:25,OUTGOING,7572903,3522,125,CELL-LB-02,31.509554,74.343576,GPRS,Liberty Market
923001110003,923009998881,923001110003,410014163858603,35678901855734,2026-04-03 00:38:36,2026-04-03 00:38:36,INCOMING,2197078,4319,141,CELL-MT-03,31.482025,74.323988,GPRS,Model Town
923451112233,923451112233,923009998881,410015855808936,35678901248216,2026-04-07 03:15:08,2026-04-07 03:15:08,OUTGOING,0,6383,929,CELL-MT-03,31.481526,74.322249,SMS,Model Town
923331234567,923331234567,923009998881,410017488876995,35678901391820,2026-04-04 01:20:59,2026-04-04 01:20:59,OUTGOING,7620222,9235,461,CELL-LB-02,31.509063,74.342273,GPRS,Liberty Market
923461678183,923461678183,923009998881,410014798649502,35678901829204,2026-04-07 03:25:37,2026-04-07 03:25:37,OUTGOING,6591596,5194,656,CELL-LB-02,31.510398,74.345034,GPRS,Liberty Market
923451112233,923009998883,923451112233,410017730110183,35678901682348,2026-04-08 04:12:54,2026-04-08 04:40:49,INCOMING,0,9926,105,CELL-ARP-08,31.520024,74.40462,VOLTE,Airport Road
923461678183,923461678183,923009998888,410014661318153,35678901218912,2026-04-04 01:26:15,2026-04-04 01:26:15,OUTGOING,258954,4493,366,CELL-MT-03,31.483606,74.324469,GPRS,Model Town
923331234567,923009998881,923331234567,410017749342704,35678901220703,2026-04-07 03:40:57,2026-04-07 03:42:41,INCOMING,0,9954,274,CELL-ARP-08,31.520367,74.402011,CALL,Airport Road
923461678183,923461678183,923009998886,410015905066797,35678901870668,2026-04-05 02:15:55,2026-04-05 02:15:55,OUTGOING,0,3566,106,CELL-GLB-01,31.520683,74.360243,SMS,Gulberg
923001110001,923009998885,923001110001,410012447350110,35678901755593,2026-04-06 03:04:58,2026-04-06 03:04:58,INCOMING,0,7247,743,CELL-GLB-01,31.520686,74.360188,SMS,Gulberg
923001110001,923009998882,923001110001,410017686945404,35678901216388,2026-04-08 04:42:19,2026-04-08 04:42:19,INCOMING,1941715,2880,403,CELL-LB-02,31.509117,74.343325,GPRS,Liberty Market
923461678183,923461678183,923009998885,410015931367040,35678901138793,2026-04-08 04:48:07,2026-04-08 04:48:07,OUTGOING,6039792,7351,214,CELL-MT-03,31.48478,74.321242,GPRS,Model Town
923331234567,923009998888,923331234567,410015910845309,35678901576612,2026-04-04 01:38:57,2026-04-04 01:55:51,INCOMING,0,4346,450,CELL-ARP-08,31.522759,74.404157,CALL,Airport Road
923451112233,923451112233,923009998882,410017997819283,35678901229955,2026-04-07 04:10:20,2026-04-07 04:10:20,OUTGOING,0,3843,952,CELL-LB-02,31.508997,74.344092,VOLTE,Liberty Market
923451112233,923009998883,923451112233,410013561003832,35678901699816,2026-04-05 02:33:45,2026-04-05 02:33:45,INCOMING,0,5466,885,CELL-GLB-01,31.521131,74.360531,SMS,Gulberg
923001110002,923009998887,923001110002,410013206406469,35678901495022,2026-04-04 01:44:42,2026-04-04 01:44:42,INCOMING,0,3532,483,CELL-ARP-08,31.520779,74.403557,SMS,Airport Road
923331234567,923009998888,923331234567,410019333291517,35678901135171,2026-04-08 05:18:27,2026-04-08 05:18:27,INCOMING,0,9776,638,CELL-LB-02,31.510816,74.343607,CALL,Liberty Market
923461678183,923009998886,923461678183,410016886695515,35678901840629,2026-04-05 02:42:09,2026-04-05 02:42:09,INCOMING,3504990,7956,974,CELL-MT-03,31.482671,74.323334,GPRS,Model Town
923001110003,923009998883,923001110003,410016897286583,35678901595898,2026-04-08 05:30:26,2026-04-08 05:30:26,INCOMING,563752,7808,757,CELL-MT-03,31.481246,74.321656,GPRS,Model Town
923001110001,923001110001,923009998883,410011245423851,35678901189332,2026-04-05 02:48:33,2026-04-05 02:48:33,OUTGOING,0,6315,666,CELL-LB-02,31.509829,74.343312,SMS,Liberty Market
923001110001,923001110001,923009998884,410016784735706,35678901736741,2026-04-07 04:45:51,2026-04-07 04:45:51,OUTGOING,0,2343,489,CELL-LB-02,31.511514,74.345681,SMS,Liberty Market
923001110003,923009998885,923001110003,410014928970929,35678901123121,2026-04-05 02:54:09,2026-04-05 02:54:09,INCOMING,6014499,3299,772,CELL-ARP-08,31.522738,74.402814,GPRS,Airport Road
923331234567,923331234567,923009998886,410015861271158,35678901629821,2026-04-05 02:57:03,2026-04-05 03:11:17,OUTGOING,0,7115,148,CELL-MT-03,31.481954,74.32097,CALL,Model Town
923001110003,923009998886,923001110003,410016790350555,35678901736599,2026-04-04 02:00:38,2026-04-04 02:00:38,INCOMING,7975782,3278,554,CELL-LB-02,31.511983,74.343987,GPRS,Liberty Market
923331234567,923009998882,923331234567,410011421963510,35678901871809,2026-04-05 03:03:50,2026-04-05 03:03:50,INCOMING,371749,3927,367,CELL-LB-02,31.509169,74.34415,GPRS,Liberty Market
923001110003,923009998887,923001110003,410017202135498,35678901178229,2026-04-08 06:12:08,2026-04-08 06:15:57,INCOMING,0,1461,787,CELL-DHA-05,31.471461,74.410571,VOLTE,DHA Phase 5
923001110002,923009998888,923001110002,410012217859265,35678901575592,2026-04-09 07:21:32,2026-04-09 07:37:20,INCOMING,0,8093,282,CELL-MT-03,31.481642,74.323447,CALL,Model Town
923001110002,923001110002,923009998887,410015035838135,35678901797622,2026-04-06 04:16:18,2026-04-06 04:16:18,OUTGOING,0,3878,736,CELL-LB-02,31.511198,74.342569,SMS,Liberty Market
923331234567,923331234567,923009998886,410016176620577,35678901298224,2026-04-09 07:35:54,2026-04-09 07:35:54,OUTGOING,5616179,9327,995,CELL-LB-02,31.51088,74.342604,GPRS,Liberty Market
923001110002,923001110002,923009998884,410018414798971,35678901333914,2026-04-03 01:06:37,2026-04-03 01:06:37,OUTGOING,0,5513,672,CELL-DHA-05,31.471664,74.41144,SMS,DHA Phase 5
923001110001,923001110001,923009998888,410016046956273,35678901636915,2026-04-09 07:49:29,2026-04-09 07:49:29,OUTGOING,4451619,2091,743,CELL-ARP-08,31.521938,74.402289,GPRS,Airport Road
923461678183,923009998883,923461678183,410019351037295,35678901519624,2026-04-06 04:32:43,2026-04-06 04:32:43,INCOMING,0,5460,650,CELL-DHA-05,31.469719,74.41037,SMS,DHA Phase 5
923001110001,923001110001,923009998885,410013987336635,35678901181573,2026-04-05 03:27:48,2026-04-05 03:54:50,OUTGOING,0,7447,194,CELL-DHA-05,31.470533,74.41049,VOLTE,DHA Phase 5
923461678183,923009998887,923461678183,410015391851578,35678901758527,2026-04-09 08:10:45,2026-04-09 08:10:45,INCOMING,4517906,3097,456,CELL-LB-02,31.510142,74.342332,GPRS,Liberty Market
923461678183,923009998887,923461678183,410015419308578,35678901514178,2026-04-07 05:55:01,2026-04-07 05:55:01,INCOMING,0,2394,960,CELL-GLB-01,31.522119,74.357876,VOLTE,Gulberg
923331234567,923009998883,923331234567,410019554260239,35678901837946,2026-04-03 01:12:48,2026-04-03 01:12:48,INCOMING,3157502,7756,341,CELL-MT-03,31.483553,74.322795,GPRS,Model Town
923001110002,923009998884,923001110002,410018438897593,35678901765044,2026-04-07 06:05:57,2026-04-07 06:05:57,INCOMING,0,9974,993,CELL-GLB-01,31.519417,74.35997,SMS,Gulberg
923461678183,923461678183,923009998885,410017923057395,35678901289911,2026-04-06 04:56:31,2026-04-06 04:56:31,OUTGOING,7695201,5186,405,CELL-GLB-01,31.522198,74.360035,GPRS,Gulberg
923001110003,923009998882,923001110003,410019541935350,35678901983674,2026-04-06 05:00:53,2026-04-06 05:00:53,INCOMING,2561345,9545,655,CELL-LB-02,31.51002,74.345079,GPRS,Liberty Market
923451112233,923451112233,923009998885,410018895279426,35678901325400,2026-04-06 05:04:16,2026-04-06 05:04:16,OUTGOING,4313565,3539,562,CELL-DHA-05,31.468873,74.407853,GPRS,DHA Phase 5
923331234567,923331234567,923009998881,410012433791958,35678901298837,2026-04-08 07:42:36,2026-04-08 07:55:30,OUTGOING,0,3574,580,CELL-LB-02,31.51197,74.343537,CALL,Liberty Market
923001110001,923009998886,923001110001,410015168257461,35678901399620,2026-04-04 02:36:43,2026-04-04 02:36:43,INCOMING,2689368,7870,450,CELL-GLB-01,31.519853,74.357597,GPRS,Gulberg
923461678183,923009998886,923461678183,410012456120824,35678901240033,2026-04-07 06:35:33,2026-04-07 06:35:33,INCOMING,1509307,4749,414,CELL-MT-03,31.48493,74.323596,GPRS,Model Town
923331234567,923331234567,923009998883,410017585512926,35678901412750,2026-04-08 08:00:06,2026-04-08 08:00:06,OUTGOING,3364305,8025,282,CELL-LB-02,31.508612,74.342451,GPRS,Liberty Market
923461678183,923461678183,923009998882,410012866790124,35678901672687,2026-04-09 09:27:16,2026-04-09 09:27:16,OUTGOING,4556241,9313,577,CELL-LB-02,31.510424,74.34299,GPRS,Liberty Market
923451112233,923009998881,923451112233,410013177032868,35678901226313,2026-04-07 06:50:25,2026-04-07 06:50:25,INCOMING,4329727,9603,111,CELL-DHA-05,31.468816,74.409016,GPRS,DHA Phase 5
923461678183,923461678183,923009998885,410015367714074,35678901766686,2026-04-08 08:18:54,2026-04-08 08:18:54,OUTGOING,1636560,5233,376,CELL-LB-02,31.50891,74.343236,GPRS,Liberty Market
923001110002,923009998887,923001110002,410011425346245,35678901721865,2026-04-07 07:00:58,2026-04-07 07:20:23,INCOMING,0,4022,515,CELL-ARP-08,31.522449,74.40182,VOLTE,Airport Road
923331234567,923009998886,923331234567,410016350864012,35678901910789,2026-04-06 05:40:15,2026-04-06 05:40:15,INCOMING,2678273,8649,229,CELL-DHA-05,31.469578,74.410673,GPRS,DHA Phase 5
923001110002,923001110002,923009998881,410018422924492,35678901909504,2026-04-04 02:52:41,2026-04-04 02:52:41,OUTGOING,2094303,7566,112,CELL-ARP-08,31.521685,74.402641,GPRS,Airport Road
923451112233,923009998884,923451112233,410018533563426,35678901776578,2026-04-05 04:21:03,2026-04-05 04:21:03,INCOMING,194174,9123,381,CELL-LB-02,31.509457,74.342634,GPRS,Liberty Market
923001110003,923009998882,923001110003,410017292643952,35678901649518,2026-04-06 05:52:11,2026-04-06 05:54:28,INCOMING,0,7140,435,CELL-MT-03,31.481467,74.322079,CALL,Model Town
923331234567,923009998883,923331234567,410016517145601,35678901135493,2026-04-03 01:29:06,2026-04-03 01:29:06,INCOMING,0,5517,955,CELL-LB-02,31.510976,74.34511,SMS,Liberty Market
923001110002,923001110002,923009998887,410012941416864,35678901458027,2026-04-09 10:30:37,2026-04-09 10:30:37,OUTGOING,3003982,5533,814,CELL-LB-02,31.511237,74.344769,GPRS,Liberty Market
923461678183,923009998883,923461678183,410015940385559,35678901646888,2026-04-07 07:35:39,2026-04-07 07:35:39,INCOMING,7995280,4894,940,CELL-MT-03,31.483079,74.32154,GPRS,Model Town
923331234567,923009998885,923331234567,410017651223134,35678901860616,2026-04-03 01:32:28,2026-04-03 01:32:28,INCOMING,0,7207,486,CELL-MT-03,31.482398,74.323382,SMS,Model Town
923001110002,923001110002,923009998885,410019520417351,35678901169392,2026-04-07 07:45:22,2026-04-07 07:45:22,OUTGOING,0,2100,540,CELL-GLB-01,31.52136,74.358713,SMS,Gulberg
923001110001,923001110001,923009998887,410011004942671,35678901609291,2026-04-06 06:16:19,2026-04-06 06:30:03,OUTGOING,0,7479,314,CELL-ARP-08,31.521495,74.402893,VOLTE,Airport Road
923001110001,923001110001,923009998885,410011484860866,35678901638161,2026-04-05 04:45:09,2026-04-05 04:45:09,OUTGOING,2885539,2326,583,CELL-MT-03,31.483519,74.323038,GPRS,Model Town
923001110003,923001110003,923009998884,410016829176065,35678901827396,2026-04-08 09:36:00,2026-04-08 09:36:00,OUTGOING,4377735,9062,625,CELL-DHA-05,31.467872,74.409678,GPRS,DHA Phase 5
923001110002,923009998883,923001110002,410018948803487,35678901158692,2026-04-06 06:28:45,2026-04-06 06:28:45,INCOMING,971458,6274,241,CELL-LB-02,31.509973,74.34339,GPRS,Liberty Market
923461678183,923461678183,923009998883,410016877850093,35678901791830,2026-04-09 11:26:26,2026-04-09 11:26:26,OUTGOING,0,1632,509,CELL-LB-02,31.510637,74.345441,SMS,Liberty Market
923331234567,923331234567,923009998881,410013313306551,35678901220495,2026-04-04 03:18:59,2026-04-04 03:18:59,OUTGOING,2090553,3099,618,CELL-LB-02,31.511977,74.342379,GPRS,Liberty Market
923001110003,923009998884,923001110003,410013365937582,35678901380553,2026-04-03 01:40:33,2026-04-03 01:40:33,INCOMING,4052227,6776,757,CELL-ARP-08,31.522794,74.402493,GPRS,Airport Road
923001110001,923001110001,923009998885,410015242882827,35678901170233,2026-04-09 11:47:45,2026-04-09 11:47:45,OUTGOING,3632617,5633,884,CELL-MT-03,31.483675,74.324276,GPRS,Model Town
923001110001,923009998886,923001110001,410017444653238,35678901146737,2026-04-06 06:48:15,2026-04-06 07:17:09,INCOMING,0,5266,659,CELL-GLB-01,31.520009,74.358456,VOLTE,Gulberg
923001110001,923009998888,923001110001,410012132674626,35678901740778,2026-04-07 08:35:42,2026-04-07 08:35:42,INCOMING,6468617,3337,106,CELL-DHA-05,31.468531,74.410279,GPRS,DHA Phase 5
923001110002,923001110002,923009998885,410019504548222,35678901359326,2026-04-05 05:12:44,2026-04-05 05:12:44,OUTGOING,513969,2009,810,CELL-ARP-08,31.522959,74.401772,GPRS,Airport Road
923001110003,923009998884,923001110003,410011420136433,35678901489931,2026-04-09 12:15:40,2026-04-09 12:18:19,INCOMING,0,3856,367,CELL-GLB-01,31.518531,74.357535,CALL,Gulberg
923001110001,923009998888,923001110001,410016488777777,35678901738847,2026-04-06 07:04:11,2026-04-06 07:26:54,INCOMING,0,2781,294,CELL-MT-03,31.484141,74.324208,CALL,Model Town
923001110002,923009998882,923001110002,410018196516190,35678901479315,2026-04-04 03:34:03,2026-04-04 03:34:32,INCOMING,0,6814,711,CELL-MT-03,31.482575,74.324875,CALL,Model Town
923451112233,923009998881,923451112233,410013793889594,35678901221785,2026-04-09 12:36:33,2026-04-09 12:36:33,INCOMING,4590473,3230,477,CELL-ARP-08,31.520453,74.405559,GPRS,Airport Road
923001110003,923001110003,923009998882,410011468524743,35678901637081,2026-04-08 10:54:34,2026-04-08 10:59:00,OUTGOING,0,9822,988,CELL-ARP-08,31.521053,74.404258,CALL,Airport Road
923001110001,923001110001,923009998888,410019424722113,35678901442362,2026-04-08 11:00:53,2026-04-08 11:00:53,OUTGOING,7751845,6482,895,CELL-DHA-05,31.468912,74.411699,GPRS,DHA Phase 5
923331234567,923009998881,923331234567,410016253821174,35678901289131,2026-04-07 09:15:48,2026-04-07 09:15:48,INCOMING,1751549,9852,761,CELL-ARP-08,31.522033,74.40548,GPRS,Airport Road
923001110002,923009998881,923001110002,410019587465162,35678901200442,2026-04-06 07:28:09,2026-04-06 07:45:12,INCOMING,0,4573,474,CELL-LB-02,31.510824,74.343422,VOLTE,Liberty Market
923001110003,923001110003,923009998882,410015186158899,35678901900539,2026-04-05 05:39:23,2026-04-05 05:39:23,OUTGOING,4382181,9448,242,CELL-DHA-05,31.47008,74.410107,GPRS,DHA Phase 5
923001110001,923009998886,923001110001,410019475663835,35678901497242,2026-04-08 11:24:25,2026-04-08 11:24:25,INCOMING,5796468,5476,847,CELL-ARP-08,31.520907,74.405142,GPRS,Airport Road
923451112233,923451112233,923009998881,410019809709511,35678901511726,2026-04-08 11:30:11,2026-04-08 11:30:11,OUTGOING,3554230,3171,394,CELL-GLB-01,31.522103,74.358724,GPRS,Gulberg
923001110002,923001110002,923009998881,410011806610778,35678901322675,2026-04-08 11:36:50,2026-04-08 11:36:50,OUTGOING,4671985,5694,700,CELL-ARP-08,31.520758,74.403287,GPRS,Airport Road
923001110003,923009998888,923001110003,410016968834030,35678901786091,2026-04-04 03:54:51,2026-04-04 03:54:51,INCOMING,4154730,1332,363,CELL-ARP-08,31.521058,74.402446,GPRS,Airport Road
923001110003,923009998887,923001110003,410016176089858,35678901160596,2026-04-07 09:50:57,2026-04-07 09:50:57,INCOMING,943702,5729,989,CELL-LB-02,31.511487,74.342198,GPRS,Liberty Market
923451112233,923009998885,923451112233,410013514655904,35678901258789,2026-04-04 03:58:01,2026-04-04 04:01:58,INCOMING,0,8499,726,CELL-GLB-01,31.521711,74.358762,CALL,Gulberg
923451112233,923009998888,923451112233,410012104488949,35678901547921,2026-04-09 14:00:14,2026-04-09 14:00:14,INCOMING,7845524,2894,571,CELL-ARP-08,31.52102,74.405297,GPRS,Airport Road
923451112233,923009998887,923451112233,410016243699794,35678901302922,2026-04-09 14:07:53,2026-04-09 14:07:53,INCOMING,7727296,6742,165,CELL-ARP-08,31.519786,74.405012,GPRS,Airport Road
923001110001,923009998883,923001110001,410015295360076,35678901519347,2026-04-07 10:10:25,2026-04-07 10:20:23,INCOMING,0,9336,171,CELL-GLB-01,31.522029,74.360233,VOLTE,Gulberg
923001110001,923009998883,923001110001,410019472167465,35678901261310,2026-04-06 08:12:45,2026-04-06 08:12:45,INCOMING,3367728,6242,876,CELL-MT-03,31.483449,74.323769,GPRS,Model Town
923001110001,923009998882,923001110001,410013082790127,35678901406080,2026-04-04 04:08:39,2026-04-04 04:34:25,INCOMING,0,5043,246,CELL-GLB-01,31.51976,74.358655,CALL,Gulberg
923001110002,923001110002,923009998881,410012966465863,35678901649822,2026-04-03 02:05:16,2026-04-03 02:05:16,OUTGOING,497908,1974,819,CELL-DHA-05,31.469113,74.409311,GPRS,DHA Phase 5
923451112233,923451112233,923009998887,410012494561976,35678901281495,2026-04-09 14:42:14,2026-04-09 14:42:14,OUTGOING,7161940,4881,447,CELL-LB-02,31.510115,74.343485,GPRS,Liberty Market
923461678183,923009998886,923461678183,410016593639958,35678901862098,2026-04-07 10:35:45,2026-04-07 10:35:45,INCOMING,4430343,4197,824,CELL-GLB-01,31.518902,74.35862,GPRS,Gulberg
923331234567,923331234567,923009998887,410011288598537,35678901992646,2026-04-07 10:40:02,2026-04-07 10:52:41,OUTGOING,0,6185,181,CELL-MT-03,31.481379,74.323542,CALL,Model Town
923331234567,923331234567,923009998884,410011047739170,35678901585739,2026-04-08 12:54:03,2026-04-08 13:02:17,OUTGOING,0,6881,316,CELL-LB-02,31.510959,74.343286,VOLTE,Liberty Market
923001110003,923001110003,923009998882,410017274137080,35678901783088,2026-04-09 15:10:47,2026-04-09 15:10:47,OUTGOING,2125040,3850,264,CELL-LB-02,31.509649,74.34507,GPRS,Liberty Market
923001110001,923001110001,923009998881,410017415687647,35678901837270,2026-04-05 06:33:28,2026-04-05 06:33:28,OUTGOING,0,2733,845,CELL-ARP-08,31.520163,74.403537,SMS,Airport Road
923001110003,923009998887,923001110003,410014771988515,35678901387686,2026-04-09 15:24:46,2026-04-09 15:24:46,INCOMING,2791217,2280,196,CELL-GLB-01,31.518555,74.360122,GPRS,Gulberg
923001110002,923009998887,923001110002,410018176156416,35678901819669,2026-04-07 11:05:40,2026-04-07 11:05:40,INCOMING,6128265,3973,319,CELL-DHA-05,31.471465,74.409225,GPRS,DHA Phase 5
923001110001,923001110001,923009998886,410019517164312,35678901702675,2026-04-03 02:14:15,2026-04-03 02:14:15,OUTGOING,0,5536,252,CELL-DHA-05,31.469286,74.408243,SMS,DHA Phase 5
923331234567,923331234567,923009998887,410015709525330,35678901996663,2026-04-04 04:30:21,2026-04-04 04:44:31,OUTGOING,0,7757,878,CELL-MT-03,31.484475,74.324892,CALL,Model Town
923331234567,923331234567,923009998886,410011875418856,35678901256323,2026-04-03 02:16:00,2026-04-03 02:16:00,OUTGOING,925785,9147,225,CELL-GLB-01,31.519991,74.359631,GPRS,Gulberg
923001110002,923009998888,923001110002,410019014378956,35678901509136,2026-04-03 02:17:39,2026-04-03 02:17:39,INCOMING,0,7330,629,CELL-LB-02,31.508858,74.344869,VOLTE,Liberty Market
923451112233,923451112233,923009998886,410011732469854,35678901505179,2026-04-06 09:12:16,2026-04-06 09:12:16,OUTGOING,1499421,5459,606,CELL-ARP-08,31.523018,74.403033,GPRS,Airport Road
923001110001,923001110001,923009998887,410018423822654,35678901909069,2026-04-08 13:54:58,2026-04-08 13:54:58,OUTGOING,0,3333,629,CELL-ARP-08,31.521501,74.403836,CALL,Airport Road
923001110002,923001110002,923009998881,410012815375513,35678901632144,2026-04-06 09:20:05,2026-04-06 09:20:05,OUTGOING,4547257,8936,561,CELL-ARP-08,31.521398,74.403275,GPRS,Airport Road
923001110003,923009998887,923001110003,410012863668341,35678901958932,2026-04-08 14:06:49,2026-04-08 14:06:49,INCOMING,0,9742,567,CELL-DHA-05,31.469415,74.410189,SMS,DHA Phase 5
923451112233,923451112233,923009998886,410015669005960,35678901460418,2026-04-07 11:50:47,2026-04-07 11:50:47,OUTGOING,501989,3800,868,CELL-MT-03,31.482323,74.322608,GPRS,Model Town
923001110002,923009998884,923001110002,410011641944670,35678901538091,2026-04-08 14:18:06,2026-04-08 14:18:06,INCOMING,0,3880,209,CELL-GLB-01,31.52119,74.358649,SMS,Gulberg
923001110003,923001110003,923009998888,410016626096278,35678901868476,2026-04-05 07:12:22,2026-04-05 07:42:00,OUTGOING,0,8244,680,CELL-LB-02,31.508681,74.344306,VOLTE,Liberty Market
923001110002,923001110002,923009998885,410014858205414,35678901589501,2026-04-04 04:50:24,2026-04-04 04:50:24,OUTGOING,7958932,5364,801,CELL-DHA-05,31.469326,74.410397,GPRS,DHA Phase 5
923461678183,923009998884,923461678183,410014915841136,35678901342271,2026-04-04 04:52:14,2026-04-04 05:11:31,INCOMING,0,8082,345,CELL-ARP-08,31.522399,74.403594,CALL,Airport Road
923001110001,923009998884,923001110001,410018202734009,35678901656688,2026-04-03 02:27:22,2026-04-03 02:27:22,INCOMING,4182022,8900,171,CELL-DHA-05,31.471097,74.409027,GPRS,DHA Phase 5
923001110003,923001110003,923009998885,410014742340078,35678901574852,2026-04-05 07:24:02,2026-04-05 07:24:02,OUTGOING,7105502,6486,845,CELL-DHA-05,31.471514,74.409806,GPRS,DHA Phase 5
923001110001,923001110001,923009998887,410019807306379,35678901538436,2026-04-07 12:25:11,2026-04-07 12:25:11,OUTGOING,380710,8910,806,CELL-MT-03,31.484474,74.322173,GPRS,Model Town
923461678183,923461678183,923009998887,410016369102007,35678901544226,2026-04-09 17:30:13,2026-04-09 17:30:13,OUTGOING,0,4516,896,CELL-GLB-01,31.519684,74.357773,SMS,Gulberg
923001110003,923009998887,923001110003,410019211835453,35678901619311,2026-04-04 05:02:14,2026-04-04 05:02:14,INCOMING,0,9047,927,CELL-DHA-05,31.468194,74.408086,SMS,DHA Phase 5
923331234567,923331234567,923009998886,410019390019877,35678901752204,2026-04-06 10:08:11,2026-04-06 10:08:11,OUTGOING,0,3175,632,CELL-ARP-08,31.521352,74.405368,SMS,Airport Road
923451112233,923009998883,923451112233,410018410405076,35678901700368,2026-04-09 17:51:54,2026-04-09 17:51:54,INCOMING,0,7252,945,CELL-DHA-05,31.470627,74.410931,SMS,DHA Phase 5
923461678183,923009998883,923461678183,410011273552206,35678901479875,2026-04-03 02:34:56,2026-04-03 02:34:56,INCOMING,1602065,5600,622,CELL-LB-02,31.509506,74.34468,GPRS,Liberty Market
923001110002,923001110002,923009998886,410015627179702,35678901816856,2026-04-08 15:30:30,2026-04-08 15:30:30,OUTGOING,2577481,1429,993,CELL-ARP-08,31.523131,74.404593,GPRS,Airport Road
923451112233,923009998885,923451112233,410014285811035,35678901191671,2026-04-08 15:36:01,2026-04-08 15:36:01,INCOMING,3271193,4431,367,CELL-ARP-08,31.522128,74.405348,GPRS,Airport Road
923451112233,923451112233,923009998882,410018743412849,35678901337616,2026-04-08 15:42:31,2026-04-08 15:42:31,OUTGOING,6072184,4429,651,CELL-MT-03,31.483953,74.322437,GPRS,Model Town
923001110002,923001110002,923009998887,410013686342430,35678901201366,2026-04-08 15:48:10,2026-04-08 15:48:10,OUTGOING,5519273,1288,580,CELL-DHA-05,31.469217,74.411381,GPRS,DHA Phase 5
923001110001,923009998881,923001110001,410014472150523,35678901324049,2026-04-06 10:36:34,2026-04-06 10:36:34,INCOMING,4184609,5123,692,CELL-ARP-08,31.521803,74.40506,GPRS,Airport Road
923331234567,923009998885,923331234567,410012810602761,35678901975698,2026-04-06 10:40:03,2026-04-06 10:48:43,INCOMING,0,5216,242,CELL-GLB-01,31.521012,74.360458,CALL,Gulberg
923001110001,923009998884,923001110001,410016038790499,35678901507380,2026-04-06 10:44:45,2026-04-06 10:44:45,INCOMING,0,8568,726,CELL-DHA-05,31.469895,74.411203,VOLTE,DHA Phase 5
923001110003,923001110003,923009998884,410015344205328,35678901914375,2026-04-09 18:54:50,2026-04-09 18:54:50,OUTGOING,0,8424,311,CELL-DHA-05,31.467746,74.408232,SMS,DHA Phase 5
923461678183,923009998886,923461678183,410011140843645,35678901363159,2026-04-03 02:43:58,2026-04-03 02:43:58,INCOMING,7509879,7086,236,CELL-GLB-01,31.521395,74.358461,GPRS,Gulberg
923001110001,923001110001,923009998884,410011511467405,35678901738067,2026-04-04 05:28:39,2026-04-04 05:51:25,OUTGOING,0,8716,103,CELL-GLB-01,31.520739,74.358612,VOLTE,Gulberg
923331234567,923331234567,923009998881,410019230592753,35678901434809,2026-04-05 08:15:34,2026-04-05 08:15:34,OUTGOING,4356736,5759,960,CELL-LB-02,31.51191,74.342766,GPRS,Liberty Market
923001110001,923001110001,923009998886,410018546223458,35678901314229,2026-04-05 08:18:44,2026-04-05 08:18:44,OUTGOING,0,8144,167,CELL-LB-02,31.508863,74.342151,SMS,Liberty Market
923461678183,923461678183,923009998884,410011598571143,35678901222231,2026-04-06 11:08:58,2026-04-06 11:08:58,OUTGOING,5187221,2170,630,CELL-ARP-08,31.52118,74.405373,GPRS,Airport Road
923001110001,923001110001,923009998881,410018017715156,35678901258740,2026-04-08 16:48:35,2026-04-08 17:15:46,OUTGOING,0,4118,779,CELL-LB-02,31.508751,74.345476,CALL,Liberty Market
923001110003,923009998882,923001110003,410019725598810,35678901850138,2026-04-06 11:16:02,2026-04-06 11:16:02,INCOMING,0,3103,421,CELL-MT-03,31.483679,74.322876,SMS,Model Town
923001110003,923009998888,923001110003,410011682913297,35678901919091,2026-04-08 17:00:24,2026-04-08 17:00:24,INCOMING,5380964,8470,445,CELL-DHA-05,31.469944,74.410671,GPRS,DHA Phase 5
923461678183,923009998885,923461678183,410012018061151,35678901419363,2026-04-08 17:06:43,2026-04-08 17:06:43,INCOMING,0,8022,247,CELL-MT-03,31.481368,74.324384,SMS,Model Town
923001110001,923001110001,923009998884,410011243626512,35678901561307,2026-04-03 02:52:33,2026-04-03 03:12:55,OUTGOING,0,1849,199,CELL-LB-02,31.510093,74.345693,CALL,Liberty Market
923001110003,923009998882,923001110003,410013269360067,35678901615449,2026-04-07 14:25:35,2026-04-07 14:25:35,INCOMING,7244704,9145,132,CELL-GLB-01,31.522245,74.357231,GPRS,Gulberg
923001110002,923009998886,923001110002,410019476692579,35678901841694,2026-04-07 14:30:43,2026-04-07 14:30:43,INCOMING,6943979,4300,579,CELL-MT-03,31.483025,74.322914,GPRS,Model Town
923001110001,923009998886,923001110001,410012770899070,35678901806273,2026-04-03 02:55:01,2026-04-03 02:55:01,INCOMING,2204899,9104,214,CELL-DHA-05,31.470276,74.410281,GPRS,DHA Phase 5
923001110003,923009998881,923001110003,410019207323911,35678901609679,2026-04-08 17:36:28,2026-04-08 17:36:28,INCOMING,0,3168,573,CELL-LB-02,31.51121,74.344868,SMS,Liberty Market
923331234567,923331234567,923009998883,410013305968176,35678901674687,2026-04-05 08:51:00,2026-04-05 08:58:10,OUTGOING,0,8915,864,CELL-GLB-01,31.520836,74.360389,CALL,Gulberg
923451112233,923451112233,923009998883,410015668938615,35678901158358,2026-04-08 17:48:09,2026-04-08 17:48:09,OUTGOING,2144085,5013,997,CELL-GLB-01,31.518898,74.357535,GPRS,Gulberg
923451112233,923451112233,923009998886,410013800675830,35678901475195,2026-04-06 11:56:28,2026-04-06 11:56:28,OUTGOING,3239429,3029,829,CELL-DHA-05,31.471251,74.408443,GPRS,DHA Phase 5
923461678183,923009998885,923461678183,410019320513373,35678901244870,2026-04-03 03:00:14,2026-04-03 03:00:14,INCOMING,3047837,1146,993,CELL-ARP-08,31.522359,74.405138,GPRS,Airport Road
923451112233,923009998882,923451112233,410014926444047,35678901939992,2026-04-03 03:01:29,2026-04-03 03:01:29,INCOMING,2039628,4882,460,CELL-GLB-01,31.521021,74.357337,GPRS,Gulberg
923461678183,923461678183,923009998883,410017195685186,35678901300249,2026-04-03 03:02:48,2026-04-03 03:02:48,OUTGOING,0,5646,292,CELL-MT-03,31.481853,74.320962,SMS,Model Town
923001110001,923009998881,923001110001,410015145749940,35678901460394,2026-04-04 06:06:13,2026-04-04 06:06:13,INCOMING,971674,4273,276,CELL-MT-03,31.483777,74.32148,GPRS,Model Town
923331234567,923009998883,923331234567,410017150232942,35678901573813,2026-04-03 03:04:11,2026-04-03 03:04:11,INCOMING,5747838,4324,579,CELL-MT-03,31.483468,74.324298,GPRS,Model Town
923001110003,923009998885,923001110003,410011693958552,35678901707460,2026-04-09 21:35:56,2026-04-09 21:35:56,INCOMING,0,1502,565,CELL-MT-03,31.485119,74.321239,SMS,Model Town
923451112233,923009998887,923451112233,410017275532880,35678901226355,2026-04-06 12:24:25,2026-04-06 12:31:24,INCOMING,0,6446,305,CELL-ARP-08,31.521905,74.40171,VOLTE,Airport Road
923001110003,923009998884,923001110003,410014982401791,35678901128029,2026-04-09 21:49:54,2026-04-09 22:14:19,INCOMING,0,4583,787,CELL-ARP-08,31.520703,74.405223,CALL,Airport Road
923451112233,923009998882,923451112233,410016990970529,35678901218141,2026-04-08 18:48:53,2026-04-08 19:11:49,INCOMING,0,2746,211,CELL-MT-03,31.481423,74.321385,VOLTE,Model Town
923001110002,923001110002,923009998883,410016540332631,35678901316408,2026-04-05 09:27:54,2026-04-05 09:27:54,OUTGOING,0,4794,375,CELL-MT-03,31.481673,74.321453,SMS,Model Town
923451112233,923451112233,923009998887,410015718818141,35678901497158,2026-04-07 15:50:38,2026-04-07 15:50:38,OUTGOING,1703853,8349,466,CELL-ARP-08,31.521915,74.402663,GPRS,Airport Road
923001110002,923001110002,923009998881,410014444348644,35678901497697,2026-04-04 06:22:04,2026-04-04 06:22:04,OUTGOING,0,2660,330,CELL-GLB-01,31.518787,74.357601,SMS,Gulberg
923001110003,923009998888,923001110003,410015908679131,35678901948213,2026-04-05 09:36:19,2026-04-05 10:02:19,INCOMING,0,5812,721,CELL-MT-03,31.48407,74.324215,CALL,Model Town
923451112233,923009998887,923451112233,410017616766070,35678901594483,2026-04-05 09:39:16,2026-04-05 09:39:16,INCOMING,4483576,8376,444,CELL-ARP-08,31.520925,74.403746,GPRS,Airport Road
923001110002,923009998887,923001110002,410017671161802,35678901330971,2026-04-07 16:10:57,2026-04-07 16:10:57,INCOMING,0,7509,999,CELL-ARP-08,31.520583,74.40511,SMS,Airport Road
923001110001,923009998882,923001110001,410012121522787,35678901831594,2026-04-06 13:00:55,2026-04-06 13:00:55,INCOMING,3549672,4005,230,CELL-ARP-08,31.521682,74.402531,GPRS,Airport Road
923451112233,923451112233,923009998887,410014729399282,35678901827058,2026-04-08 19:36:55,2026-04-08 19:36:55,OUTGOING,5445338,7905,446,CELL-MT-03,31.483151,74.324587,GPRS,Model Town
923331234567,923009998884,923331234567,410013105582018,35678901263090,2026-04-03 03:17:18,2026-04-03 03:17:18,INCOMING,2792746,4168,110,CELL-MT-03,31.482239,74.320969,GPRS,Model Town
923451112233,923451112233,923009998882,410015126173082,35678901772762,2026-04-03 03:18:09,2026-04-03 03:18:09,OUTGOING,5852188,3019,525,CELL-MT-03,31.484233,74.322695,GPRS,Model Town
923451112233,923009998882,923451112233,410013716296292,35678901506794,2026-04-04 06:38:52,2026-04-04 06:38:52,INCOMING,1281732,7395,629,CELL-DHA-05,31.467915,74.410981,GPRS,DHA Phase 5
923461678183,923009998882,923461678183,410011926284911,35678901722279,2026-04-03 03:20:02,2026-04-03 03:20:02,INCOMING,0,2222,146,CELL-DHA-05,31.467855,74.40954,SMS,DHA Phase 5
923001110003,923001110003,923009998883,410012609761476,35678901813385,2026-04-05 10:03:21,2026-04-05 10:03:21,OUTGOING,1365956,5840,996,CELL-DHA-05,31.468218,74.408138,GPRS,DHA Phase 5
923001110003,923001110003,923009998886,410013350610342,35678901834146,2026-04-09 23:34:00,2026-04-09 23:34:00,OUTGOING,0,3991,189,CELL-GLB-01,31.519604,74.358673,SMS,Gulberg
923461678183,923461678183,923009998883,410014650804035,35678901547856,2026-04-07 16:55:55,2026-04-07 17:13:55,OUTGOING,0,2656,497,CELL-GLB-01,31.520183,74.359149,CALL,Gulberg
923001110002,923009998881,923001110002,410017315070983,35678901728518,2026-04-03 03:24:38,2026-04-03 03:24:38,INCOMING,4705010,5082,759,CELL-ARP-08,31.523349,74.402708,GPRS,Airport Road
923001110001,923001110001,923009998888,410017274983623,35678901549319,2026-04-06 13:40:59,2026-04-06 13:40:59,OUTGOING,6632280,3834,190,CELL-MT-03,31.482501,74.323564,GPRS,Model Town
923001110001,923001110001,923009998881,410011229639227,35678901523653,2026-04-06 13:44:05,2026-04-06 13:44:05,OUTGOING,6379813,2146,456,CELL-GLB-01,31.520326,74.358645,GPRS,Gulberg
923001110003,923009998882,923001110003,410016955544176,35678901613940,2026-04-04 06:54:13,2026-04-04 06:54:13,INCOMING,0,8886,102,CELL-GLB-01,31.520308,74.357126,SMS,Gulberg
923001110002,923001110002,923009998885,410012259510071,35678901430332,2026-04-06 13:52:54,2026-04-06 13:52:54,OUTGOING,7563118,2052,150,CELL-LB-02,31.509906,74.34509,GPRS,Liberty Market
923461678183,923461678183,923009998885,410014739459334,35678901877540,2026-04-08 20:54:25,2026-04-08 20:54:25,OUTGOING,1506574,5221,735,CELL-ARP-08,31.522501,74.404036,GPRS,Airport Road
923001110002,923001110002,923009998883,410015587608370,35678901472075,2026-04-04 07:00:56,2026-04-04 07:00:56,OUTGOING,1968334,1287,161,CELL-MT-03,31.483801,74.324032,GPRS,Model Town
923001110003,923001110003,923009998887,410012540627560,35678901195109,2026-04-10 00:37:38,2026-04-10 00:37:38,OUTGOING,1823415,5643,311,CELL-ARP-08,31.522207,74.404907,GPRS,Airport Road
923461678183,923461678183,923009998886,410013720721700,35678901140286,2026-04-06 14:08:08,2026-04-06 14:08:08,OUTGOING,0,8409,837,CELL-GLB-01,31.519284,74.357856,SMS,Gulberg
923001110001,923001110001,923009998882,410016285370088,35678901715373,2026-04-06 14:12:18,2026-04-06 14:19:16,OUTGOING,0,4271,793,CELL-ARP-08,31.520806,74.403136,CALL,Airport Road
923001110002,923001110002,923009998884,410014292296009,35678901885306,2026-04-03 03:34:58,2026-04-03 03:34:58,OUTGOING,4930783,2493,894,CELL-ARP-08,31.520073,74.403531,GPRS,Airport Road
923331234567,923009998884,923331234567,410017542527938,35678901749669,2026-04-04 07:10:31,2026-04-04 07:10:31,INCOMING,5383548,1672,927,CELL-DHA-05,31.46975,74.408209,GPRS,DHA Phase 5
923001110002,923009998886,923001110002,410019272618064,35678901519465,2026-04-08 21:36:11,2026-04-08 21:36:11,INCOMING,2059451,1053,479,CELL-DHA-05,31.471486,74.408699,GPRS,DHA Phase 5
923461678183,923009998882,923461678183,410012474451259,35678901552017,2026-04-03 03:37:46,2026-04-03 03:50:01,INCOMING,0,9120,277,CELL-GLB-01,31.518806,74.359172,CALL,Gulberg
923001110001,923001110001,923009998887,410018243822456,35678901297237,2026-04-07 18:10:29,2026-04-07 18:10:29,OUTGOING,7747945,1263,953,CELL-ARP-08,31.520971,74.405389,GPRS,Airport Road
923451112233,923009998884,923451112233,410012986154532,35678901205585,2026-04-06 14:36:34,2026-04-06 14:36:34,INCOMING,1971997,8985,862,CELL-GLB-01,31.522101,74.360645,GPRS,Gulberg
923001110003,923009998882,923001110003,410013125824024,35678901942773,2026-04-07 18:20:12,2026-04-07 18:20:12,INCOMING,6009113,2182,330,CELL-DHA-05,31.46888,74.408439,GPRS,DHA Phase 5
923001110002,923001110002,923009998883,410011594465668,35678901844743,2026-04-04 07:22:31,2026-04-04 07:22:31,OUTGOING,4941916,5006,238,CELL-GLB-01,31.521735,74.357981,GPRS,Gulberg
923451112233,923009998886,923451112233,410011106357678,35678901150356,2026-04-05 11:06:48,2026-04-05 11:06:48,INCOMING,4451464,2316,211,CELL-GLB-01,31.521155,74.35869,GPRS,Gulberg
923001110002,923001110002,923009998882,410015557189249,35678901636781,2026-04-08 22:18:07,2026-04-08 22:18:07,OUTGOING,4594861,3509,490,CELL-DHA-05,31.470529,74.408483,GPRS,DHA Phase 5
923001110001,923009998887,923001110001,410012262150864,35678901171937,2026-04-06 14:56:20,2026-04-06 14:56:20,INCOMING,5796481,6924,799,CELL-LB-02,31.509695,74.344617,GPRS,Liberty Market
923001110003,923001110003,923009998886,410019503941485,35678901738380,2026-04-08 22:30:21,2026-04-08 22:30:21,OUTGOING,0,9628,754,CELL-LB-02,31.509017,74.34607,SMS,Liberty Market
923331234567,923331234567,923009998881,410016514553434,35678901155662,2026-04-04 07:32:04,2026-04-04 07:32:04,OUTGOING,1511063,1473,690,CELL-DHA-05,31.469743,74.410285,GPRS,DHA Phase 5
923451112233,923009998882,923451112233,410015854355789,35678901492483,2026-04-08 22:42:15,2026-04-08 22:42:15,INCOMING,7512123,3631,365,CELL-LB-02,31.51034,74.346092,GPRS,Liberty Market
923461678183,923461678183,923009998882,410018711549730,35678901588643,2026-04-03 03:48:35,2026-04-03 04:03:13,OUTGOING,0,1999,915,CELL-MT-03,31.483952,74.32451,CALL,Model Town
923331234567,923331234567,923009998882,410019104071640,35678901142709,2026-04-04 07:38:01,2026-04-04 07:38:01,OUTGOING,4036616,2615,177,CELL-DHA-05,31.470042,74.410723,GPRS,DHA Phase 5
923001110001,923001110001,923009998886,410019928005048,35678901879254,2026-04-06 15:20:48,2026-04-06 15:20:48,OUTGOING,0,2079,277,CELL-GLB-01,31.518688,74.357014,SMS,Gulberg
923461678183,923009998882,923461678183,410011902958068,35678901159275,2026-04-04 07:42:11,2026-04-04 07:42:11,INCOMING,4688737,3045,302,CELL-GLB-01,31.519023,74.357964,GPRS,Gulberg
923451112233,923009998884,923451112233,410015766075847,35678901938913,2026-04-05 11:36:27,2026-04-05 12:00:19,INCOMING,0,8946,384,CELL-ARP-08,31.522635,74.402712,VOLTE,Airport Road
923001110003,923009998882,923001110003,410011158393155,35678901480585,2026-04-05 11:39:23,2026-04-05 11:52:38,INCOMING,0,9326,716,CELL-GLB-01,31.519915,74.35734,VOLTE,Gulberg
923331234567,923009998883,923331234567,410016771226130,35678901801739,2026-04-03 03:54:08,2026-04-03 03:54:08,INCOMING,2165979,2473,721,CELL-DHA-05,31.470701,74.411146,GPRS,DHA Phase 5
923451112233,923451112233,923009998888,410013163073897,35678901168891,2026-04-10 03:25:25,2026-04-10 03:25:25,OUTGOING,2731614,3016,263,CELL-ARP-08,31.520512,74.404411,GPRS,Airport Road
923451112233,923451112233,923009998887,410015602113411,35678901610138,2026-04-04 07:52:23,2026-04-04 07:52:23,OUTGOING,3913929,8979,191,CELL-LB-02,31.508568,74.345225,GPRS,Liberty Market
923331234567,923009998882,923331234567,410015661764690,35678901936614,2026-04-05 11:51:44,2026-04-05 11:51:44,INCOMING,0,8490,566,CELL-GLB-01,31.520295,74.35745,SMS,Gulberg
923001110002,923001110002,923009998883,410018038496040,35678901336103,2026-04-04 07:56:20,2026-04-04 07:56:20,OUTGOING,6366273,9367,484,CELL-MT-03,31.481312,74.322464,GPRS,Model Town
923001110003,923009998881,923001110003,410015281046250,35678901752889,2026-04-06 15:56:42,2026-04-06 15:56:42,INCOMING,5657863,1656,964,CELL-ARP-08,31.522999,74.405571,GPRS,Airport Road
923451112233,923009998883,923451112233,410012817351744,35678901675884,2026-04-05 12:00:54,2026-04-05 12:00:54,INCOMING,7225121,4061,272,CELL-DHA-05,31.468385,74.410532,GPRS,DHA Phase 5
923461678183,923461678183,923009998881,410013090166550,35678901295771,2026-04-03 04:01:05,2026-04-03 04:01:05,OUTGOING,0,1480,550,CELL-DHA-05,31.467735,74.411479,SMS,DHA Phase 5
923331234567,923331234567,923009998883,410017558378936,35678901894206,2026-04-10 04:14:13,2026-04-10 04:14:13,OUTGOING,6054613,6540,804,CELL-GLB-01,31.521249,74.358281,GPRS,Gulberg
923331234567,923009998883,923331234567,410018547528321,35678901877674,2026-04-04 08:06:33,2026-04-04 08:06:33,INCOMING,6147242,2133,343,CELL-ARP-08,31.519984,74.404645,GPRS,Airport Road
923451112233,923009998885,923451112233,410019185510116,35678901812104,2026-04-10 04:28:33,2026-04-10 04:43:39,INCOMING,0,4530,613,CELL-DHA-05,31.468841,74.410645,VOLTE,DHA Phase 5
923001110002,923001110002,923009998886,410012038311153,35678901919979,2026-04-06 16:20:24,2026-04-06 16:20:24,OUTGOING,5600926,5464,876,CELL-LB-02,31.508351,74.345976,GPRS,Liberty Market
923001110001,923001110001,923009998887,410012813013538,35678901988499,2026-04-10 04:42:04,2026-04-10 04:55:52,OUTGOING,0,4801,158,CELL-ARP-08,31.520555,74.403282,CALL,Airport Road
923001110001,923009998881,923001110001,410015937054908,35678901778537,2026-04-03 04:07:20,2026-04-03 04:07:20,INCOMING,0,1099,575,CELL-DHA-05,31.468255,74.410411,SMS,DHA Phase 5
923331234567,923009998887,923331234567,410017934000455,35678901836136,2026-04-07 20:40:36,2026-04-07 20:40:36,INCOMING,3731185,3237,909,CELL-GLB-01,31.521741,74.359336,GPRS,Gulberg
923461678183,923009998881,923461678183,410011685299403,35678901939828,2026-04-05 12:27:52,2026-04-05 12:27:52,INCOMING,4731263,6824,387,CELL-GLB-01,31.519155,74.359759,GPRS,Gulberg
923001110002,923001110002,923009998881,410012930854382,35678901612589,2026-04-09 01:00:14,2026-04-09 01:23:05,OUTGOING,0,6332,559,CELL-DHA-05,31.471213,74.407998,VOLTE,DHA Phase 5
923451112233,923451112233,923009998884,410013984840667,35678901103961,2026-04-07 20:55:15,2026-04-07 21:12:35,OUTGOING,0,9474,565,CELL-DHA-05,31.471437,74.410481,CALL,DHA Phase 5
923461678183,923009998884,923461678183,410014361539045,35678901102206,2026-04-07 21:00:33,2026-04-07 21:00:33,INCOMING,339133,9016,299,CELL-DHA-05,31.471625,74.408879,GPRS,DHA Phase 5
923001110003,923001110003,923009998881,410014582869989,35678901521071,2026-04-04 08:26:50,2026-04-04 08:51:03,OUTGOING,0,1662,156,CELL-MT-03,31.482796,74.323799,CALL,Model Town
923001110001,923009998883,923001110001,410011651342487,35678901700529,2026-04-04 08:28:58,2026-04-04 08:28:58,INCOMING,0,4540,723,CELL-GLB-01,31.521855,74.359218,SMS,Gulberg
923001110003,923001110003,923009998881,410012413141711,35678901674859,2026-04-03 04:15:21,2026-04-03 04:32:57,OUTGOING,0,8071,301,CELL-GLB-01,31.521489,74.360366,CALL,Gulberg
923001110003,923009998883,923001110003,410018740005427,35678901223361,2026-04-06 17:04:12,2026-04-06 17:18:10,INCOMING,0,7554,638,CELL-MT-03,31.484283,74.324569,VOLTE,Model Town
923451112233,923009998887,923451112233,410017014376203,35678901448195,2026-04-03 04:17:51,2026-04-03 04:17:51,INCOMING,3879980,3425,807,CELL-GLB-01,31.519959,74.359147,GPRS,Gulberg
923001110003,923001110003,923009998888,410017988318267,35678901979644,2026-04-06 17:12:11,2026-04-06 17:39:37,OUTGOING,0,2015,384,CELL-GLB-01,31.522292,74.357607,VOLTE,Gulberg
923001110003,923001110003,923009998888,410013318640920,35678901112182,2026-04-10 06:13:00,2026-04-10 06:17:27,OUTGOING,0,4739,431,CELL-LB-02,31.509843,74.344044,VOLTE,Liberty Market
923001110002,923001110002,923009998882,410018825492617,35678901951917,2026-04-09 02:00:15,2026-04-09 02:00:15,OUTGOING,6002124,7714,470,CELL-DHA-05,31.47075,74.408762,GPRS,DHA Phase 5
923331234567,923009998885,923331234567,410015497873234,35678901207299,2026-04-04 08:42:09,2026-04-04 08:42:09,INCOMING,6792874,7439,514,CELL-LB-02,31.510193,74.344695,GPRS,Liberty Market
923451112233,923009998884,923451112233,410016983417436,35678901940820,2026-04-07 21:50:12,2026-04-07 21:50:12,INCOMING,4180054,5874,305,CELL-LB-02,31.510354,74.34498,GPRS,Liberty Market
923001110002,923001110002,923009998882,410017428500428,35678901267750,2026-04-04 08:46:55,2026-04-04 09:10:39,OUTGOING,0,5873,794,CELL-MT-03,31.483749,74.3238,VOLTE,Model Town
923001110002,923009998883,923001110002,410018150379649,35678901808329,2026-04-05 13:12:01,2026-04-05 13:12:01,INCOMING,3550814,4361,183,CELL-GLB-01,31.520864,74.360067,GPRS,Gulberg
923001110002,923009998888,923001110002,410014775384046,35678901185842,2026-04-10 06:55:53,2026-04-10 06:55:53,INCOMING,6363246,4351,556,CELL-LB-02,31.510339,74.345418,GPRS,Liberty Market
923001110001,923001110001,923009998882,410012038003150,35678901103375,2026-04-10 07:02:58,2026-04-10 07:25:25,OUTGOING,0,9676,482,CELL-MT-03,31.482182,74.320932,CALL,Model Town
923451112233,923451112233,923009998883,410012613349970,35678901770674,2026-04-10 07:09:35,2026-04-10 07:09:35,OUTGOING,4779676,4875,217,CELL-MT-03,31.482989,74.324576,GPRS,Model Town
923331234567,923331234567,923009998882,410019719874330,35678901980655,2026-04-06 17:52:56,2026-04-06 17:52:56,OUTGOING,1398643,1207,399,CELL-GLB-01,31.518459,74.357961,GPRS,Gulberg
923331234567,923009998881,923331234567,410016631617151,35678901718983,2026-04-04 08:58:05,2026-04-04 08:58:05,INCOMING,5012961,9932,600,CELL-GLB-01,31.521646,74.358131,GPRS,Gulberg
923001110003,923009998885,923001110003,410018234380763,35678901264152,2026-04-09 03:00:07,2026-04-09 03:00:07,INCOMING,0,4658,734,CELL-LB-02,31.511482,74.345246,SMS,Liberty Market
923451112233,923451112233,923009998887,410018712388241,35678901217050,2026-04-05 13:33:36,2026-04-05 13:33:36,OUTGOING,4719778,8617,440,CELL-LB-02,31.509351,74.345098,GPRS,Liberty Market
923451112233,923009998887,923451112233,410014320537475,35678901906219,2026-04-09 03:12:33,2026-04-09 03:12:33,INCOMING,2484575,6089,331,CELL-ARP-08,31.520439,74.40211,GPRS,Airport Road
923001110003,923009998885,923001110003,410013870041610,35678901101524,2026-04-04 09:06:29,2026-04-04 09:13:31,INCOMING,0,9700,797,CELL-GLB-01,31.519062,74.359054,VOLTE,Gulberg
923001110003,923001110003,923009998883,410011793215548,35678901335227,2026-04-10 07:58:31,2026-04-10 07:58:31,OUTGOING,0,9488,583,CELL-MT-03,31.482412,74.320976,SMS,Model Town
923001110001,923009998882,923001110001,410014024615115,35678901861790,2026-04-10 08:05:53,2026-04-10 08:05:53,INCOMING,4164510,9055,913,CELL-GLB-01,31.520183,74.359255,GPRS,Gulberg
923461678183,923009998885,923461678183,410019649623267,35678901984822,2026-04-04 09:12:00,2026-04-04 09:12:00,INCOMING,5469156,9484,626,CELL-LB-02,31.50904,74.345312,GPRS,Liberty Market
923001110003,923009998885,923001110003,410015755140243,35678901886235,2026-04-07 23:05:05,2026-04-07 23:05:05,INCOMING,5693531,1867,742,CELL-DHA-05,31.471113,74.410669,GPRS,DHA Phase 5
923001110002,923009998887,923001110002,410013273083166,35678901494813,2026-04-09 03:48:46,2026-04-09 03:48:46,INCOMING,3870594,7660,407,CELL-LB-02,31.510156,74.343653,GPRS,Liberty Market
923001110002,923009998881,923001110002,410013168283594,35678901100331,2026-04-09 03:54:14,2026-04-09 03:56:10,INCOMING,0,4174,517,CELL-GLB-01,31.519656,74.360098,CALL,Gulberg
923331234567,923331234567,923009998884,410013996685147,35678901286607,2026-04-07 23:20:00,2026-04-07 23:20:00,OUTGOING,0,7107,614,CELL-ARP-08,31.522863,74.402286,SMS,Airport Road
923001110002,923001110002,923009998883,410017931215527,35678901250641,2026-04-07 23:25:14,2026-04-07 23:25:14,OUTGOING,3132285,9200,918,CELL-LB-02,31.510154,74.343956,GPRS,Liberty Market
923001110002,923009998885,923001110002,410019608515953,35678901635239,2026-04-07 23:30:59,2026-04-07 23:30:59,INCOMING,4814038,7573,879,CELL-ARP-08,31.520153,74.403229,GPRS,Airport Road
923461678183,923461678183,923009998884,410017954091541,35678901865859,2026-04-05 14:09:27,2026-04-05 14:09:27,OUTGOING,4453725,8021,815,CELL-ARP-08,31.521512,74.405298,GPRS,Airport Road
923001110001,923009998883,923001110001,410012817918255,35678901130017,2026-04-06 18:56:19,2026-04-06 18:56:19,INCOMING,0,1990,325,CELL-MT-03,31.482482,74.323025,CALL,Model Town
923001110001,923009998886,923001110001,410013546826502,35678901439308,2026-04-10 09:15:02,2026-04-10 09:20:57,INCOMING,0,9982,681,CELL-GLB-01,31.520867,74.359448,CALL,Gulberg
923001110001,923001110001,923009998888,410015677587906,35678901574391,2026-04-06 19:04:37,2026-04-06 19:27:16,OUTGOING,0,5013,276,CELL-ARP-08,31.521001,74.404107,VOLTE,Airport Road
923001110003,923001110003,923009998888,410019444296895,35678901189594,2026-04-05 14:21:42,2026-04-05 14:23:46,OUTGOING,0,6153,941,CELL-DHA-05,31.470029,74.409001,CALL,DHA Phase 5
923001110003,923009998885,923001110003,410015269065564,35678901758966,2026-04-06 19:12:49,2026-04-06 19:12:49,INCOMING,0,1211,186,CELL-GLB-01,31.521291,74.359688,SMS,Gulberg
923451112233,923451112233,923009998885,410013646785903,35678901149965,2026-04-05 14:27:12,2026-04-05 14:27:12,OUTGOING,3882079,6058,412,CELL-LB-02,31.511674,74.343049,GPRS,Liberty Market
923001110001,923009998884,923001110001,410012386832925,35678901391044,2026-04-08 00:10:49,2026-04-08 00:10:49,INCOMING,7612730,4972,659,CELL-ARP-08,31.519925,74.405195,GPRS,Airport Road
923001110001,923009998884,923001110001,410016945179342,35678901898239,2026-04-09 05:06:30,2026-04-09 05:06:30,INCOMING,7171124,9925,763,CELL-ARP-08,31.520105,74.404537,GPRS,Airport Road
923461678183,923461678183,923009998888,410019446404227,35678901292143,2026-04-04 09:44:04,2026-04-04 09:44:04,OUTGOING,0,6454,691,CELL-MT-03,31.483687,74.324142,VOLTE,Model Town
923001110001,923001110001,923009998884,410015242665845,35678901103799,2026-04-10 10:11:36,2026-04-10 10:11:36,OUTGOING,1269313,8733,971,CELL-MT-03,31.483799,74.320945,GPRS,Model Town
923001110001,923009998888,923001110001,410018548151726,35678901278898,2026-04-10 10:18:07,2026-04-10 10:18:07,INCOMING,2996471,5394,910,CELL-DHA-05,31.471507,74.410801,GPRS,DHA Phase 5
923461678183,923009998881,923461678183,410014721736652,35678901608474,2026-04-10 10:25:35,2026-04-10 10:25:35,INCOMING,7117794,7132,442,CELL-LB-02,31.508214,74.342211,GPRS,Liberty Market
923331234567,923331234567,923009998881,410011402871824,35678901687969,2026-04-10 10:32:50,2026-04-10 10:32:50,OUTGOING,5457082,5341,981,CELL-GLB-01,31.521412,74.359644,GPRS,Gulberg
923451112233,923451112233,923009998885,410014489368883,35678901925670,2026-04-10 10:39:11,2026-04-10 10:39:11,OUTGOING,6536950,6565,460,CELL-MT-03,31.481568,74.321605,GPRS,Model Town
923451112233,923451112233,923009998883,410018417875301,35678901789032,2026-04-10 10:46:18,2026-04-10 10:46:18,OUTGOING,3955493,6463,552,CELL-LB-02,31.510036,74.343906,GPRS,Liberty Market
923001110001,923009998881,923001110001,410014732515232,35678901107403,2026-04-04 09:58:07,2026-04-04 09:58:07,INCOMING,4246741,8067,278,CELL-MT-03,31.482247,74.321512,GPRS,Model Town
923331234567,923009998882,923331234567,410012215077818,35678901531425,2026-04-10 11:00:01,2026-04-10 11:04:28,INCOMING,0,3175,794,CELL-MT-03,31.481848,74.321773,VOLTE,Model Town
923451112233,923451112233,923009998883,410015510772401,35678901434957,2026-04-06 20:04:58,2026-04-06 20:08:29,OUTGOING,0,6960,908,CELL-GLB-01,31.521526,74.356986,CALL,Gulberg
923451112233,923009998884,923451112233,410014880849559,35678901492780,2026-04-04 10:04:30,2026-04-04 10:04:30,INCOMING,0,1034,612,CELL-LB-02,31.509383,74.342137,SMS,Liberty Market
923461678183,923009998885,923461678183,410012084337350,35678901508747,2026-04-06 20:12:03,2026-04-06 20:12:03,INCOMING,0,7399,771,CELL-GLB-01,31.520989,74.358483,SMS,Gulberg
923461678183,923009998888,923461678183,410012305258971,35678901101686,2026-04-10 11:28:51,2026-04-10 11:28:51,INCOMING,5841764,7414,973,CELL-ARP-08,31.522483,74.405371,GPRS,Airport Road
923331234567,923009998881,923331234567,410018603482896,35678901189187,2026-04-09 06:30:57,2026-04-09 06:42:37,INCOMING,0,6148,145,CELL-DHA-05,31.469015,74.407972,VOLTE,DHA Phase 5
923001110003,923001110003,923009998884,410012854418535,35678901880769,2026-04-05 15:18:52,2026-04-05 15:18:52,OUTGOING,2833026,4151,210,CELL-GLB-01,31.522132,74.35838,GPRS,Gulberg
923001110003,923001110003,923009998886,410016220486119,35678901637218,2026-04-10 11:49:28,2026-04-10 11:49:28,OUTGOING,0,5871,162,CELL-LB-02,31.511592,74.342296,VOLTE,Liberty Market
923001110003,923001110003,923009998885,410019246028359,35678901255524,2026-04-03 05:08:00,2026-04-03 05:08:00,OUTGOING,6971101,7664,607,CELL-ARP-08,31.521388,74.402474,GPRS,Airport Road
923001110001,923001110001,923009998887,410014207884460,35678901748509,2026-04-04 10:18:12,2026-04-04 10:18:12,OUTGOING,470155,7392,991,CELL-GLB-01,31.519342,74.357411,GPRS,Gulberg
923461678183,923009998883,923461678183,410013433579851,35678901227590,2026-04-09 07:00:08,2026-04-09 07:10:21,INCOMING,0,8593,622,CELL-ARP-08,31.519872,74.40411,CALL,Airport Road
923001110003,923009998883,923001110003,410012308047732,35678901754295,2026-04-05 15:33:13,2026-04-05 15:33:13,INCOMING,7097828,7664,827,CELL-LB-02,31.510236,74.342616,GPRS,Liberty Market
923331234567,923009998883,923331234567,410017542763324,35678901635533,2026-04-06 20:48:42,2026-04-06 20:48:42,INCOMING,0,3872,188,CELL-ARP-08,31.520736,74.405596,SMS,Airport Road
923461678183,923461678183,923009998884,410014495057265,35678901871683,2026-04-08 02:05:22,2026-04-08 02:05:22,OUTGOING,1293086,1286,263,CELL-LB-02,31.511907,74.343125,GPRS,Liberty Market
923461678183,923461678183,923009998886,410014907537143,35678901838793,2026-04-09 07:24:43,2026-04-09 07:24:43,OUTGOING,0,2866,686,CELL-DHA-05,31.467854,74.408568,VOLTE,DHA Phase 5
923461678183,923461678183,923009998886,410013419624990,35678901813949,2026-04-10 12:45:36,2026-04-10 12:48:01,OUTGOING,0,1022,962,CELL-ARP-08,31.520725,74.405218,VOLTE,Airport Road
923001110002,923009998883,923001110002,410015173661007,35678901138116,2026-04-05 15:48:13,2026-04-05 15:48:13,INCOMING,6040797,1568,366,CELL-ARP-08,31.521034,74.405584,GPRS,Airport Road
923451112233,923451112233,923009998882,410013033860219,35678901205001,2026-04-05 15:51:15,2026-04-05 15:51:15,OUTGOING,905309,3155,162,CELL-ARP-08,31.522431,74.402108,GPRS,Airport Road
923001110003,923001110003,923009998887,410014808324202,35678901693365,2026-04-05 15:54:13,2026-04-05 15:54:13,OUTGOING,0,8836,417,CELL-LB-02,31.508216,74.345083,CALL,Liberty Market
923001110002,923001110002,923009998886,410015272474442,35678901945241,2026-04-03 05:19:00,2026-04-03 05:19:47,OUTGOING,0,7126,816,CELL-MT-03,31.481443,74.324708,CALL,Model Town
923451112233,923009998887,923451112233,410011580375840,35678901723634,2026-04-09 08:00:07,2026-04-09 08:00:07,INCOMING,0,7715,387,CELL-MT-03,31.484552,74.324512,SMS,Model Town
923001110002,923009998886,923001110002,410017354461506,35678901562284,2026-04-09 08:06:24,2026-04-09 08:06:24,INCOMING,0,3515,144,CELL-LB-02,31.511174,74.345398,SMS,Liberty Market
923461678183,923009998888,923461678183,410017374718184,35678901476977,2026-04-09 08:12:49,2026-04-09 08:12:49,INCOMING,0,9679,271,CELL-LB-02,31.508854,74.345773,SMS,Liberty Market
923001110003,923009998884,923001110003,410016117755468,35678901903974,2026-04-08 02:55:30,2026-04-08 02:55:30,INCOMING,0,1373,727,CELL-ARP-08,31.520342,74.405013,SMS,Airport Road
923001110002,923009998882,923001110002,410016521545564,35678901648782,2026-04-06 21:36:16,2026-04-06 22:05:17,INCOMING,0,9237,257,CELL-MT-03,31.483882,74.323063,CALL,Model Town
923001110003,923001110003,923009998884,410013911567774,35678901934756,2026-04-03 05:25:31,2026-04-03 05:25:31,OUTGOING,6579022,9665,827,CELL-ARP-08,31.522582,74.402782,GPRS,Airport Road
923001110002,923009998886,923001110002,410015663654845,35678901859556,2026-04-10 14:02:50,2026-04-10 14:02:50,INCOMING,0,5838,261,CELL-LB-02,31.511195,74.344566,SMS,Liberty Market
923001110001,923001110001,923009998882,410017213573832,35678901147634,2026-04-05 16:21:24,2026-04-05 16:21:24,OUTGOING,2611686,7135,534,CELL-DHA-05,31.471351,74.409117,GPRS,DHA Phase 5
923451112233,923451112233,923009998884,410015291845859,35678901765872,2026-04-06 21:52:57,2026-04-06 22:13:43,OUTGOING,0,8636,120,CELL-LB-02,31.512199,74.343905,CALL,Liberty Market
923001110003,923001110003,923009998886,410013577013562,35678901959987,2026-04-05 16:27:23,2026-04-05 16:27:23,OUTGOING,923216,6395,493,CELL-ARP-08,31.519745,74.402645,GPRS,Airport Road
923331234567,923009998881,923331234567,410014134557142,35678901295277,2026-04-05 16:30:04,2026-04-05 16:30:04,INCOMING,4451368,6521,540,CELL-ARP-08,31.519658,74.403994,GPRS,Airport Road
923001110002,923001110002,923009998886,410018601130091,35678901957698,2026-04-03 05:31:15,2026-04-03 05:31:15,OUTGOING,803118,3007,572,CELL-ARP-08,31.521656,74.404941,GPRS,Airport Road
923001110001,923001110001,923009998881,410017254390149,35678901145866,2026-04-03 05:32:43,2026-04-03 05:32:43,OUTGOING,3344207,3735,736,CELL-DHA-05,31.468165,74.40829,GPRS,DHA Phase 5
923461678183,923009998884,923461678183,410018814364414,35678901167826,2026-04-04 11:06:45,2026-04-04 11:25:34,INCOMING,0,5644,246,CELL-GLB-01,31.520386,74.357737,CALL,Gulberg
923001110003,923001110003,923009998888,410019172343384,35678901522401,2026-04-09 09:24:58,2026-04-09 09:24:58,OUTGOING,4901155,9765,923,CELL-LB-02,31.50857,74.346067,GPRS,Liberty Market
923001110001,923001110001,923009998886,410015740893895,35678901259641,2026-04-10 15:05:21,2026-04-10 15:07:01,OUTGOING,0,1921,444,CELL-DHA-05,31.469023,74.409248,CALL,DHA Phase 5
923001110003,923001110003,923009998881,410017368870860,35678901271184,2026-04-03 05:36:53,2026-04-03 05:36:53,OUTGOING,1331413,4180,682,CELL-LB-02,31.511868,74.342952,GPRS,Liberty Market
923461678183,923461678183,923009998887,410015925637253,35678901214643,2026-04-04 11:14:28,2026-04-04 11:14:28,OUTGOING,0,8214,680,CELL-DHA-05,31.468148,74.411478,SMS,DHA Phase 5
923001110001,923001110001,923009998888,410011189807046,35678901656599,2026-04-06 22:32:18,2026-04-06 22:32:18,OUTGOING,2096240,8375,612,CELL-DHA-05,31.469391,74.411545,GPRS,DHA Phase 5
923451112233,923451112233,923009998882,410015055726087,35678901941896,2026-04-10 15:33:00,2026-04-10 15:36:44,OUTGOING,0,2987,323,CELL-MT-03,31.481477,74.324459,CALL,Model Town
923001110001,923009998888,923001110001,410013628544178,35678901177022,2026-04-04 11:20:25,2026-04-04 11:42:55,INCOMING,0,7949,247,CELL-GLB-01,31.519566,74.358559,VOLTE,Gulberg
923451112233,923009998886,923451112233,410013028421488,35678901532971,2026-04-09 10:06:25,2026-04-09 10:06:25,INCOMING,6557333,7483,703,CELL-ARP-08,31.522122,74.404037,GPRS,Airport Road
923461678183,923461678183,923009998884,410017383467421,35678901288275,2026-04-10 15:54:27,2026-04-10 16:09:34,OUTGOING,0,3704,722,CELL-ARP-08,31.521605,74.4041,VOLTE,Airport Road
923451112233,923009998884,923451112233,410015220940852,35678901345297,2026-04-09 10:18:28,2026-04-09 10:18:28,INCOMING,0,3230,950,CELL-ARP-08,31.520621,74.402816,SMS,Airport Road
923451112233,923451112233,923009998881,410015763748378,35678901720653,2026-04-06 22:56:24,2026-04-06 23:23:34,OUTGOING,0,2245,590,CELL-ARP-08,31.521631,74.402976,VOLTE,Airport Road
923001110001,923001110001,923009998885,410014305578586,35678901316560,2026-04-04 11:30:08,2026-04-04 11:30:08,OUTGOING,0,8082,531,CELL-GLB-01,31.520937,74.359733,VOLTE,Gulberg
923451112233,923451112233,923009998884,410014508521630,35678901478809,2026-04-05 17:18:15,2026-04-05 17:18:15,OUTGOING,7443918,8749,530,CELL-LB-02,31.511474,74.344283,GPRS,Liberty Market
923001110002,923001110002,923009998887,410015755702986,35678901969291,2026-04-08 04:55:07,2026-04-08 04:55:07,OUTGOING,552173,5491,289,CELL-ARP-08,31.522371,74.403018,GPRS,Airport Road
923001110002,923009998883,923001110002,410013990187362,35678901741542,2026-04-04 11:36:35,2026-04-04 11:36:35,INCOMING,3743373,5897,445,CELL-LB-02,31.508787,74.34402,GPRS,Liberty Market
923461678183,923461678183,923009998885,410011365228568,35678901820483,2026-04-04 11:38:30,2026-04-04 11:56:46,OUTGOING,0,4034,445,CELL-LB-02,31.511343,74.343991,CALL,Liberty Market
923451112233,923451112233,923009998888,410012941481003,35678901880936,2026-04-05 17:30:33,2026-04-05 17:30:33,OUTGOING,0,9488,621,CELL-GLB-01,31.520609,74.358282,SMS,Gulberg
923331234567,923009998883,923331234567,410014323446686,35678901195610,2026-04-10 16:57:14,2026-04-10 16:57:14,INCOMING,7189962,7850,874,CELL-ARP-08,31.522839,74.402663,GPRS,Airport Road
923001110002,923001110002,923009998883,410013983590075,35678901470743,2026-04-04 11:44:17,2026-04-04 11:44:17,OUTGOING,0,2227,890,CELL-MT-03,31.483544,74.322101,SMS,Model Town
923001110001,923009998881,923001110001,410012112359936,35678901665328,2026-04-10 17:11:26,2026-04-10 17:11:26,INCOMING,780779,5866,970,CELL-DHA-05,31.471465,74.411514,GPRS,DHA Phase 5
923001110002,923009998882,923001110002,410015049338076,35678901490759,2026-04-08 05:30:11,2026-04-08 05:30:11,INCOMING,3746689,2292,467,CELL-MT-03,31.483061,74.322542,GPRS,Model Town
923001110001,923001110001,923009998882,410017017188370,35678901595482,2026-04-03 05:55:20,2026-04-03 06:20:49,OUTGOING,0,9777,750,CELL-LB-02,31.508486,74.343867,CALL,Liberty Market
923461678183,923009998887,923461678183,410013106724017,35678901905533,2026-04-10 17:32:55,2026-04-10 17:32:55,INCOMING,4970920,1437,639,CELL-ARP-08,31.52159,74.401738,GPRS,Airport Road
923331234567,923009998883,923331234567,410012536100275,35678901930680,2026-04-09 11:42:11,2026-04-09 11:42:11,INCOMING,0,7106,362,CELL-MT-03,31.482521,74.322562,SMS,Model Town
923461678183,923461678183,923009998882,410011629216594,35678901311613,2026-04-10 17:46:53,2026-04-10 17:46:53,OUTGOING,7196997,6404,595,CELL-LB-02,31.511045,74.343397,GPRS,Liberty Market
923001110001,923009998886,923001110001,410015817536339,35678901963626,2026-04-10 17:53:13,2026-04-10 17:53:13,INCOMING,5654269,3625,998,CELL-GLB-01,31.519775,74.360117,GPRS,Gulberg
923331234567,923009998882,923331234567,410017717132875,35678901357540,2026-04-05 18:00:15,2026-04-05 18:10:36,INCOMING,0,7121,161,CELL-GLB-01,31.520945,74.360517,CALL,Gulberg
923001110003,923001110003,923009998884,410012255559797,35678901809590,2026-04-08 06:05:28,2026-04-08 06:05:28,OUTGOING,5511856,9212,348,CELL-ARP-08,31.520688,74.403639,GPRS,Airport Road
923461678183,923009998887,923461678183,410016810931174,35678901955555,2026-04-09 12:12:32,2026-04-09 12:18:34,INCOMING,0,3500,133,CELL-GLB-01,31.52198,74.359762,CALL,Gulberg
923001110002,923001110002,923009998888,410012782368133,35678901191485,2026-04-07 00:12:13,2026-04-07 00:12:13,OUTGOING,0,8004,462,CELL-DHA-05,31.470309,74.411272,SMS,DHA Phase 5
923001110001,923009998885,923001110001,410016156504586,35678901242361,2026-04-03 06:04:36,2026-04-03 06:04:36,INCOMING,3782456,6660,958,CELL-LB-02,31.510136,74.345628,GPRS,Liberty Market
923001110003,923009998884,923001110003,410016456328469,35678901639865,2026-04-03 06:05:09,2026-04-03 06:05:09,INCOMING,3280882,1533,736,CELL-LB-02,31.509194,74.343533,GPRS,Liberty Market
923001110002,923001110002,923009998885,410014864952913,35678901396324,2026-04-10 18:42:34,2026-04-10 18:42:59,OUTGOING,0,6269,638,CELL-ARP-08,31.523362,74.403021,VOLTE,Airport Road
923001110001,923009998888,923001110001,410015269048716,35678901925467,2026-04-05 18:21:02,2026-04-05 18:21:02,INCOMING,0,9194,227,CELL-ARP-08,31.519865,74.402241,SMS,Airport Road
923001110001,923009998881,923001110001,410014036484075,35678901845208,2026-04-04 12:16:49,2026-04-04 12:16:49,INCOMING,1228132,2744,788,CELL-GLB-01,31.522197,74.3579,GPRS,Gulberg
923001110003,923009998883,923001110003,410018242644844,35678901841536,2026-04-04 12:18:19,2026-04-04 12:18:19,INCOMING,7627462,2811,848,CELL-DHA-05,31.470512,74.410574,GPRS,DHA Phase 5
923001110002,923001110002,923009998887,410014551088601,35678901121932,2026-04-08 06:50:44,2026-04-08 06:50:44,OUTGOING,0,7357,686,CELL-DHA-05,31.470869,74.40856,SMS,DHA Phase 5
923001110002,923001110002,923009998883,410014920777406,35678901378198,2026-04-10 19:17:43,2026-04-10 19:17:43,OUTGOING,7774547,3792,377,CELL-LB-02,31.508383,74.344745,GPRS,Liberty Market
923001110003,923009998888,923001110003,410015024469455,35678901196521,2026-04-04 12:24:33,2026-04-04 12:47:27,INCOMING,0,2319,625,CELL-MT-03,31.481744,74.323181,CALL,Model Town
923001110003,923009998882,923001110003,410018406983251,35678901716703,2026-04-07 00:52:56,2026-04-07 01:11:41,INCOMING,0,7902,608,CELL-ARP-08,31.521728,74.404449,CALL,Airport Road
923451112233,923009998882,923451112233,410013693587840,35678901878712,2026-04-03 06:14:49,2026-04-03 06:14:49,INCOMING,7959543,9587,749,CELL-MT-03,31.482291,74.321332,GPRS,Model Town
923331234567,923331234567,923009998882,410016122506819,35678901250995,2026-04-04 12:30:37,2026-04-04 12:30:37,OUTGOING,1786528,2872,436,CELL-LB-02,31.508979,74.343029,GPRS,Liberty Market
923001110002,923001110002,923009998886,410017359945542,35678901165852,2026-04-08 07:20:51,2026-04-08 07:20:51,OUTGOING,318874,4912,408,CELL-DHA-05,31.471123,74.40831,GPRS,DHA Phase 5
923461678183,923461678183,923009998882,410016281520454,35678901685214,2026-04-05 18:51:03,2026-04-05 18:51:03,OUTGOING,10571,4971,908,CELL-MT-03,31.482061,74.32364,GPRS,Model Town
923001110001,923001110001,923009998885,410014096429473,35678901318320,2026-04-09 13:48:15,2026-04-09 13:48:15,OUTGOING,0,4994,941,CELL-GLB-01,31.52032,74.358869,SMS,Gulberg
923451112233,923451112233,923009998883,410012414903958,35678901148893,2026-04-03 06:19:54,2026-04-03 06:19:54,OUTGOING,491143,5884,995,CELL-DHA-05,31.469322,74.409142,GPRS,DHA Phase 5
923001110002,923001110002,923009998882,410018116878011,35678901807030,2026-04-07 01:20:17,2026-04-07 01:20:17,OUTGOING,4777831,8375,873,CELL-DHA-05,31.471159,74.40846,GPRS,DHA Phase 5
923001110003,923009998887,923001110003,410014022551204,35678901319349,2026-04-09 14:06:31,2026-04-09 14:06:31,INCOMING,0,8292,363,CELL-LB-02,31.511745,74.34276,SMS,Liberty Market
923331234567,923331234567,923009998881,410011767156752,35678901826613,2026-04-05 19:06:38,2026-04-05 19:06:38,OUTGOING,1827523,8397,308,CELL-MT-03,31.482858,74.322746,GPRS,Model Town
923001110002,923001110002,923009998886,410015175812420,35678901929657,2026-04-09 14:18:02,2026-04-09 14:18:02,OUTGOING,5770482,6821,528,CELL-GLB-01,31.519365,74.359562,GPRS,Gulberg
923001110003,923009998881,923001110003,410016995273958,35678901280041,2026-04-10 20:48:39,2026-04-10 20:48:39,INCOMING,4773043,8996,757,CELL-LB-02,31.511289,74.342925,GPRS,Liberty Market
923331234567,923009998887,923331234567,410019459220761,35678901717418,2026-04-10 20:55:45,2026-04-10 20:55:45,INCOMING,1694789,9867,568,CELL-DHA-05,31.470634,74.4082,GPRS,DHA Phase 5
923331234567,923331234567,923009998885,410015917965545,35678901617341,2026-04-09 14:36:00,2026-04-09 14:36:00,OUTGOING,0,4079,212,CELL-GLB-01,31.520477,74.359502,SMS,Gulberg
923451112233,923451112233,923009998887,410019124524907,35678901569546,2026-04-07 01:48:40,2026-04-07 01:48:40,OUTGOING,7664315,8076,532,CELL-GLB-01,31.519246,74.357824,GPRS,Gulberg
923001110002,923009998883,923001110002,410012652795003,35678901438641,2026-04-03 06:28:22,2026-04-03 06:28:22,INCOMING,5638438,2542,500,CELL-DHA-05,31.468615,74.410586,GPRS,DHA Phase 5
923461678183,923461678183,923009998882,410016011955771,35678901552669,2026-04-09 14:54:07,2026-04-09 14:54:07,OUTGOING,6976005,5729,199,CELL-LB-02,31.510306,74.342364,GPRS,Liberty Market
923001110001,923001110001,923009998882,410012010775343,35678901322432,2026-04-08 08:30:53,2026-04-08 08:30:53,OUTGOING,0,4320,680,CELL-GLB-01,31.518719,74.360301,CALL,Gulberg
923461678183,923009998881,923461678183,410012914955516,35678901228700,2026-04-10 21:37:46,2026-04-10 22:07:19,INCOMING,0,4386,303,CELL-DHA-05,31.4696,74.410828,CALL,DHA Phase 5
923451112233,923451112233,923009998884,410016002729879,35678901193346,2026-04-09 15:12:05,2026-04-09 15:12:05,OUTGOING,7648192,7131,181,CELL-GLB-01,31.519928,74.360073,GPRS,Gulberg
923461678183,923461678183,923009998887,410011416583002,35678901846298,2026-04-10 21:51:42,2026-04-10 21:51:42,OUTGOING,6425139,5455,416,CELL-MT-03,31.481976,74.322528,GPRS,Model Town
923331234567,923009998884,923331234567,410016380010288,35678901215672,2026-04-04 13:08:55,2026-04-04 13:30:43,INCOMING,0,2913,301,CELL-LB-02,31.511186,74.344478,CALL,Liberty Market
923451112233,923009998888,923451112233,410016395986390,35678901867414,2026-04-09 15:30:15,2026-04-09 15:30:15,INCOMING,7224563,7600,247,CELL-DHA-05,31.470028,74.409262,GPRS,DHA Phase 5
923001110002,923001110002,923009998881,410016601095041,35678901266739,2026-04-10 22:12:34,2026-04-10 22:12:34,OUTGOING,3518446,2295,883,CELL-GLB-01,31.521649,74.357701,GPRS,Gulberg
923001110001,923001110001,923009998882,410015009566309,35678901406352,2026-04-07 02:28:01,2026-04-07 02:28:01,OUTGOING,4912525,4703,262,CELL-MT-03,31.483182,74.324639,GPRS,Model Town
923451112233,923451112233,923009998885,410013550915381,35678901263841,2026-04-09 15:48:28,2026-04-09 15:59:18,OUTGOING,0,3180,569,CELL-MT-03,31.483614,74.323448,CALL,Model Town
923451112233,923451112233,923009998885,410012356292960,35678901545339,2026-04-10 22:33:17,2026-04-10 22:42:38,OUTGOING,0,9694,683,CELL-LB-02,31.509725,74.345207,CALL,Liberty Market
923461678183,923009998885,923461678183,410013431228179,35678901957456,2026-04-07 02:40:53,2026-04-07 03:03:58,INCOMING,0,3446,131,CELL-DHA-05,31.468495,74.41049,CALL,DHA Phase 5
923461678183,923009998886,923461678183,410012000394256,35678901696248,2026-04-10 22:47:23,2026-04-10 22:47:23,INCOMING,0,7954,856,CELL-ARP-08,31.522563,74.405258,SMS,Airport Road
923451112233,923451112233,923009998884,410012148770177,35678901106186,2026-04-03 06:42:58,2026-04-03 07:00:54,OUTGOING,0,7602,732,CELL-ARP-08,31.520727,74.40536,VOLTE,Airport Road
923001110002,923009998888,923001110002,410014709981140,35678901399799,2026-04-10 23:01:23,2026-04-10 23:01:23,INCOMING,4634985,8846,790,CELL-MT-03,31.482826,74.323648,GPRS,Model Town
923331234567,923331234567,923009998881,410019467851059,35678901485067,2026-04-05 20:12:56,2026-04-05 20:35:19,OUTGOING,0,5223,983,CELL-GLB-01,31.520777,74.359796,VOLTE,Gulberg
923001110003,923009998885,923001110003,410019206485705,35678901248121,2026-04-09 16:30:14,2026-04-09 16:30:14,INCOMING,7425727,9454,819,CELL-ARP-08,31.523008,74.405391,GPRS,Airport Road
923451112233,923009998881,923451112233,410019668229511,35678901395046,2026-04-07 03:04:46,2026-04-07 03:04:46,INCOMING,131049,3275,158,CELL-MT-03,31.483237,74.321799,GPRS,Model Town
923001110001,923009998884,923001110001,410013903760353,35678901288784,2026-04-07 03:08:51,2026-04-07 03:08:51,INCOMING,470907,4847,374,CELL-MT-03,31.481731,74.324058,GPRS,Model Town
923001110001,923001110001,923009998881,410013036600332,35678901893241,2026-04-08 10:00:11,2026-04-08 10:00:11,OUTGOING,0,1165,463,CELL-MT-03,31.482524,74.321663,SMS,Model Town
923461678183,923461678183,923009998885,410014300664731,35678901649258,2026-04-05 20:27:56,2026-04-05 20:27:56,OUTGOING,4113722,9458,298,CELL-LB-02,31.510742,74.342466,GPRS,Liberty Market
923331234567,923331234567,923009998882,410015279210068,35678901149450,2026-04-09 17:00:37,2026-04-09 17:00:37,OUTGOING,0,5733,328,CELL-ARP-08,31.522495,74.402415,SMS,Airport Road
923451112233,923009998886,923451112233,410017306205045,35678901799383,2026-04-10 23:57:45,2026-04-10 23:57:45,INCOMING,0,7651,150,CELL-ARP-08,31.520527,74.403865,SMS,Airport Road
923001110001,923009998888,923001110001,410018365647687,35678901141772,2026-04-11 00:04:07,2026-04-11 00:04:07,INCOMING,4735994,5643,890,CELL-GLB-01,31.521478,74.359451,GPRS,Gulberg
923331234567,923331234567,923009998883,410019456662150,35678901496145,2026-04-08 10:25:10,2026-04-08 10:25:10,OUTGOING,3326636,4690,526,CELL-GLB-01,31.521814,74.359766,GPRS,Gulberg
923001110002,923009998881,923001110002,410018032129415,35678901965572,2026-04-09 17:24:57,2026-04-09 17:24:57,INCOMING,1380413,1904,380,CELL-LB-02,31.510868,74.342702,GPRS,Liberty Market
923001110002,923009998884,923001110002,410015275875276,35678901773417,2026-04-05 20:45:25,2026-04-05 20:45:25,INCOMING,4026615,5918,481,CELL-DHA-05,31.469846,74.411578,GPRS,DHA Phase 5
923001110002,923001110002,923009998884,410018825389061,35678901614968,2026-04-07 03:44:16,2026-04-07 03:44:16,OUTGOING,6789955,1330,912,CELL-ARP-08,31.522517,74.405312,GPRS,Airport Road
923001110001,923001110001,923009998883,410015121570668,35678901550847,2026-04-05 20:51:31,2026-04-05 20:51:31,OUTGOING,2178374,8050,973,CELL-LB-02,31.510624,74.343131,GPRS,Liberty Market
923451112233,923009998881,923451112233,410015077283889,35678901350118,2026-04-11 00:46:03,2026-04-11 00:46:03,INCOMING,4376267,7847,790,CELL-MT-03,31.484549,74.324725,GPRS,Model Town
923461678183,923461678183,923009998886,410013876675913,35678901547362,2026-04-08 10:55:55,2026-04-08 10:55:55,OUTGOING,0,6402,756,CELL-LB-02,31.509118,74.345399,SMS,Liberty Market
923461678183,923461678183,923009998884,410015122155234,35678901719607,2026-04-05 21:00:15,2026-04-05 21:00:15,OUTGOING,2938438,7167,800,CELL-LB-02,31.510117,74.342694,GPRS,Liberty Market
923461678183,923461678183,923009998883,410019757075115,35678901260771,2026-04-09 18:06:04,2026-04-09 18:13:48,OUTGOING,0,5766,443,CELL-ARP-08,31.522214,74.40288,VOLTE,Airport Road
923451112233,923009998882,923451112233,410011613540992,35678901378639,2026-04-07 04:08:21,2026-04-07 04:08:21,INCOMING,2224913,6390,342,CELL-DHA-05,31.469515,74.409439,GPRS,DHA Phase 5
923001110002,923001110002,923009998883,410015365534809,35678901756591,2026-04-08 11:15:59,2026-04-08 11:15:59,OUTGOING,6789918,4196,361,CELL-LB-02,31.508454,74.34417,GPRS,Liberty Market
923001110001,923009998882,923001110001,410013247342604,35678901322495,2026-04-04 14:08:45,2026-04-04 14:08:45,INCOMING,0,7321,249,CELL-GLB-01,31.520601,74.359349,SMS,Gulberg
923001110003,923009998881,923001110003,410012461443795,35678901468254,2026-04-07 04:20:25,2026-04-07 04:39:59,INCOMING,0,6361,327,CELL-ARP-08,31.522426,74.403157,VOLTE,Airport Road
923001110001,923009998882,923001110001,410013161129927,35678901650159,2026-04-05 21:18:54,2026-04-05 21:18:54,INCOMING,7853692,5397,819,CELL-GLB-01,31.521583,74.357642,GPRS,Gulberg
923001110001,923001110001,923009998888,410018066467411,35678901737969,2026-04-11 01:49:23,2026-04-11 01:49:23,OUTGOING,5013239,3366,315,CELL-ARP-08,31.520713,74.40325,GPRS,Airport Road
923461678183,923009998882,923461678183,410011861705611,35678901266675,2026-04-04 14:16:43,2026-04-04 14:16:43,INCOMING,7190936,1211,663,CELL-GLB-01,31.518616,74.359189,GPRS,Gulberg
923451112233,923451112233,923009998882,410013343997427,35678901341066,2026-04-07 04:36:02,2026-04-07 04:38:02,OUTGOING,0,9251,342,CELL-LB-02,31.510312,74.342452,CALL,Liberty Market
923001110003,923009998884,923001110003,410019689439916,35678901397745,2026-04-03 07:10:10,2026-04-03 07:10:10,INCOMING,0,7535,627,CELL-DHA-05,31.470761,74.409919,VOLTE,DHA Phase 5
923331234567,923331234567,923009998883,410018481374750,35678901219367,2026-04-11 02:17:01,2026-04-11 02:34:07,OUTGOING,0,1961,291,CELL-DHA-05,31.467767,74.408439,VOLTE,DHA Phase 5
923001110001,923009998886,923001110001,410016696874556,35678901512590,2026-04-07 04:48:32,2026-04-07 04:48:32,INCOMING,2700408,8671,544,CELL-GLB-01,31.52109,74.357056,GPRS,Gulberg
923451112233,923451112233,923009998887,410012317279649,35678901801336,2026-04-11 02:31:54,2026-04-11 02:31:54,OUTGOING,4669835,4398,732,CELL-DHA-05,31.469478,74.409681,GPRS,DHA Phase 5
923001110001,923001110001,923009998887,410017715685128,35678901121330,2026-04-09 19:24:17,2026-04-09 19:24:17,OUTGOING,0,6821,631,CELL-MT-03,31.482643,74.321844,CALL,Model Town
923331234567,923009998884,923331234567,410017434286396,35678901912275,2026-04-05 21:45:39,2026-04-05 22:15:30,INCOMING,0,6204,108,CELL-MT-03,31.481513,74.323832,CALL,Model Town
923001110001,923009998886,923001110001,410018888618239,35678901280261,2026-04-04 14:32:38,2026-04-04 14:32:38,INCOMING,4771542,6243,124,CELL-GLB-01,31.52017,74.359989,GPRS,Gulberg
923451112233,923451112233,923009998885,410012710562002,35678901503678,2026-04-03 07:17:13,2026-04-03 07:18:01,OUTGOING,0,6697,848,CELL-LB-02,31.510076,74.344229,VOLTE,Liberty Market
923001110003,923009998885,923001110003,410012873968023,35678901892870,2026-04-09 19:48:58,2026-04-09 19:48:58,INCOMING,5283597,6553,102,CELL-DHA-05,31.469622,74.409059,GPRS,DHA Phase 5
923001110001,923001110001,923009998883,410011554029662,35678901210919,2026-04-09 19:54:39,2026-04-09 20:18:55,OUTGOING,0,6318,980,CELL-MT-03,31.481862,74.323115,CALL,Model Town
923461678183,923009998884,923461678183,410015023217940,35678901735502,2026-04-03 07:20:39,2026-04-03 07:20:39,INCOMING,3226951,6013,285,CELL-DHA-05,31.468716,74.409087,GPRS,DHA Phase 5
923001110003,923001110003,923009998887,410019202048425,35678901327043,2026-04-04 14:42:18,2026-04-04 14:42:18,OUTGOING,0,9893,742,CELL-MT-03,31.484464,74.323118,SMS,Model Town
923001110003,923009998887,923001110003,410017121735258,35678901904774,2026-04-07 05:28:34,2026-04-07 05:41:41,INCOMING,0,4122,525,CELL-GLB-01,31.520979,74.358679,CALL,Gulberg
923001110001,923009998884,923001110001,410011157060630,35678901836782,2026-04-04 14:46:11,2026-04-04 14:57:26,INCOMING,0,2921,844,CELL-ARP-08,31.519938,74.405218,CALL,Airport Road
923451112233,923009998882,923451112233,410017976683722,35678901256004,2026-04-08 13:00:54,2026-04-08 13:00:54,INCOMING,0,7178,865,CELL-ARP-08,31.520679,74.404187,SMS,Airport Road
923001110003,923001110003,923009998886,410011124740537,35678901974394,2026-04-07 05:40:29,2026-04-07 05:40:29,OUTGOING,1621561,2252,128,CELL-MT-03,31.484321,74.321209,GPRS,Model Town
923331234567,923009998887,923331234567,410011671987683,35678901350365,2026-04-09 20:36:01,2026-04-09 20:36:01,INCOMING,1662651,9469,552,CELL-GLB-01,31.519729,74.358944,GPRS,Gulberg
923331234567,923009998881,923331234567,410015140950220,35678901139306,2026-04-03 07:27:22,2026-04-03 07:54:27,INCOMING,0,8976,268,CELL-MT-03,31.482947,74.322816,CALL,Model Town
923001110001,923001110001,923009998884,410015640488628,35678901475040,2026-04-04 14:56:15,2026-04-04 15:10:57,OUTGOING,0,5216,839,CELL-DHA-05,31.468175,74.40956,CALL,DHA Phase 5
923461678183,923009998882,923461678183,410014968769233,35678901816132,2026-04-09 20:54:21,2026-04-09 20:54:21,INCOMING,4920080,6042,766,CELL-GLB-01,31.520577,74.359321,GPRS,Gulberg
923451112233,923451112233,923009998884,410018117533727,35678901842057,2026-04-11 04:30:06,2026-04-11 04:30:06,OUTGOING,276637,7429,263,CELL-ARP-08,31.521926,74.405524,GPRS,Airport Road
923461678183,923009998881,923461678183,410019513478718,35678901504084,2026-04-07 06:04:18,2026-04-07 06:04:18,INCOMING,0,5361,241,CELL-DHA-05,31.468565,74.408447,CALL,DHA Phase 5
923461678183,923009998887,923461678183,410019932858237,35678901291729,2026-04-08 13:40:23,2026-04-08 13:40:23,INCOMING,0,3623,125,CELL-ARP-08,31.522237,74.403918,CALL,Airport Road
923331234567,923009998881,923331234567,410011288996241,35678901658578,2026-04-03 07:33:29,2026-04-03 07:48:58,INCOMING,0,3717,240,CELL-GLB-01,31.519999,74.357737,CALL,Gulberg
923001110002,923001110002,923009998888,410018969749281,35678901664779,2026-04-07 06:16:19,2026-04-07 06:16:19,OUTGOING,4784821,2153,832,CELL-DHA-05,31.468701,74.408643,GPRS,DHA Phase 5
923331234567,923009998883,923331234567,410018305076999,35678901487347,2026-04-08 13:55:26,2026-04-08 13:55:26,INCOMING,0,5471,551,CELL-GLB-01,31.521805,74.358167,VOLTE,Gulberg
923461678183,923009998887,923461678183,410015465432657,35678901734071,2026-04-03 07:36:54,2026-04-03 07:40:47,INCOMING,0,3002,291,CELL-DHA-05,31.467956,74.409678,VOLTE,DHA Phase 5
923451112233,923451112233,923009998885,410013023064992,35678901963188,2026-04-03 07:37:38,2026-04-03 07:37:38,OUTGOING,252398,2368,577,CELL-GLB-01,31.519755,74.359439,GPRS,Gulberg
923001110001,923001110001,923009998883,410013534659353,35678901629893,2026-04-05 22:54:39,2026-04-05 22:54:39,OUTGOING,5091295,3877,805,CELL-DHA-05,31.469382,74.410101,GPRS,DHA Phase 5
923331234567,923331234567,923009998882,410011179703951,35678901141359,2026-04-05 22:57:02,2026-04-05 23:09:10,OUTGOING,0,6653,757,CELL-MT-03,31.482455,74.324489,VOLTE,Model Town
923001110003,923009998881,923001110003,410019821840429,35678901840072,2026-04-05 23:00:37,2026-04-05 23:00:37,INCOMING,0,5129,787,CELL-LB-02,31.511808,74.343616,VOLTE,Liberty Market
923451112233,923009998885,923451112233,410015480185659,35678901754146,2026-04-09 22:06:27,2026-04-09 22:06:27,INCOMING,6393665,3694,515,CELL-MT-03,31.48185,74.323354,GPRS,Model Town
923001110002,923009998884,923001110002,410018628309204,35678901360771,2026-04-07 06:48:16,2026-04-07 06:48:16,INCOMING,5594141,2187,882,CELL-DHA-05,31.469238,74.411433,GPRS,DHA Phase 5
923451112233,923009998881,923451112233,410014534230085,35678901669177,2026-04-08 14:35:13,2026-04-08 14:35:13,INCOMING,5710229,9834,758,CELL-MT-03,31.483359,74.323931,GPRS,Model Town
923461678183,923461678183,923009998886,410011526152635,35678901303080,2026-04-07 06:56:03,2026-04-07 06:56:03,OUTGOING,711882,8754,902,CELL-ARP-08,31.521867,74.404754,GPRS,Airport Road
923461678183,923009998885,923461678183,410015753274441,35678901487004,2026-04-08 14:45:13,2026-04-08 14:45:13,INCOMING,7845722,5059,949,CELL-ARP-08,31.520928,74.404379,GPRS,Airport Road
923451112233,923009998886,923451112233,410011831323479,35678901638383,2026-04-04 15:32:38,2026-04-04 15:32:38,INCOMING,0,2768,984,CELL-ARP-08,31.522911,74.403794,SMS,Airport Road
923001110003,923009998886,923001110003,410018052304137,35678901490426,2026-04-09 22:42:01,2026-04-09 22:42:01,INCOMING,6115434,9322,480,CELL-LB-02,31.510494,74.342684,GPRS,Liberty Market
923001110002,923001110002,923009998882,410013249282256,35678901370556,2026-04-11 06:36:29,2026-04-11 06:36:29,OUTGOING,2168548,3192,512,CELL-DHA-05,31.469941,74.41055,GPRS,DHA Phase 5
923001110002,923009998883,923001110002,410015986324563,35678901366790,2026-04-09 22:54:48,2026-04-09 22:54:48,INCOMING,6134816,9046,732,CELL-LB-02,31.508822,74.342216,GPRS,Liberty Market
923001110002,923009998884,923001110002,410012011088250,35678901836047,2026-04-11 06:50:42,2026-04-11 06:50:42,INCOMING,5945415,5519,185,CELL-MT-03,31.482254,74.324378,GPRS,Model Town
923001110003,923009998884,923001110003,410016902866701,35678901482839,2026-04-05 23:33:19,2026-04-05 23:33:19,INCOMING,0,7946,380,CELL-ARP-08,31.523051,74.404788,CALL,Airport Road
923461678183,923009998888,923461678183,410012857894840,35678901679562,2026-04-03 07:52:21,2026-04-03 07:52:21,INCOMING,7459339,6425,853,CELL-LB-02,31.510603,74.34453,GPRS,Liberty Market
923331234567,923009998888,923331234567,410019406599061,35678901131240,2026-04-05 23:39:16,2026-04-05 23:39:16,INCOMING,988212,9110,893,CELL-MT-03,31.482124,74.324751,GPRS,Model Town
923451112233,923009998886,923451112233,410014407426249,35678901580545,2026-04-11 07:18:25,2026-04-11 07:18:25,INCOMING,1239435,3643,576,CELL-ARP-08,31.52106,74.403366,GPRS,Airport Road
923001110001,923001110001,923009998885,410012331649812,35678901812420,2026-04-03 07:55:17,2026-04-03 08:01:37,OUTGOING,0,2167,981,CELL-LB-02,31.508754,74.34464,VOLTE,Liberty Market
923001110001,923001110001,923009998887,410011016410057,35678901799863,2026-04-09 23:36:49,2026-04-10 00:05:31,OUTGOING,0,5838,126,CELL-LB-02,31.510353,74.345049,CALL,Liberty Market
923331234567,923009998883,923331234567,410019143238157,35678901655573,2026-04-04 15:54:56,2026-04-04 16:07:38,INCOMING,0,5906,581,CELL-ARP-08,31.520581,74.405434,VOLTE,Airport Road
923001110002,923009998887,923001110002,410017929671128,35678901497657,2026-04-08 15:50:32,2026-04-08 15:50:32,INCOMING,2429862,9561,263,CELL-LB-02,31.510904,74.345502,GPRS,Liberty Market
923001110003,923001110003,923009998888,410014211629245,35678901105127,2026-04-04 15:58:58,2026-04-04 15:58:58,OUTGOING,6655341,7599,830,CELL-GLB-01,31.521369,74.358777,GPRS,Gulberg
923331234567,923331234567,923009998888,410019483007282,35678901813755,2026-04-11 08:00:27,2026-04-11 08:11:34,OUTGOING,0,6961,783,CELL-MT-03,31.481474,74.32401,VOLTE,Model Town
923331234567,923009998884,923331234567,410019827196975,35678901233105,2026-04-08 16:05:14,2026-04-08 16:05:14,INCOMING,2973223,6781,986,CELL-GLB-01,31.519543,74.360066,GPRS,Gulberg
923001110001,923001110001,923009998885,410018475489818,35678901952376,2026-04-07 08:08:55,2026-04-07 08:08:55,OUTGOING,5131978,5600,102,CELL-ARP-08,31.521183,74.40262,GPRS,Airport Road
923461678183,923009998883,923461678183,410016721521079,35678901354038,2026-04-03 08:03:16,2026-04-03 08:03:16,INCOMING,7287938,1777,623,CELL-DHA-05,31.468319,74.409625,GPRS,DHA Phase 5
923001110003,923001110003,923009998886,410018708705945,35678901810030,2026-04-11 08:28:37,2026-04-11 08:28:37,OUTGOING,0,5158,870,CELL-MT-03,31.482344,74.324561,SMS,Model Town
923001110003,923001110003,923009998881,410018052301824,35678901416490,2026-04-07 08:20:31,2026-04-07 08:20:31,OUTGOING,2759846,7441,856,CELL-LB-02,31.509543,74.344795,GPRS,Liberty Market
923461678183,923461678183,923009998886,410013854969851,35678901756083,2026-04-06 00:18:25,2026-04-06 00:18:25,OUTGOING,3435479,5816,786,CELL-DHA-05,31.470832,74.410993,GPRS,DHA Phase 5
923461678183,923009998888,923461678183,410016859935592,35678901973018,2026-04-08 16:35:16,2026-04-08 16:41:06,INCOMING,0,4484,529,CELL-MT-03,31.48285,74.321502,CALL,Model Town
923461678183,923461678183,923009998882,410014095936331,35678901357768,2026-04-11 08:56:24,2026-04-11 08:56:24,OUTGOING,4225078,4444,483,CELL-GLB-01,31.521992,74.359539,GPRS,Gulberg
923001110003,923009998883,923001110003,410017528817915,35678901110684,2026-04-08 16:45:18,2026-04-08 16:45:18,INCOMING,4946083,4529,517,CELL-DHA-05,31.470648,74.408875,GPRS,DHA Phase 5
923001110001,923001110001,923009998888,410015233603739,35678901697011,2026-04-11 09:10:39,2026-04-11 09:10:39,OUTGOING,5407694,4497,477,CELL-LB-02,31.509883,74.346008,GPRS,Liberty Market
923001110002,923001110002,923009998887,410014506598836,35678901794908,2026-04-11 09:17:02,2026-04-11 09:17:02,OUTGOING,6378718,8315,580,CELL-GLB-01,31.518711,74.359061,GPRS,Gulberg
923331234567,923009998886,923331234567,410012379307020,35678901461960,2026-04-04 16:24:39,2026-04-04 16:24:39,INCOMING,5656266,7627,128,CELL-DHA-05,31.468293,74.411653,GPRS,DHA Phase 5
923001110003,923009998881,923001110003,410016897746070,35678901930035,2026-04-06 00:39:13,2026-04-06 00:39:13,INCOMING,0,7290,493,CELL-MT-03,31.484988,74.321487,SMS,Model Town
923001110001,923001110001,923009998887,410017948160606,35678901668067,2026-04-03 08:14:39,2026-04-03 08:14:39,OUTGOING,0,1338,463,CELL-DHA-05,31.470439,74.408835,CALL,DHA Phase 5
923001110001,923009998884,923001110001,410012418519599,35678901533016,2026-04-04 16:30:39,2026-04-04 16:32:42,INCOMING,0,7911,717,CELL-GLB-01,31.518931,74.357153,CALL,Gulberg
923461678183,923009998883,923461678183,410019326939495,35678901873505,2026-04-07 09:04:32,2026-04-07 09:06:35,INCOMING,0,6949,209,CELL-DHA-05,31.471681,74.409337,VOLTE,DHA Phase 5
923331234567,923009998888,923331234567,410019261491565,35678901247096,2026-04-10 01:42:26,2026-04-10 01:42:26,INCOMING,1429977,5516,815,CELL-DHA-05,31.468757,74.409881,GPRS,DHA Phase 5
923001110001,923009998886,923001110001,410016745650424,35678901301640,2026-04-03 08:18:20,2026-04-03 08:18:20,INCOMING,4652967,1975,770,CELL-DHA-05,31.471406,74.40974,GPRS,DHA Phase 5
923001110003,923001110003,923009998886,410017843918918,35678901576815,2026-04-06 00:57:44,2026-04-06 00:59:08,OUTGOING,0,3081,549,CELL-ARP-08,31.520505,74.404522,CALL,Airport Road
923001110001,923001110001,923009998884,410016134867273,35678901125028,2026-04-04 16:40:38,2026-04-04 16:40:38,OUTGOING,0,4608,437,CELL-DHA-05,31.468863,74.408452,SMS,DHA Phase 5
923001110001,923009998884,923001110001,410017499474602,35678901309421,2026-04-10 02:06:54,2026-04-10 02:06:54,INCOMING,0,2482,820,CELL-ARP-08,31.52131,74.402867,SMS,Airport Road
923331234567,923009998887,923331234567,410016476997520,35678901639361,2026-04-08 17:50:25,2026-04-08 17:50:25,INCOMING,0,3546,433,CELL-DHA-05,31.471489,74.408839,SMS,DHA Phase 5
923001110001,923009998887,923001110001,410011702754845,35678901999675,2026-04-06 01:09:29,2026-04-06 01:09:29,INCOMING,2758587,3265,579,CELL-LB-02,31.508976,74.343753,GPRS,Liberty Market
923451112233,923009998881,923451112233,410013815442320,35678901641894,2026-04-06 01:12:47,2026-04-06 01:12:47,INCOMING,6661138,5644,493,CELL-GLB-01,31.518455,74.359565,GPRS,Gulberg
923001110003,923001110003,923009998886,410012199942759,35678901133330,2026-04-11 10:55:53,2026-04-11 10:55:53,OUTGOING,2083812,9300,539,CELL-ARP-08,31.521111,74.40213,GPRS,Airport Road
923461678183,923009998885,923461678183,410019062145137,35678901527814,2026-04-03 08:26:44,2026-04-03 08:26:44,INCOMING,0,5006,615,CELL-LB-02,31.509162,74.344668,CALL,Liberty Market
923001110002,923001110002,923009998884,410013563249467,35678901418295,2026-04-04 16:54:52,2026-04-04 16:58:26,OUTGOING,0,5308,386,CELL-GLB-01,31.520136,74.359373,CALL,Gulberg
923001110002,923009998884,923001110002,410013522080660,35678901258762,2026-04-07 09:52:12,2026-04-07 09:53:34,INCOMING,0,9341,978,CELL-LB-02,31.508414,74.342357,VOLTE,Liberty Market
923331234567,923331234567,923009998881,410015973395897,35678901627582,2026-04-03 08:29:32,2026-04-03 08:29:32,OUTGOING,4935682,7325,449,CELL-MT-03,31.484331,74.320964,GPRS,Model Town
923331234567,923009998884,923331234567,410019849365646,35678901321441,2026-04-10 03:00:55,2026-04-10 03:00:55,INCOMING,7758083,9788,219,CELL-ARP-08,31.520463,74.404499,GPRS,Airport Road
923331234567,923009998887,923331234567,410015151670880,35678901535341,2026-04-04 17:02:42,2026-04-04 17:08:22,INCOMING,0,5968,293,CELL-GLB-01,31.521776,74.360011,VOLTE,Gulberg
923331234567,923331234567,923009998886,410016150204802,35678901905493,2026-04-03 08:32:45,2026-04-03 08:50:15,OUTGOING,0,9219,704,CELL-ARP-08,31.52101,74.405096,CALL,Airport Road
923331234567,923009998883,923331234567,410011056490487,35678901238419,2026-04-04 17:06:50,2026-04-04 17:06:50,INCOMING,2311507,9347,281,CELL-DHA-05,31.470407,74.409695,GPRS,DHA Phase 5
923001110003,923001110003,923009998883,410011821112803,35678901291897,2026-04-03 08:34:29,2026-04-03 08:34:29,OUTGOING,2134142,9601,802,CELL-LB-02,31.511016,74.345229,GPRS,Liberty Market
923001110001,923009998884,923001110001,410015237562833,35678901984728,2026-04-07 10:20:01,2026-04-07 10:20:01,INCOMING,5971834,4441,773,CELL-DHA-05,31.468412,74.40883,GPRS,DHA Phase 5
923001110001,923001110001,923009998887,410015605446354,35678901635539,2026-04-06 01:48:30,2026-04-06 01:48:30,OUTGOING,2503878,2008,194,CELL-LB-02,31.5112,74.342243,GPRS,Liberty Market
923001110001,923009998883,923001110001,410011347498506,35678901678075,2026-04-06 01:51:52,2026-04-06 02:01:39,INCOMING,0,2376,315,CELL-DHA-05,31.469911,74.409562,CALL,DHA Phase 5
923461678183,923461678183,923009998887,410012210527710,35678901953143,2026-04-06 01:54:12,2026-04-06 01:54:12,OUTGOING,0,7679,308,CELL-MT-03,31.483353,74.323061,SMS,Model Town
923451112233,923451112233,923009998883,410019021292340,35678901403111,2026-04-10 03:54:22,2026-04-10 03:54:22,OUTGOING,6163802,5821,994,CELL-DHA-05,31.470558,74.41003,GPRS,DHA Phase 5
923001110001,923009998885,923001110001,410017325630452,35678901378929,2026-04-10 04:00:18,2026-04-10 04:00:18,INCOMING,7924359,1040,870,CELL-ARP-08,31.52296,74.405198,GPRS,Airport Road
923461678183,923009998883,923461678183,410017934844983,35678901315756,2026-04-11 12:47:26,2026-04-11 12:47:26,INCOMING,6562835,6081,391,CELL-MT-03,31.482,74.321145,GPRS,Model Town
923461678183,923009998884,923461678183,410013657169628,35678901811875,2026-04-03 08:42:09,2026-04-03 08:42:09,INCOMING,5727520,1794,832,CELL-GLB-01,31.518955,74.358055,GPRS,Gulberg
923451112233,923009998882,923451112233,410011973148946,35678901524439,2026-04-11 13:01:49,2026-04-11 13:01:49,INCOMING,1894353,9158,112,CELL-LB-02,31.510277,74.343659,GPRS,Liberty Market
923461678183,923461678183,923009998886,410019739851714,35678901874942,2026-04-06 02:12:26,2026-04-06 02:12:26,OUTGOING,1363003,5225,781,CELL-DHA-05,31.468304,74.411613,GPRS,DHA Phase 5
923331234567,923331234567,923009998886,410016094775099,35678901329850,2026-04-08 19:45:06,2026-04-08 19:45:06,OUTGOING,5014107,8992,450,CELL-GLB-01,31.521587,74.35859,GPRS,Gulberg
923461678183,923461678183,923009998887,410012988220873,35678901838399,2026-04-04 17:32:27,2026-04-04 17:32:27,OUTGOING,0,7089,878,CELL-LB-02,31.509679,74.345684,SMS,Liberty Market
923461678183,923461678183,923009998888,410014651150554,35678901868237,2026-04-10 04:42:10,2026-04-10 04:42:10,OUTGOING,0,5926,616,CELL-LB-02,31.509776,74.343758,CALL,Liberty Market
923461678183,923461678183,923009998887,410018705042284,35678901117338,2026-04-03 08:48:23,2026-04-03 08:48:23,OUTGOING,2162190,2055,761,CELL-LB-02,31.510266,74.344479,GPRS,Liberty Market
923331234567,923009998881,923331234567,410017720932464,35678901741475,2026-04-04 17:38:02,2026-04-04 17:38:02,INCOMING,0,3757,191,CELL-MT-03,31.484736,74.321244,CALL,Model Town
923001110001,923001110001,923009998882,410012238014608,35678901257130,2026-04-11 13:50:39,2026-04-11 13:50:39,OUTGOING,1370752,2596,416,CELL-DHA-05,31.468644,74.409276,GPRS,DHA Phase 5
923461678183,923461678183,923009998882,410011436274157,35678901524617,2026-04-08 20:15:03,2026-04-08 20:15:03,OUTGOING,543980,8829,821,CELL-DHA-05,31.468359,74.408758,GPRS,DHA Phase 5
923461678183,923009998882,923461678183,410014802042416,35678901725622,2026-04-04 17:44:42,2026-04-04 17:55:59,INCOMING,0,2499,599,CELL-LB-02,31.508725,74.34383,CALL,Liberty Market
923001110002,923009998883,923001110002,410014656523985,35678901617181,2026-04-11 14:11:19,2026-04-11 14:11:19,INCOMING,3622982,7608,990,CELL-LB-02,31.510663,74.346007,GPRS,Liberty Market
923001110002,923009998882,923001110002,410017151777459,35678901952553,2026-04-11 14:18:01,2026-04-11 14:18:01,INCOMING,7632817,8973,416,CELL-DHA-05,31.471431,74.409557,GPRS,DHA Phase 5
923461678183,923009998881,923461678183,410018939419257,35678901259451,2026-04-04 17:50:11,2026-04-04 18:06:35,INCOMING,0,2337,926,CELL-LB-02,31.510454,74.343233,CALL,Liberty Market
923001110002,923001110002,923009998885,410013676698108,35678901955762,2026-04-08 20:40:23,2026-04-08 20:40:23,OUTGOING,900654,3759,288,CELL-GLB-01,31.521723,74.357985,GPRS,Gulberg
923001110003,923009998884,923001110003,410017330380479,35678901346193,2026-04-03 08:57:16,2026-04-03 09:12:34,INCOMING,0,5050,214,CELL-MT-03,31.481661,74.321118,VOLTE,Model Town
923001110003,923001110003,923009998881,410012345530659,35678901307632,2026-04-10 05:48:42,2026-04-10 05:48:42,OUTGOING,0,3155,600,CELL-GLB-01,31.518883,74.359012,SMS,Gulberg
923001110002,923009998881,923001110002,410017645284293,35678901729877,2026-04-07 11:56:25,2026-04-07 12:20:10,INCOMING,0,7423,622,CELL-ARP-08,31.520137,74.40509,CALL,Airport Road
923001110001,923001110001,923009998883,410014066067157,35678901767282,2026-04-11 15:00:23,2026-04-11 15:00:23,OUTGOING,2410639,4128,363,CELL-MT-03,31.483984,74.322648,GPRS,Model Town
923451112233,923451112233,923009998883,410017628332110,35678901365435,2026-04-11 15:07:21,2026-04-11 15:30:06,OUTGOING,0,8678,568,CELL-MT-03,31.482408,74.323875,VOLTE,Model Town
923461678183,923461678183,923009998888,410018976233845,35678901669214,2026-04-07 12:08:27,2026-04-07 12:08:27,OUTGOING,3967821,8070,576,CELL-LB-02,31.5106,74.345716,GPRS,Liberty Market
923461678183,923009998888,923461678183,410011104423929,35678901386402,2026-04-06 03:09:52,2026-04-06 03:09:52,INCOMING,3842574,2946,389,CELL-MT-03,31.481492,74.322957,GPRS,Model Town
923461678183,923461678183,923009998882,410018464503180,35678901523132,2026-04-07 12:16:36,2026-04-07 12:16:36,OUTGOING,5975607,5161,880,CELL-ARP-08,31.520495,74.404061,GPRS,Airport Road
923451112233,923451112233,923009998884,410011738012786,35678901347722,2026-04-07 12:20:33,2026-04-07 12:20:33,OUTGOING,3571361,4965,555,CELL-MT-03,31.482715,74.322302,GPRS,Model Town
923001110001,923001110001,923009998886,410011125473967,35678901177579,2026-04-03 09:06:20,2026-04-03 09:06:20,OUTGOING,144241,1162,618,CELL-GLB-01,31.520284,74.358202,GPRS,Gulberg
923001110002,923009998887,923001110002,410011714130028,35678901574419,2026-04-10 06:42:18,2026-04-10 06:42:18,INCOMING,1248996,5845,414,CELL-MT-03,31.483163,74.321777,GPRS,Model Town
923001110001,923001110001,923009998887,410015782198929,35678901167804,2026-04-10 06:48:41,2026-04-10 06:48:41,OUTGOING,1284242,9742,578,CELL-LB-02,31.511893,74.342153,GPRS,Liberty Market
923001110002,923009998881,923001110002,410013611358033,35678901229097,2026-04-10 06:54:35,2026-04-10 07:01:50,INCOMING,0,6586,844,CELL-DHA-05,31.470636,74.408557,CALL,DHA Phase 5
923331234567,923331234567,923009998887,410016722909191,35678901788492,2026-04-03 09:10:04,2026-04-03 09:31:03,OUTGOING,0,9692,346,CELL-DHA-05,31.471337,74.408044,VOLTE,DHA Phase 5
923331234567,923009998883,923331234567,410017026735929,35678901608139,2026-04-11 16:17:36,2026-04-11 16:17:36,INCOMING,6509098,5283,936,CELL-DHA-05,31.471186,74.409209,GPRS,DHA Phase 5
923001110003,923001110003,923009998882,410012210476556,35678901556637,2026-04-06 03:36:22,2026-04-06 03:36:22,OUTGOING,0,6534,264,CELL-LB-02,31.510856,74.342772,SMS,Liberty Market
923001110001,923009998883,923001110001,410012018131872,35678901434570,2026-04-11 16:31:20,2026-04-11 16:31:20,INCOMING,0,7808,742,CELL-MT-03,31.484975,74.322696,SMS,Model Town
923331234567,923009998887,923331234567,410018656492524,35678901565163,2026-04-11 16:38:55,2026-04-11 16:38:55,INCOMING,1975214,8480,904,CELL-MT-03,31.483213,74.321902,GPRS,Model Town
923001110002,923001110002,923009998884,410017118966724,35678901870130,2026-04-10 07:30:55,2026-04-10 07:30:55,OUTGOING,3483208,9903,450,CELL-GLB-01,31.522158,74.360522,GPRS,Gulberg
923451112233,923009998888,923451112233,410012421233806,35678901261863,2026-04-06 03:48:39,2026-04-06 04:05:33,INCOMING,0,3655,208,CELL-LB-02,31.511005,74.345875,CALL,Liberty Market
923001110003,923009998886,923001110003,410013249855698,35678901197602,2026-04-06 03:51:10,2026-04-06 04:13:10,INCOMING,0,4445,463,CELL-GLB-01,31.521006,74.360222,CALL,Gulberg
923001110001,923009998888,923001110001,410018318096760,35678901899490,2026-04-11 17:06:41,2026-04-11 17:06:41,INCOMING,2993669,2624,292,CELL-ARP-08,31.520328,74.402466,GPRS,Airport Road
923001110001,923009998882,923001110001,410011974141959,35678901292453,2026-04-03 09:19:10,2026-04-03 09:19:10,INCOMING,5487932,6723,498,CELL-DHA-05,31.469356,74.409872,GPRS,DHA Phase 5
923331234567,923009998884,923331234567,410017014565006,35678901864033,2026-04-11 17:20:29,2026-04-11 17:20:29,INCOMING,2645463,3527,697,CELL-GLB-01,31.519252,74.358476,GPRS,Gulberg
923331234567,923009998883,923331234567,410014709636068,35678901309816,2026-04-08 22:45:40,2026-04-08 23:08:11,INCOMING,0,7875,668,CELL-ARP-08,31.521802,74.402202,CALL,Airport Road
923461678183,923009998884,923461678183,410012102918901,35678901998560,2026-04-11 17:34:22,2026-04-11 17:34:22,INCOMING,0,1261,215,CELL-GLB-01,31.518649,74.359979,SMS,Gulberg
923001110003,923001110003,923009998882,410013961671647,35678901746552,2026-04-04 18:46:14,2026-04-04 19:00:14,OUTGOING,0,2209,212,CELL-GLB-01,31.521203,74.356925,CALL,Gulberg
923001110003,923001110003,923009998881,410019543354778,35678901717342,2026-04-03 09:24:24,2026-04-03 09:30:49,OUTGOING,0,3312,554,CELL-ARP-08,31.520232,74.404931,CALL,Airport Road
923001110003,923009998882,923001110003,410017452857685,35678901990341,2026-04-04 18:50:25,2026-04-04 19:12:11,INCOMING,0,5034,388,CELL-GLB-01,31.522087,74.360337,VOLTE,Gulberg
923001110002,923001110002,923009998888,410015695983415,35678901374623,2026-04-03 09:26:29,2026-04-03 09:34:47,OUTGOING,0,2154,566,CELL-DHA-05,31.468869,74.410378,CALL,DHA Phase 5
923001110003,923001110003,923009998883,410017190339495,35678901422051,2026-04-10 08:42:53,2026-04-10 09:08:05,OUTGOING,0,4098,595,CELL-GLB-01,31.521875,74.360294,CALL,Gulberg
923001110003,923001110003,923009998887,410011018341723,35678901564474,2026-04-08 23:20:20,2026-04-08 23:25:22,OUTGOING,0,5943,118,CELL-ARP-08,31.521704,74.402746,CALL,Airport Road
923451112233,923009998887,923451112233,410017654107917,35678901119038,2026-04-10 08:54:23,2026-04-10 09:01:45,INCOMING,0,4955,110,CELL-DHA-05,31.471284,74.410196,CALL,DHA Phase 5
923001110003,923009998886,923001110003,410013822180917,35678901460126,2026-04-11 18:30:23,2026-04-11 18:30:23,INCOMING,0,9556,794,CELL-LB-02,31.509473,74.345694,SMS,Liberty Market
923001110001,923001110001,923009998887,410014149718076,35678901429911,2026-04-03 09:31:23,2026-04-03 09:31:23,OUTGOING,0,4500,261,CELL-DHA-05,31.469171,74.408705,SMS,DHA Phase 5
923461678183,923009998888,923461678183,410012108774404,35678901211390,2026-04-06 04:36:31,2026-04-06 04:36:31,INCOMING,6958170,7926,643,CELL-DHA-05,31.468115,74.410312,GPRS,DHA Phase 5
923461678183,923009998885,923461678183,410011405688782,35678901927929,2026-04-11 18:51:57,2026-04-11 18:51:57,INCOMING,950731,2277,838,CELL-GLB-01,31.520134,74.358107,GPRS,Gulberg
923331234567,923009998881,923331234567,410018299920436,35678901464498,2026-04-08 23:50:52,2026-04-08 23:50:52,INCOMING,0,8636,913,CELL-LB-02,31.511904,74.346084,SMS,Liberty Market
923461678183,923461678183,923009998886,410019984901292,35678901997776,2026-04-03 09:35:07,2026-04-03 10:03:48,OUTGOING,0,5125,905,CELL-DHA-05,31.46933,74.410345,CALL,DHA Phase 5
923461678183,923461678183,923009998883,410016314523380,35678901544898,2026-04-10 09:36:53,2026-04-10 09:43:47,OUTGOING,0,4884,260,CELL-LB-02,31.508916,74.343408,VOLTE,Liberty Market
923001110003,923009998888,923001110003,410011585054220,35678901431127,2026-04-11 19:19:34,2026-04-11 19:19:34,INCOMING,1275725,5630,251,CELL-LB-02,31.511441,74.343595,GPRS,Liberty Market
923331234567,923009998886,923331234567,410017035411272,35678901273427,2026-04-07 14:32:28,2026-04-07 14:32:28,INCOMING,7306255,4795,141,CELL-DHA-05,31.469997,74.410143,GPRS,DHA Phase 5
923001110002,923001110002,923009998886,410015829983536,35678901930718,2026-04-11 19:33:00,2026-04-11 19:33:00,OUTGOING,1337494,7777,127,CELL-MT-03,31.483999,74.324738,GPRS,Model Town
923461678183,923461678183,923009998888,410019401193591,35678901806951,2026-04-07 14:40:00,2026-04-07 14:55:11,OUTGOING,0,9636,579,CELL-ARP-08,31.522878,74.403675,CALL,Airport Road
923461678183,923009998885,923461678183,410013046771118,35678901272614,2026-04-11 19:47:17,2026-04-11 19:47:17,INCOMING,7438788,4076,601,CELL-MT-03,31.483493,74.322304,GPRS,Model Town
923461678183,923461678183,923009998887,410013797560876,35678901126183,2026-04-10 10:12:57,2026-04-10 10:18:08,OUTGOING,0,8194,715,CELL-GLB-01,31.518788,74.357243,CALL,Gulberg
923461678183,923009998882,923461678183,410014389680504,35678901719780,2026-04-10 10:18:17,2026-04-10 10:18:17,INCOMING,4534919,8656,393,CELL-GLB-01,31.519923,74.359553,GPRS,Gulberg
923001110002,923009998881,923001110002,410011393260166,35678901315681,2026-04-09 00:40:08,2026-04-09 01:07:01,INCOMING,0,2435,798,CELL-ARP-08,31.521345,74.401844,CALL,Airport Road
923331234567,923331234567,923009998882,410015142571109,35678901351740,2026-04-04 19:30:02,2026-04-04 19:30:02,OUTGOING,111491,8610,638,CELL-DHA-05,31.469149,74.408629,GPRS,DHA Phase 5
923331234567,923009998885,923331234567,410012430877684,35678901439544,2026-04-11 20:22:59,2026-04-11 20:44:38,INCOMING,0,5343,397,CELL-MT-03,31.484751,74.321417,VOLTE,Model Town
923331234567,923331234567,923009998885,410014749682831,35678901908371,2026-04-10 10:42:39,2026-04-10 10:43:14,OUTGOING,0,3695,326,CELL-DHA-05,31.468579,74.409754,VOLTE,DHA Phase 5
923001110001,923009998888,923001110001,410018022741038,35678901162941,2026-04-04 19:36:51,2026-04-04 19:36:51,INCOMING,605864,4668,169,CELL-ARP-08,31.523186,74.404151,GPRS,Airport Road
923001110002,923009998883,923001110002,410019663105973,35678901633024,2026-04-03 09:49:26,2026-04-03 09:49:26,INCOMING,2385150,8659,272,CELL-ARP-08,31.520974,74.402063,GPRS,Airport Road
923451112233,923009998882,923451112233,410012374217958,35678901181654,2026-04-04 19:40:51,2026-04-04 20:07:24,INCOMING,0,6669,393,CELL-GLB-01,31.521999,74.359331,VOLTE,Gulberg
923001110001,923009998888,923001110001,410017649625005,35678901616869,2026-04-10 11:06:17,2026-04-10 11:06:17,INCOMING,7278240,2825,978,CELL-MT-03,31.483518,74.323417,GPRS,Model Town
923451112233,923451112233,923009998884,410014689679609,35678901298943,2026-04-03 09:52:37,2026-04-03 09:52:37,OUTGOING,7129923,1080,693,CELL-LB-02,31.511521,74.342931,GPRS,Liberty Market
923001110003,923009998888,923001110003,410012650662038,35678901699702,2026-04-06 05:39:56,2026-04-06 05:39:56,INCOMING,6902889,6807,886,CELL-DHA-05,31.468187,74.410809,GPRS,DHA Phase 5
923451112233,923451112233,923009998887,410013955486670,35678901223430,2026-04-04 19:48:03,2026-04-04 19:48:03,OUTGOING,2379822,9797,186,CELL-DHA-05,31.471269,74.409656,GPRS,DHA Phase 5
923331234567,923009998886,923331234567,410017518643231,35678901822161,2026-04-03 09:55:57,2026-04-03 09:55:57,INCOMING,1893797,4103,512,CELL-DHA-05,31.471646,74.410249,GPRS,DHA Phase 5
923001110003,923009998881,923001110003,410019107793341,35678901587085,2026-04-03 09:56:14,2026-04-03 09:56:14,INCOMING,0,3651,843,CELL-GLB-01,31.51873,74.358261,SMS,Gulberg
923331234567,923009998884,923331234567,410017828898551,35678901748737,2026-04-07 15:48:32,2026-04-07 15:48:32,INCOMING,1386904,9261,142,CELL-ARP-08,31.523143,74.405514,GPRS,Airport Road
923331234567,923009998886,923331234567,410015851921818,35678901860884,2026-04-07 15:52:50,2026-04-07 16:14:27,INCOMING,0,8185,537,CELL-GLB-01,31.521718,74.359571,CALL,Gulberg
923451112233,923009998882,923451112233,410011000854699,35678901454402,2026-04-03 09:59:12,2026-04-03 09:59:12,INCOMING,0,1490,173,CELL-MT-03,31.481981,74.322436,SMS,Model Town
923331234567,923331234567,923009998886,410016577844695,35678901916428,2026-04-10 12:00:33,2026-04-10 12:06:20,OUTGOING,0,6550,109,CELL-ARP-08,31.523588,74.402993,VOLTE,Airport Road
923331234567,923331234567,923009998887,410011010922023,35678901103268,2026-04-09 02:05:16,2026-04-09 02:30:58,OUTGOING,0,3224,478,CELL-GLB-01,31.520405,74.358549,CALL,Gulberg
923001110001,923009998888,923001110001,410011965387559,35678901429464,2026-04-10 12:12:20,2026-04-10 12:12:20,INCOMING,4011689,9529,500,CELL-MT-03,31.48286,74.321158,GPRS,Model Town
923461678183,923009998881,923461678183,410014596178562,35678901114529,2026-04-04 20:06:58,2026-04-04 20:06:58,INCOMING,0,3807,695,CELL-ARP-08,31.521559,74.403768,SMS,Airport Road
923001110003,923009998884,923001110003,410016594404545,35678901108846,2026-04-09 02:20:37,2026-04-09 02:20:37,INCOMING,2634656,8609,421,CELL-MT-03,31.481523,74.32188,GPRS,Model Town
923001110001,923001110001,923009998884,410013750721518,35678901194973,2026-04-03 10:05:39,2026-04-03 10:18:49,OUTGOING,0,5839,129,CELL-MT-03,31.482898,74.324607,VOLTE,Model Town
923001110001,923009998886,923001110001,410018805368246,35678901127854,2026-04-03 10:06:37,2026-04-03 10:06:37,INCOMING,4933703,7903,432,CELL-LB-02,31.511864,74.345171,GPRS,Liberty Market
923001110001,923001110001,923009998885,410017526725464,35678901762239,2026-04-03 10:07:51,2026-04-03 10:07:51,OUTGOING,0,8832,379,CELL-DHA-05,31.468963,74.410768,CALL,DHA Phase 5
923451112233,923451112233,923009998887,410018766953541,35678901152794,2026-04-07 16:32:15,2026-04-07 16:32:15,OUTGOING,4031102,6149,507,CELL-ARP-08,31.522482,74.402876,GPRS,Airport Road
923001110001,923009998882,923001110001,410013178488088,35678901892602,2026-04-10 12:54:47,2026-04-10 12:54:47,INCOMING,1024518,5796,548,CELL-MT-03,31.482914,74.321993,GPRS,Model Town
923461678183,923461678183,923009998882,410018132318545,35678901645609,2026-04-09 02:50:03,2026-04-09 02:50:03,OUTGOING,0,8010,228,CELL-ARP-08,31.519914,74.401696,SMS,Airport Road
923001110003,923001110003,923009998884,410014710530926,35678901435684,2026-04-09 02:55:46,2026-04-09 03:04:43,OUTGOING,0,9582,757,CELL-LB-02,31.508365,74.343079,VOLTE,Liberty Market
923001110003,923009998887,923001110003,410012665659282,35678901374960,2026-04-07 16:48:33,2026-04-07 17:16:10,INCOMING,0,9378,621,CELL-ARP-08,31.520549,74.402501,VOLTE,Airport Road
923001110003,923001110003,923009998882,410016142228818,35678901363692,2026-04-10 13:18:38,2026-04-10 13:34:30,OUTGOING,0,5771,309,CELL-DHA-05,31.467834,74.411394,CALL,DHA Phase 5
923001110002,923009998887,923001110002,410019589779895,35678901724829,2026-04-11 23:38:53,2026-04-11 23:46:45,INCOMING,0,7723,357,CELL-GLB-01,31.52151,74.358858,VOLTE,Gulberg
923451112233,923009998887,923451112233,410018619076172,35678901353007,2026-04-03 10:15:02,2026-04-03 10:15:02,INCOMING,4282830,5605,620,CELL-DHA-05,31.468654,74.411469,GPRS,DHA Phase 5
923461678183,923461678183,923009998887,410016427216781,35678901569357,2026-04-03 10:16:02,2026-04-03 10:16:02,OUTGOING,4516200,7662,551,CELL-LB-02,31.511923,74.344263,GPRS,Liberty Market
923451112233,923451112233,923009998888,410019940257604,35678901586449,2026-04-06 06:51:40,2026-04-06 06:51:40,OUTGOING,0,3701,499,CELL-LB-02,31.508657,74.344705,SMS,Liberty Market
923001110002,923009998881,923001110002,410017557722113,35678901507397,2026-04-06 06:54:28,2026-04-06 06:54:28,INCOMING,613767,8583,333,CELL-DHA-05,31.468297,74.410689,GPRS,DHA Phase 5
923451112233,923009998886,923451112233,410014597536966,35678901655489,2026-04-06 06:57:38,2026-04-06 06:57:38,INCOMING,0,5847,256,CELL-ARP-08,31.521112,74.402056,SMS,Airport Road
923331234567,923009998885,923331234567,410018396388439,35678901525161,2026-04-07 17:20:38,2026-04-07 17:20:38,INCOMING,0,3119,588,CELL-DHA-05,31.470511,74.408271,SMS,DHA Phase 5
923001110002,923009998888,923001110002,410019945096780,35678901221222,2026-04-04 20:42:29,2026-04-04 20:42:29,INCOMING,160035,1889,675,CELL-DHA-05,31.469413,74.409877,GPRS,DHA Phase 5
923001110002,923001110002,923009998888,410015828241558,35678901650656,2026-04-06 07:06:24,2026-04-06 07:06:24,OUTGOING,4458915,1536,620,CELL-DHA-05,31.471219,74.408556,GPRS,DHA Phase 5
923461678183,923009998881,923461678183,410012708232027,35678901609853,2026-04-06 07:09:37,2026-04-06 07:36:04,INCOMING,0,9793,554,CELL-ARP-08,31.5215,74.403197,CALL,Airport Road
923451112233,923451112233,923009998885,410015941448414,35678901376989,2026-04-10 14:24:18,2026-04-10 14:24:18,OUTGOING,2845591,4552,490,CELL-MT-03,31.483166,74.321968,GPRS,Model Town
923451112233,923451112233,923009998883,410015502652476,35678901857234,2026-04-09 04:05:26,2026-04-09 04:31:00,OUTGOING,0,6083,684,CELL-LB-02,31.508825,74.344335,CALL,Liberty Market
923331234567,923009998882,923331234567,410014110373678,35678901960987,2026-04-06 07:18:44,2026-04-06 07:18:44,INCOMING,7649924,9153,591,CELL-GLB-01,31.52043,74.359986,GPRS,Gulberg
923451112233,923009998881,923451112233,410015352937100,35678901858289,2026-04-06 07:21:16,2026-04-06 07:21:16,INCOMING,0,6894,719,CELL-DHA-05,31.471564,74.410017,SMS,DHA Phase 5
923461678183,923461678183,923009998886,410018702934841,35678901988572,2026-04-12 01:16:26,2026-04-12 01:16:26,OUTGOING,2746109,5098,409,CELL-ARP-08,31.520634,74.402315,GPRS,Airport Road
923001110003,923001110003,923009998887,410018181656541,35678901917642,2026-04-03 10:29:50,2026-04-03 10:29:50,OUTGOING,0,7169,896,CELL-MT-03,31.483784,74.323657,SMS,Model Town
923001110003,923001110003,923009998884,410018356011581,35678901339466,2026-04-03 10:30:35,2026-04-03 10:30:35,OUTGOING,7061890,4309,851,CELL-GLB-01,31.518642,74.359608,GPRS,Gulberg
923001110001,923009998888,923001110001,410011672495665,35678901452349,2026-04-03 10:31:59,2026-04-03 10:31:59,INCOMING,322252,2664,851,CELL-DHA-05,31.468326,74.409058,GPRS,DHA Phase 5
923451112233,923009998884,923451112233,410019380434149,35678901346435,2026-04-10 15:12:16,2026-04-10 15:12:16,INCOMING,0,8509,142,CELL-MT-03,31.481994,74.322168,CALL,Model Town
923331234567,923331234567,923009998883,410015541857626,35678901976563,2026-04-12 01:51:40,2026-04-12 02:18:35,OUTGOING,0,2785,391,CELL-GLB-01,31.521542,74.360163,CALL,Gulberg
923331234567,923009998886,923331234567,410014234072629,35678901748459,2026-04-10 15:24:05,2026-04-10 15:24:05,INCOMING,4320585,7436,924,CELL-MT-03,31.483775,74.322363,GPRS,Model Town
923461678183,923461678183,923009998886,410019827227388,35678901188106,2026-04-04 21:10:53,2026-04-04 21:10:53,OUTGOING,3869992,4784,834,CELL-MT-03,31.484536,74.32299,GPRS,Model Town
923331234567,923009998882,923331234567,410014718079880,35678901881995,2026-04-09 05:00:35,2026-04-09 05:00:35,INCOMING,581549,3300,817,CELL-DHA-05,31.46965,74.409632,GPRS,DHA Phase 5
923461678183,923461678183,923009998885,410014149101038,35678901283646,2026-04-12 02:19:05,2026-04-12 02:19:05,OUTGOING,6020685,8631,625,CELL-GLB-01,31.521443,74.359798,GPRS,Gulberg
923331234567,923331234567,923009998888,410013646544941,35678901924529,2026-04-10 15:48:41,2026-04-10 15:48:41,OUTGOING,0,4416,440,CELL-ARP-08,31.51968,74.402285,SMS,Airport Road
923451112233,923451112233,923009998882,410018082524363,35678901598746,2026-04-10 15:54:20,2026-04-10 16:17:20,OUTGOING,0,8746,808,CELL-DHA-05,31.469282,74.410288,CALL,DHA Phase 5
923331234567,923331234567,923009998883,410017569798639,35678901955314,2026-04-12 02:40:43,2026-04-12 02:40:43,OUTGOING,5822231,3861,126,CELL-ARP-08,31.522373,74.403229,GPRS,Airport Road
923331234567,923331234567,923009998887,410017952337914,35678901779401,2026-04-07 18:44:04,2026-04-07 18:44:04,OUTGOING,1756582,1094,575,CELL-MT-03,31.482936,74.32239,GPRS,Model Town
923331234567,923009998881,923331234567,410011296985980,35678901910702,2026-04-06 08:06:07,2026-04-06 08:06:07,INCOMING,2600231,3326,520,CELL-LB-02,31.508685,74.345151,GPRS,Liberty Market
923001110003,923009998883,923001110003,410019263605523,35678901886788,2026-04-07 18:52:04,2026-04-07 18:52:04,INCOMING,3057029,5210,449,CELL-LB-02,31.511465,74.343436,GPRS,Liberty Market
923001110003,923009998883,923001110003,410016270619154,35678901901372,2026-04-03 10:44:17,2026-04-03 10:44:17,INCOMING,1473086,8275,461,CELL-MT-03,31.482864,74.324355,GPRS,Model Town
923331234567,923009998882,923331234567,410017499285337,35678901680549,2026-04-09 05:45:50,2026-04-09 05:45:50,INCOMING,6990011,7499,574,CELL-LB-02,31.511489,74.342733,GPRS,Liberty Market
923001110003,923009998883,923001110003,410013572091774,35678901997476,2026-04-03 10:46:30,2026-04-03 10:46:30,INCOMING,6709498,8289,769,CELL-ARP-08,31.52273,74.405108,GPRS,Airport Road
923331234567,923009998887,923331234567,410018067154182,35678901153671,2026-04-07 19:08:35,2026-04-07 19:08:35,INCOMING,818137,8150,170,CELL-MT-03,31.482887,74.323723,GPRS,Model Town
923461678183,923461678183,923009998888,410013998519292,35678901706888,2026-04-07 19:12:23,2026-04-07 19:20:47,OUTGOING,0,8262,977,CELL-MT-03,31.48238,74.321944,VOLTE,Model Town
923001110003,923009998887,923001110003,410013907421966,35678901436501,2026-04-03 10:49:20,2026-04-03 11:17:40,INCOMING,0,5478,570,CELL-DHA-05,31.468415,74.408057,CALL,DHA Phase 5
923001110002,923009998882,923001110002,410017086261034,35678901473876,2026-04-07 19:20:45,2026-04-07 19:20:45,INCOMING,3618147,5952,654,CELL-LB-02,31.508316,74.343784,GPRS,Liberty Market
923001110001,923009998888,923001110001,410012631521344,35678901661128,2026-04-09 06:15:29,2026-04-09 06:15:29,INCOMING,5914296,4709,841,CELL-DHA-05,31.470165,74.409428,GPRS,DHA Phase 5
923331234567,923331234567,923009998884,410011094993819,35678901812684,2026-04-03 10:52:20,2026-04-03 11:00:11,OUTGOING,0,7767,983,CELL-DHA-05,31.470485,74.408197,CALL,DHA Phase 5
923331234567,923331234567,923009998882,410015589249932,35678901701144,2026-04-03 10:53:02,2026-04-03 10:53:33,OUTGOING,0,3843,924,CELL-DHA-05,31.471542,74.411014,VOLTE,DHA Phase 5
923461678183,923009998885,923461678183,410018815882705,35678901905190,2026-04-07 19:36:34,2026-04-07 19:36:34,INCOMING,6750308,6060,218,CELL-LB-02,31.511356,74.342386,GPRS,Liberty Market
923001110001,923001110001,923009998883,410019617983479,35678901318861,2026-04-09 06:35:28,2026-04-09 06:54:18,OUTGOING,0,7638,489,CELL-GLB-01,31.519944,74.356776,VOLTE,Gulberg
923001110003,923001110003,923009998887,410017393934962,35678901464000,2026-04-03 10:56:23,2026-04-03 10:56:23,OUTGOING,3525524,1614,637,CELL-DHA-05,31.468471,74.410097,GPRS,DHA Phase 5
923001110002,923009998882,923001110002,410018679254905,35678901291520,2026-04-06 08:51:09,2026-04-06 08:51:09,INCOMING,4448644,4438,424,CELL-GLB-01,31.521955,74.357515,GPRS,Gulberg
923001110001,923001110001,923009998883,410013119372392,35678901243551,2026-04-03 10:58:21,2026-04-03 11:19:56,OUTGOING,0,4885,823,CELL-DHA-05,31.470496,74.410282,CALL,DHA Phase 5
923331234567,923009998887,923331234567,410016543028962,35678901772750,2026-04-07 19:56:30,2026-04-07 19:56:30,INCOMING,1639735,3376,401,CELL-DHA-05,31.471044,74.408387,GPRS,DHA Phase 5
923451112233,923009998888,923451112233,410013444050462,35678901386731,2026-04-04 22:00:00,2026-04-04 22:00:00,INCOMING,4636344,8846,617,CELL-DHA-05,31.469057,74.410735,GPRS,DHA Phase 5
923001110001,923001110001,923009998885,410017591053279,35678901697173,2026-04-07 20:04:01,2026-04-07 20:04:01,OUTGOING,7179313,3255,366,CELL-GLB-01,31.519807,74.35807,GPRS,Gulberg
923001110003,923001110003,923009998887,410015618948587,35678901884915,2026-04-09 07:10:25,2026-04-09 07:27:41,OUTGOING,0,3365,398,CELL-ARP-08,31.520873,74.405463,CALL,Airport Road
923451112233,923451112233,923009998888,410013868963424,35678901739464,2026-04-12 05:21:46,2026-04-12 05:21:46,OUTGOING,1954037,9149,537,CELL-GLB-01,31.521949,74.358458,GPRS,Gulberg
923331234567,923331234567,923009998887,410016818434815,35678901595295,2026-04-03 11:04:58,2026-04-03 11:04:58,OUTGOING,2446914,1473,265,CELL-GLB-01,31.518707,74.357379,GPRS,Gulberg
923001110001,923009998882,923001110001,410014124008545,35678901487844,2026-04-10 18:30:09,2026-04-10 18:34:03,INCOMING,0,4311,587,CELL-MT-03,31.483263,74.323909,VOLTE,Model Town
923001110003,923001110003,923009998882,410017606933210,35678901251791,2026-04-10 18:36:55,2026-04-10 18:36:55,OUTGOING,3126322,8410,244,CELL-LB-02,31.509106,74.344338,GPRS,Liberty Market
923461678183,923009998883,923461678183,410015206810748,35678901438798,2026-04-09 07:35:16,2026-04-09 07:35:16,INCOMING,0,6445,629,CELL-MT-03,31.482595,74.322254,CALL,Model Town
923001110001,923001110001,923009998882,410016322787742,35678901400020,2026-04-03 11:08:04,2026-04-03 11:08:04,OUTGOING,1666255,1840,124,CELL-GLB-01,31.520981,74.358977,GPRS,Gulberg
923331234567,923331234567,923009998884,410013391241664,35678901186207,2026-04-06 09:27:13,2026-04-06 09:27:13,OUTGOING,4542125,1112,416,CELL-ARP-08,31.523299,74.403934,GPRS,Airport Road
923331234567,923009998885,923331234567,410015386412889,35678901636869,2026-04-10 19:00:14,2026-04-10 19:00:14,INCOMING,5374686,5642,371,CELL-ARP-08,31.521269,74.403691,GPRS,Airport Road
923001110001,923009998886,923001110001,410018476513964,35678901396686,2026-04-03 11:11:18,2026-04-03 11:11:18,INCOMING,3861773,4425,798,CELL-LB-02,31.508204,74.343899,GPRS,Liberty Market
923001110001,923009998883,923001110001,410017688407499,35678901807745,2026-04-04 22:24:54,2026-04-04 22:53:31,INCOMING,0,3617,214,CELL-GLB-01,31.521928,74.358061,VOLTE,Gulberg
923001110002,923001110002,923009998884,410015747716316,35678901742976,2026-04-12 06:31:11,2026-04-12 06:31:11,OUTGOING,1049693,4717,956,CELL-MT-03,31.484944,74.324436,GPRS,Model Town
923001110002,923009998886,923001110002,410014788645433,35678901323616,2026-04-03 11:14:33,2026-04-03 11:14:33,INCOMING,0,2728,341,CELL-GLB-01,31.519139,74.358637,SMS,Gulberg
923001110002,923001110002,923009998888,410019581807287,35678901795939,2026-04-12 06:45:45,2026-04-12 06:45:45,OUTGOING,0,8129,691,CELL-MT-03,31.481443,74.321911,VOLTE,Model Town
923001110001,923001110001,923009998884,410016705996686,35678901649503,2026-04-07 21:04:51,2026-04-07 21:04:51,OUTGOING,0,4679,470,CELL-DHA-05,31.470384,74.411541,SMS,DHA Phase 5
923001110002,923001110002,923009998887,410015197439194,35678901792969,2026-04-09 08:25:17,2026-04-09 08:25:17,OUTGOING,2648422,9242,247,CELL-ARP-08,31.519824,74.402665,GPRS,Airport Road
923001110002,923009998887,923001110002,410018011453594,35678901230889,2026-04-12 07:06:34,2026-04-12 07:06:34,INCOMING,4210327,4227,360,CELL-MT-03,31.48183,74.321991,GPRS,Model Town
923331234567,923331234567,923009998884,410013797687107,35678901132643,2026-04-12 07:13:57,2026-04-12 07:17:38,OUTGOING,0,1833,758,CELL-MT-03,31.483719,74.322054,CALL,Model Town
923001110002,923009998886,923001110002,410014887399195,35678901849814,2026-04-03 11:20:46,2026-04-03 11:20:46,INCOMING,0,8967,135,CELL-MT-03,31.484199,74.321059,SMS,Model Town
923001110001,923009998887,923001110001,410015331816236,35678901203632,2026-04-06 10:03:14,2026-04-06 10:03:14,INCOMING,1645945,4174,336,CELL-GLB-01,31.522172,74.357945,GPRS,Gulberg
923001110001,923001110001,923009998888,410011015397717,35678901883801,2026-04-03 11:22:10,2026-04-03 11:22:10,OUTGOING,1120948,1515,598,CELL-LB-02,31.509353,74.344257,GPRS,Liberty Market
923001110001,923009998888,923001110001,410013312128190,35678901355660,2026-04-03 11:23:23,2026-04-03 11:29:01,INCOMING,0,4049,795,CELL-GLB-01,31.519901,74.36011,VOLTE,Gulberg
923001110001,923009998881,923001110001,410013011021757,35678901607266,2026-04-03 11:24:11,2026-04-03 11:38:47,INCOMING,0,8905,183,CELL-ARP-08,31.520967,74.403228,VOLTE,Airport Road
923001110002,923009998881,923001110002,410017678286209,35678901611875,2026-04-06 10:15:03,2026-04-06 10:29:55,INCOMING,0,3855,226,CELL-DHA-05,31.470544,74.409036,VOLTE,DHA Phase 5
923001110002,923009998883,923001110002,410016442927479,35678901614449,2026-04-04 22:52:27,2026-04-04 23:11:50,INCOMING,0,2767,857,CELL-ARP-08,31.521841,74.405194,VOLTE,Airport Road
923001110003,923009998882,923001110003,410019163224806,35678901902007,2026-04-09 09:15:04,2026-04-09 09:15:04,INCOMING,0,9121,258,CELL-GLB-01,31.521376,74.357163,SMS,Gulberg
923461678183,923009998888,923461678183,410018323391985,35678901310647,2026-04-03 11:28:43,2026-04-03 11:28:43,INCOMING,0,8040,806,CELL-LB-02,31.509488,74.344637,VOLTE,Liberty Market
923001110003,923001110003,923009998886,410018248287922,35678901825874,2026-04-09 09:25:27,2026-04-09 09:30:26,OUTGOING,0,9329,674,CELL-ARP-08,31.5228,74.404434,VOLTE,Airport Road
923451112233,923009998881,923451112233,410012228635321,35678901649659,2026-04-12 08:30:00,2026-04-12 08:30:00,INCOMING,2506299,3817,747,CELL-ARP-08,31.522449,74.403576,GPRS,Airport Road
923331234567,923331234567,923009998884,410018639710673,35678901322717,2026-04-04 23:02:27,2026-04-04 23:02:27,OUTGOING,3112513,4166,721,CELL-ARP-08,31.523187,74.402768,GPRS,Airport Road
923331234567,923009998881,923331234567,410015791525949,35678901247833,2026-04-04 23:04:59,2026-04-04 23:04:59,INCOMING,0,8848,780,CELL-ARP-08,31.523145,74.403671,SMS,Airport Road
923451112233,923009998884,923451112233,410012290561698,35678901482287,2026-04-03 11:33:32,2026-04-03 11:33:32,INCOMING,3732374,4377,180,CELL-LB-02,31.511656,74.34267,GPRS,Liberty Market
923001110003,923001110003,923009998888,410017026354989,35678901223752,2026-04-03 11:34:18,2026-04-03 11:34:18,OUTGOING,7587093,3931,150,CELL-LB-02,31.51111,74.34404,GPRS,Liberty Market
923461678183,923461678183,923009998882,410013591854863,35678901545463,2026-04-06 10:45:30,2026-04-06 10:45:30,OUTGOING,7487655,1060,110,CELL-GLB-01,31.520636,74.357079,GPRS,Gulberg
923001110003,923001110003,923009998886,410017344091315,35678901732895,2026-04-12 09:12:15,2026-04-12 09:12:15,OUTGOING,0,4720,906,CELL-GLB-01,31.520521,74.357406,SMS,Gulberg
923451112233,923451112233,923009998885,410012239167264,35678901834316,2026-04-09 10:05:25,2026-04-09 10:05:25,OUTGOING,7016620,9298,344,CELL-MT-03,31.482733,74.323735,GPRS,Model Town
923001110003,923009998887,923001110003,410018629879814,35678901988325,2026-04-07 22:32:35,2026-04-07 22:32:35,INCOMING,4213958,3891,867,CELL-LB-02,31.511968,74.344783,GPRS,Liberty Market
923001110003,923001110003,923009998882,410019108940926,35678901528610,2026-04-03 11:39:20,2026-04-03 11:39:20,OUTGOING,84083,1272,843,CELL-GLB-01,31.520472,74.357763,GPRS,Gulberg
923451112233,923451112233,923009998886,410014186427565,35678901559370,2026-04-03 11:40:13,2026-04-03 11:40:13,OUTGOING,3466826,8047,852,CELL-LB-02,31.512107,74.34529,GPRS,Liberty Market
923001110003,923009998888,923001110003,410011880476210,35678901548988,2026-04-10 22:06:31,2026-04-10 22:06:31,INCOMING,793693,6019,791,CELL-DHA-05,31.470606,74.410072,GPRS,DHA Phase 5
923001110003,923001110003,923009998886,410013822118744,35678901582655,2026-04-12 09:54:45,2026-04-12 09:54:45,OUTGOING,0,2652,545,CELL-GLB-01,31.519518,74.358271,SMS,Gulberg
923331234567,923331234567,923009998885,410013619823008,35678901990230,2026-04-03 11:43:54,2026-04-03 11:43:54,OUTGOING,6828644,9143,146,CELL-DHA-05,31.471674,74.409786,GPRS,DHA Phase 5
923001110001,923001110001,923009998888,410019600924917,35678901972597,2026-04-09 10:40:44,2026-04-09 10:43:57,OUTGOING,0,2023,676,CELL-ARP-08,31.519857,74.40263,VOLTE,Airport Road
923461678183,923009998882,923461678183,410019721318127,35678901278980,2026-04-06 11:15:56,2026-04-06 11:15:56,INCOMING,305061,7482,905,CELL-MT-03,31.482687,74.322032,GPRS,Model Town
923001110003,923001110003,923009998886,410017379075964,35678901658369,2026-04-03 11:46:04,2026-04-03 11:46:04,OUTGOING,7085882,1354,755,CELL-ARP-08,31.520127,74.403989,GPRS,Airport Road
923331234567,923009998882,923331234567,410012122808444,35678901766056,2026-04-03 11:47:53,2026-04-03 11:47:53,INCOMING,3879477,4677,584,CELL-GLB-01,31.522071,74.358338,GPRS,Gulberg
923461678183,923461678183,923009998886,410015229088092,35678901869288,2026-04-04 23:36:53,2026-04-04 23:36:53,OUTGOING,767212,3819,490,CELL-LB-02,31.509694,74.342394,GPRS,Liberty Market
923331234567,923009998886,923331234567,410014250185419,35678901811146,2026-04-12 10:43:37,2026-04-12 10:43:37,INCOMING,0,6465,961,CELL-MT-03,31.483607,74.322126,SMS,Model Town
923001110001,923009998886,923001110001,410015385807709,35678901591585,2026-04-03 11:50:19,2026-04-03 11:50:19,INCOMING,6316809,6920,711,CELL-DHA-05,31.471091,74.409909,GPRS,DHA Phase 5
923451112233,923451112233,923009998885,410018437910270,35678901744063,2026-04-12 10:57:13,2026-04-12 10:57:13,OUTGOING,2706667,3255,247,CELL-GLB-01,31.51847,74.360249,GPRS,Gulberg
923331234567,923009998888,923331234567,410014511481154,35678901867182,2026-04-12 11:04:13,2026-04-12 11:04:13,INCOMING,0,1762,498,CELL-ARP-08,31.522428,74.402268,SMS,Airport Road
923331234567,923331234567,923009998886,410014280416347,35678901853609,2026-04-10 23:18:03,2026-04-10 23:18:03,OUTGOING,3154290,2895,463,CELL-DHA-05,31.468981,74.408154,GPRS,DHA Phase 5
923001110001,923009998886,923001110001,410015825466045,35678901357113,2026-04-06 11:42:48,2026-04-06 11:42:48,INCOMING,0,1940,215,CELL-ARP-08,31.523181,74.404452,SMS,Airport Road
923001110001,923001110001,923009998886,410018888599285,35678901496656,2026-04-09 11:35:18,2026-04-09 11:35:18,OUTGOING,0,7649,811,CELL-LB-02,31.508998,74.343591,SMS,Liberty Market
923451112233,923451112233,923009998886,410017078930010,35678901848395,2026-04-06 11:48:41,2026-04-06 11:48:41,OUTGOING,1510239,7644,518,CELL-ARP-08,31.52001,74.403518,GPRS,Airport Road
923461678183,923461678183,923009998881,410016130181542,35678901484493,2026-04-09 11:45:24,2026-04-09 11:45:24,OUTGOING,0,8995,792,CELL-GLB-01,31.519289,74.357837,SMS,Gulberg
923001110001,923009998881,923001110001,410019179238371,35678901921261,2026-04-06 11:54:03,2026-04-06 11:54:03,INCOMING,5575777,7485,576,CELL-MT-03,31.48229,74.323158,GPRS,Model Town
923001110002,923009998881,923001110002,410017286176998,35678901848608,2026-04-12 11:53:24,2026-04-12 11:53:24,INCOMING,2655338,2290,526,CELL-MT-03,31.48457,74.322464,GPRS,Model Town
923001110001,923009998886,923001110001,410016235266160,35678901260866,2026-04-09 12:00:07,2026-04-09 12:14:16,INCOMING,0,8846,652,CELL-GLB-01,31.520062,74.357552,CALL,Gulberg
923451112233,923451112233,923009998886,410013281230448,35678901377863,2026-04-12 12:07:29,2026-04-12 12:07:29,OUTGOING,614567,3341,198,CELL-ARP-08,31.522696,74.402578,GPRS,Airport Road
923001110003,923001110003,923009998887,410013873751957,35678901377519,2026-04-08 00:08:52,2026-04-08 00:26:23,OUTGOING,0,2608,974,CELL-MT-03,31.481888,74.324278,CALL,Model Town
923001110001,923001110001,923009998887,410018070491482,35678901194205,2026-04-11 00:18:48,2026-04-11 00:44:04,OUTGOING,0,3376,295,CELL-LB-02,31.511568,74.345054,CALL,Liberty Market
923451112233,923451112233,923009998883,410018663440392,35678901887314,2026-04-03 12:04:15,2026-04-03 12:04:15,OUTGOING,0,5034,157,CELL-ARP-08,31.522101,74.405434,CALL,Airport Road
923331234567,923009998883,923331234567,410019289707392,35678901245328,2026-04-03 12:05:40,2026-04-03 12:05:40,INCOMING,5073401,9801,389,CELL-MT-03,31.482583,74.324719,GPRS,Model Town
923451112233,923451112233,923009998888,410014441738371,35678901104543,2026-04-06 12:18:53,2026-04-06 12:38:42,OUTGOING,0,9569,366,CELL-DHA-05,31.471347,74.40906,CALL,DHA Phase 5
923001110001,923009998882,923001110001,410012222767817,35678901860370,2026-04-09 12:35:03,2026-04-09 12:35:03,INCOMING,4792213,2436,551,CELL-LB-02,31.50893,74.342662,GPRS,Liberty Market
923451112233,923009998881,923451112233,410013518478621,35678901905111,2026-04-03 12:08:33,2026-04-03 12:08:33,INCOMING,6559562,9623,705,CELL-ARP-08,31.519651,74.402476,GPRS,Airport Road
923001110001,923009998884,923001110001,410013820597191,35678901632014,2026-04-12 13:03:24,2026-04-12 13:19:50,INCOMING,0,3280,697,CELL-GLB-01,31.520196,74.356738,VOLTE,Gulberg
923001110002,923001110002,923009998888,410016748186677,35678901381916,2026-04-12 13:10:25,2026-04-12 13:37:32,OUTGOING,0,5690,197,CELL-LB-02,31.508997,74.343867,CALL,Liberty Market
923451112233,923009998886,923451112233,410019187767740,35678901980184,2026-04-12 13:17:39,2026-04-12 13:17:39,INCOMING,6613630,1823,381,CELL-MT-03,31.484064,74.323235,GPRS,Model Town
923001110002,923001110002,923009998885,410015949081413,35678901579988,2026-04-05 00:24:16,2026-04-05 00:24:16,OUTGOING,0,1050,777,CELL-DHA-05,31.470675,74.409216,SMS,DHA Phase 5
923461678183,923461678183,923009998884,410019136429690,35678901498235,2026-04-05 00:26:03,2026-04-05 00:26:03,OUTGOING,4874216,8156,739,CELL-DHA-05,31.469975,74.408824,GPRS,DHA Phase 5
923001110003,923009998885,923001110003,410019045400303,35678901503165,2026-04-03 12:14:03,2026-04-03 12:14:03,INCOMING,155690,1186,985,CELL-MT-03,31.484661,74.324444,GPRS,Model Town
923451112233,923009998883,923451112233,410018704836496,35678901434723,2026-04-08 01:00:36,2026-04-08 01:03:34,INCOMING,0,3931,598,CELL-GLB-01,31.521089,74.359312,VOLTE,Gulberg
923461678183,923009998885,923461678183,410014793947754,35678901969133,2026-04-12 13:52:37,2026-04-12 13:52:37,INCOMING,2855073,1054,422,CELL-ARP-08,31.521431,74.403947,GPRS,Airport Road
923461678183,923009998887,923461678183,410018122740795,35678901924628,2026-04-12 13:59:41,2026-04-12 13:59:41,INCOMING,0,5337,448,CELL-GLB-01,31.519164,74.357588,CALL,Gulberg
923001110001,923001110001,923009998882,410019816075107,35678901287798,2026-04-08 01:12:59,2026-04-08 01:12:59,OUTGOING,38084,2382,671,CELL-MT-03,31.483151,74.323954,GPRS,Model Town
923461678183,923461678183,923009998881,410016159234198,35678901645531,2026-04-03 12:19:10,2026-04-03 12:19:10,OUTGOING,4725327,7574,800,CELL-DHA-05,31.470858,74.41006,GPRS,DHA Phase 5
923001110002,923001110002,923009998884,410015808887590,35678901949251,2026-04-06 13:00:08,2026-04-06 13:00:08,OUTGOING,6049578,6675,261,CELL-ARP-08,31.521117,74.403894,GPRS,Airport Road
923331234567,923331234567,923009998886,410016954201138,35678901430293,2026-04-11 02:06:17,2026-04-11 02:21:32,OUTGOING,0,6138,851,CELL-DHA-05,31.470146,74.409868,VOLTE,DHA Phase 5
923331234567,923009998883,923331234567,410014397037251,35678901550512,2026-04-06 13:06:49,2026-04-06 13:06:49,INCOMING,3635092,5572,335,CELL-MT-03,31.484971,74.324852,GPRS,Model Town
923331234567,923331234567,923009998883,410012144977056,35678901939466,2026-04-05 00:46:40,2026-04-05 00:46:40,OUTGOING,2325301,4686,625,CELL-GLB-01,31.52015,74.359143,GPRS,Gulberg
923001110003,923009998883,923001110003,410019282527042,35678901741664,2026-04-05 00:48:10,2026-04-05 00:54:19,INCOMING,0,7918,994,CELL-ARP-08,31.522961,74.403968,VOLTE,Airport Road
923001110002,923001110002,923009998886,410014525042470,35678901781389,2026-04-12 14:55:46,2026-04-12 14:55:46,OUTGOING,0,6098,671,CELL-DHA-05,31.470213,74.411355,SMS,DHA Phase 5
923001110003,923009998887,923001110003,410012264682038,35678901433106,2026-04-05 00:52:51,2026-04-05 00:52:51,INCOMING,5481791,5250,285,CELL-LB-02,31.510901,74.343195,GPRS,Liberty Market
923001110003,923001110003,923009998888,410018206460384,35678901650379,2026-04-08 01:48:56,2026-04-08 01:48:56,OUTGOING,4237503,7701,467,CELL-DHA-05,31.469524,74.409861,GPRS,DHA Phase 5
923001110002,923009998886,923001110002,410019772689074,35678901704649,2026-04-12 15:16:25,2026-04-12 15:16:25,INCOMING,0,7735,468,CELL-MT-03,31.484895,74.321911,SMS,Model Town
923461678183,923461678183,923009998881,410017024244828,35678901865075,2026-04-06 13:27:10,2026-04-06 13:27:10,OUTGOING,0,7912,994,CELL-GLB-01,31.518561,74.360072,CALL,Gulberg
923461678183,923461678183,923009998886,410017253194699,35678901753433,2026-04-12 15:30:53,2026-04-12 15:30:53,OUTGOING,1738824,3314,719,CELL-LB-02,31.508721,74.343988,GPRS,Liberty Market
923331234567,923009998887,923331234567,410012864735822,35678901575082,2026-04-05 01:02:43,2026-04-05 01:02:43,INCOMING,5108183,4080,999,CELL-ARP-08,31.522582,74.404332,GPRS,Airport Road
923331234567,923331234567,923009998884,410016664896397,35678901125610,2026-04-11 03:12:43,2026-04-11 03:23:30,OUTGOING,0,7528,306,CELL-MT-03,31.483239,74.324118,CALL,Model Town
923461678183,923461678183,923009998883,410014116945916,35678901352881,2026-04-05 01:06:51,2026-04-05 01:27:49,OUTGOING,0,6054,403,CELL-DHA-05,31.469731,74.408576,VOLTE,DHA Phase 5
923451112233,923009998885,923451112233,410013251840405,35678901369640,2026-04-08 02:16:36,2026-04-08 02:16:36,INCOMING,512470,2058,580,CELL-LB-02,31.510869,74.343846,GPRS,Liberty Market
923001110001,923001110001,923009998882,410013763548633,35678901722763,2026-04-03 12:35:52,2026-04-03 12:35:52,OUTGOING,0,2337,232,CELL-LB-02,31.509785,74.344531,SMS,Liberty Market
923001110003,923001110003,923009998881,410017377933765,35678901720400,2026-04-12 16:12:51,2026-04-12 16:12:51,OUTGOING,567067,5614,259,CELL-LB-02,31.509256,74.342823,GPRS,Liberty Market
923331234567,923009998887,923331234567,410018967535464,35678901834091,2026-04-08 02:28:56,2026-04-08 02:28:56,INCOMING,1562660,1640,732,CELL-GLB-01,31.519946,74.358024,GPRS,Gulberg
923331234567,923331234567,923009998887,410012283058717,35678901591693,2026-04-05 01:16:37,2026-04-05 01:16:37,OUTGOING,1317501,6932,804,CELL-MT-03,31.482704,74.323622,GPRS,Model Town
923001110001,923001110001,923009998888,410019943781311,35678901465683,2026-04-08 02:36:19,2026-04-08 02:36:19,OUTGOING,1542089,8821,333,CELL-MT-03,31.482535,74.323223,GPRS,Model Town
923001110002,923009998885,923001110002,410011221830567,35678901428626,2026-04-05 01:20:20,2026-04-05 01:20:20,INCOMING,6926795,3266,833,CELL-LB-02,31.510616,74.345724,GPRS,Liberty Market
923451112233,923009998881,923451112233,410018981154118,35678901480014,2026-04-11 04:06:31,2026-04-11 04:06:31,INCOMING,3852696,1854,531,CELL-LB-02,31.511213,74.345108,GPRS,Liberty Market
923001110003,923009998887,923001110003,410013069040618,35678901636552,2026-04-05 01:24:49,2026-04-05 01:48:26,INCOMING,0,7478,262,CELL-GLB-01,31.52012,74.35728,CALL,Gulberg
923451112233,923451112233,923009998886,410016130713000,35678901958050,2026-04-05 01:26:53,2026-04-05 01:35:46,OUTGOING,0,1812,706,CELL-LB-02,31.510317,74.342582,CALL,Liberty Market
923001110002,923009998884,923001110002,410016641953598,35678901333395,2026-04-09 15:40:33,2026-04-09 16:00:51,INCOMING,0,8150,378,CELL-LB-02,31.510698,74.342154,CALL,Liberty Market
923331234567,923331234567,923009998885,410014326679783,35678901343078,2026-04-11 04:30:56,2026-04-11 04:54:05,OUTGOING,0,5721,641,CELL-DHA-05,31.470841,74.408129,CALL,DHA Phase 5
923001110002,923001110002,923009998888,410015439436760,35678901704387,2026-04-03 12:46:06,2026-04-03 12:46:06,OUTGOING,2137369,3840,132,CELL-LB-02,31.509776,74.345834,GPRS,Liberty Market
923331234567,923331234567,923009998881,410018859097494,35678901989167,2026-04-03 12:47:39,2026-04-03 12:47:39,OUTGOING,1256,9773,564,CELL-GLB-01,31.521094,74.357021,GPRS,Gulberg
923461678183,923461678183,923009998885,410019987714860,35678901409889,2026-04-08 03:12:59,2026-04-08 03:12:59,OUTGOING,0,5065,446,CELL-MT-03,31.483434,74.324639,CALL,Model Town
923451112233,923451112233,923009998881,410013552762645,35678901727465,2026-04-08 03:16:51,2026-04-08 03:16:51,OUTGOING,0,7153,268,CELL-MT-03,31.483043,74.324857,SMS,Model Town
923001110002,923001110002,923009998887,410014958684255,35678901895260,2026-04-12 17:50:07,2026-04-12 17:50:07,OUTGOING,3079283,9966,759,CELL-LB-02,31.51022,74.342817,GPRS,Liberty Market
923331234567,923331234567,923009998885,410011740452032,35678901868584,2026-04-03 12:51:14,2026-04-03 12:53:43,OUTGOING,0,2503,689,CELL-GLB-01,31.520996,74.358733,CALL,Gulberg
923001110002,923009998884,923001110002,410012796548036,35678901795224,2026-04-06 14:36:50,2026-04-06 14:36:50,INCOMING,603221,7617,522,CELL-GLB-01,31.52206,74.358976,GPRS,Gulberg
923331234567,923331234567,923009998882,410013536901741,35678901461780,2026-04-06 14:39:30,2026-04-06 14:39:30,OUTGOING,4586481,7111,784,CELL-GLB-01,31.519474,74.359781,GPRS,Gulberg
923001110002,923001110002,923009998888,410017024365274,35678901210367,2026-04-11 05:24:12,2026-04-11 05:24:12,OUTGOING,4220195,3424,478,CELL-ARP-08,31.522693,74.404043,GPRS,Airport Road
923001110002,923009998887,923001110002,410014788536977,35678901965126,2026-04-03 12:55:01,2026-04-03 12:55:01,INCOMING,4268117,9465,491,CELL-MT-03,31.481827,74.324721,GPRS,Model Town
923451112233,923009998887,923451112233,410013029776925,35678901502236,2026-04-05 01:52:11,2026-04-05 01:52:11,INCOMING,2951975,3794,384,CELL-MT-03,31.484962,74.322187,GPRS,Model Town
923001110003,923001110003,923009998885,410016911326382,35678901282440,2026-04-08 03:48:19,2026-04-08 03:48:19,OUTGOING,2258467,8508,865,CELL-MT-03,31.484142,74.321852,GPRS,Model Town
923001110003,923009998888,923001110003,410018896763498,35678901240945,2026-04-08 03:52:04,2026-04-08 03:52:04,INCOMING,5364054,2343,641,CELL-GLB-01,31.518471,74.359584,GPRS,Gulberg
923001110003,923009998886,923001110003,410012952905049,35678901277713,2026-04-03 12:59:14,2026-04-03 12:59:14,INCOMING,241103,5612,138,CELL-MT-03,31.482783,74.323724,GPRS,Model Town
923451112233,923451112233,923009998885,410015451601608,35678901169556,2026-04-12 19:00:46,2026-04-12 19:00:46,OUTGOING,0,5511,306,CELL-ARP-08,31.520748,74.402289,CALL,Airport Road
923331234567,923331234567,923009998886,410015851792390,35678901852234,2026-04-09 17:05:29,2026-04-09 17:13:23,OUTGOING,0,2369,149,CELL-LB-02,31.510664,74.345191,CALL,Liberty Market
923331234567,923009998885,923331234567,410015213153874,35678901665845,2026-04-12 19:14:45,2026-04-12 19:24:00,INCOMING,0,2640,574,CELL-DHA-05,31.469688,74.409127,VOLTE,DHA Phase 5
923001110003,923009998882,923001110003,410017834327375,35678901133428,2026-04-03 13:03:05,2026-04-03 13:25:08,INCOMING,0,1085,585,CELL-LB-02,31.511683,74.343761,CALL,Liberty Market
923001110001,923001110001,923009998887,410015788568558,35678901191069,2026-04-05 02:08:53,2026-04-05 02:08:53,OUTGOING,5900178,3149,923,CELL-MT-03,31.48495,74.32357,GPRS,Model Town
923331234567,923009998888,923331234567,410019685057631,35678901143217,2026-04-03 13:05:58,2026-04-03 13:05:58,INCOMING,6259858,8957,269,CELL-DHA-05,31.469138,74.410477,GPRS,DHA Phase 5
923001110002,923001110002,923009998885,410012735111570,35678901664312,2026-04-05 02:12:55,2026-04-05 02:12:55,OUTGOING,7376247,8150,811,CELL-ARP-08,31.522879,74.402955,GPRS,Airport Road
923461678183,923009998885,923461678183,410016240788168,35678901235934,2026-04-09 17:35:02,2026-04-09 17:40:14,INCOMING,0,2873,745,CELL-MT-03,31.483574,74.324344,CALL,Model Town
923331234567,923331234567,923009998881,410015257144425,35678901858513,2026-04-09 17:40:15,2026-04-09 17:40:15,OUTGOING,990493,2777,830,CELL-ARP-08,31.520879,74.401905,GPRS,Airport Road
923001110002,923001110002,923009998882,410017166906192,35678901417576,2026-04-09 17:45:08,2026-04-09 17:45:08,OUTGOING,1215199,7209,632,CELL-ARP-08,31.522908,74.404487,GPRS,Airport Road
923331234567,923009998882,923331234567,410017667002116,35678901982492,2026-04-03 13:10:14,2026-04-03 13:10:14,INCOMING,0,1425,800,CELL-ARP-08,31.522784,74.401776,SMS,Airport Road
923001110003,923009998887,923001110003,410018543723229,35678901964807,2026-04-11 07:06:02,2026-04-11 07:06:02,INCOMING,949324,5979,736,CELL-GLB-01,31.519498,74.358035,GPRS,Gulberg
923331234567,923331234567,923009998882,410014525788641,35678901190295,2026-04-11 07:12:47,2026-04-11 07:12:47,OUTGOING,2124705,2513,944,CELL-LB-02,31.508889,74.343874,GPRS,Liberty Market
923001110002,923001110002,923009998888,410014168439726,35678901250832,2026-04-12 20:31:20,2026-04-12 20:31:20,OUTGOING,2057401,8076,773,CELL-GLB-01,31.519021,74.357812,GPRS,Gulberg
923331234567,923009998881,923331234567,410018730186651,35678901623314,2026-04-11 07:24:34,2026-04-11 07:24:34,INCOMING,4689135,5433,384,CELL-DHA-05,31.468308,74.408333,GPRS,DHA Phase 5
923001110001,923009998887,923001110001,410019290874820,35678901918362,2026-04-05 02:30:04,2026-04-05 02:54:19,INCOMING,0,7110,965,CELL-ARP-08,31.520143,74.404749,VOLTE,Airport Road
923001110001,923009998886,923001110001,410011871381553,35678901881324,2026-04-08 05:04:35,2026-04-08 05:30:46,INCOMING,0,2941,480,CELL-ARP-08,31.522488,74.40214,VOLTE,Airport Road
923001110001,923001110001,923009998884,410019215202760,35678901778637,2026-04-11 07:42:46,2026-04-11 08:00:07,OUTGOING,0,7204,126,CELL-MT-03,31.484475,74.322177,CALL,Model Town
923331234567,923331234567,923009998888,410012880191108,35678901681762,2026-04-05 02:36:01,2026-04-05 02:55:49,OUTGOING,0,7431,570,CELL-LB-02,31.508284,74.345641,CALL,Liberty Market
923001110001,923009998885,923001110001,410017253171716,35678901404193,2026-04-12 21:13:14,2026-04-12 21:13:14,INCOMING,4210148,1971,603,CELL-GLB-01,31.518597,74.359332,GPRS,Gulberg
923001110003,923001110003,923009998884,410013814154647,35678901585227,2026-04-06 16:00:12,2026-04-06 16:26:13,OUTGOING,0,9983,604,CELL-GLB-01,31.519069,74.358548,CALL,Gulberg
923451112233,923009998882,923451112233,410014733317045,35678901949469,2026-04-11 08:06:33,2026-04-11 08:30:54,INCOMING,0,1213,876,CELL-DHA-05,31.469676,74.408466,CALL,DHA Phase 5
923451112233,923009998888,923451112233,410013954914201,35678901850605,2026-04-08 05:28:49,2026-04-08 05:28:49,INCOMING,3634519,1721,509,CELL-MT-03,31.484924,74.32277,GPRS,Model Town
923461678183,923009998882,923461678183,410018573176978,35678901355684,2026-04-03 13:23:11,2026-04-03 13:23:11,INCOMING,2915954,6274,796,CELL-GLB-01,31.519837,74.358195,GPRS,Gulberg
923461678183,923461678183,923009998883,410016993574058,35678901644399,2026-04-06 16:12:47,2026-04-06 16:12:47,OUTGOING,1138549,5427,918,CELL-MT-03,31.485158,74.322316,GPRS,Model Town
923001110003,923009998883,923001110003,410015525957181,35678901922198,2026-04-09 19:05:41,2026-04-09 19:08:40,INCOMING,0,3080,230,CELL-GLB-01,31.520127,74.357498,VOLTE,Gulberg
923331234567,923009998887,923331234567,410012108014280,35678901475692,2026-04-05 02:52:40,2026-04-05 02:52:40,INCOMING,2077672,6220,986,CELL-GLB-01,31.520023,74.359577,GPRS,Gulberg
923331234567,923009998886,923331234567,410012754508759,35678901630060,2026-04-11 08:42:45,2026-04-11 08:42:45,INCOMING,0,2239,344,CELL-GLB-01,31.52079,74.358978,CALL,Gulberg
923331234567,923331234567,923009998882,410011810214509,35678901275981,2026-04-06 16:24:07,2026-04-06 16:24:07,OUTGOING,0,4124,716,CELL-DHA-05,31.469625,74.409334,SMS,DHA Phase 5
923001110001,923009998887,923001110001,410012611760793,35678901524058,2026-04-08 05:56:59,2026-04-08 05:56:59,INCOMING,0,9985,290,CELL-MT-03,31.483458,74.323402,SMS,Model Town
923001110001,923001110001,923009998886,410017566332656,35678901750289,2026-04-06 16:30:16,2026-04-06 16:57:52,OUTGOING,0,5781,547,CELL-MT-03,31.484922,74.324707,CALL,Model Town
923451112233,923451112233,923009998887,410019639550507,35678901723247,2026-04-08 06:04:14,2026-04-08 06:04:14,OUTGOING,6799228,8036,281,CELL-GLB-01,31.521049,74.360182,GPRS,Gulberg
923331234567,923009998885,923331234567,410011708831214,35678901738389,2026-04-03 13:32:03,2026-04-03 13:32:03,INCOMING,7452395,9689,703,CELL-MT-03,31.481385,74.321044,GPRS,Model Town
923001110002,923009998886,923001110002,410017354503645,35678901778142,2026-04-08 06:12:03,2026-04-08 06:12:03,INCOMING,6527584,5781,268,CELL-ARP-08,31.519828,74.404427,GPRS,Airport Road
923451112233,923451112233,923009998887,410015404824932,35678901916881,2026-04-08 06:16:41,2026-04-08 06:43:38,OUTGOING,0,8391,232,CELL-MT-03,31.482716,74.32111,VOLTE,Model Town
923001110001,923001110001,923009998886,410017547752623,35678901232163,2026-04-03 13:35:09,2026-04-03 13:55:00,OUTGOING,0,9149,546,CELL-DHA-05,31.468249,74.411375,CALL,DHA Phase 5
923331234567,923331234567,923009998881,410016968721789,35678901185496,2026-04-09 20:00:17,2026-04-09 20:05:55,OUTGOING,0,5080,355,CELL-MT-03,31.483063,74.321821,CALL,Model Town
923461678183,923461678183,923009998888,410013256924955,35678901401348,2026-04-09 20:05:37,2026-04-09 20:05:37,OUTGOING,770128,2249,923,CELL-MT-03,31.484685,74.321867,GPRS,Model Town
923451112233,923451112233,923009998881,410019558536512,35678901504446,2026-04-03 13:38:53,2026-04-03 14:00:54,OUTGOING,0,4862,520,CELL-LB-02,31.510203,74.345482,CALL,Liberty Market
923451112233,923009998883,923451112233,410013575609693,35678901107052,2026-04-11 09:54:21,2026-04-11 10:05:21,INCOMING,0,4658,484,CELL-DHA-05,31.471039,74.40874,VOLTE,DHA Phase 5
923461678183,923461678183,923009998886,410013990183694,35678901938432,2026-04-03 13:40:58,2026-04-03 13:40:58,OUTGOING,7836601,8758,762,CELL-ARP-08,31.523139,74.405419,GPRS,Airport Road
923451112233,923009998886,923451112233,410019094668270,35678901430324,2026-04-11 10:06:59,2026-04-11 10:06:59,INCOMING,0,8274,876,CELL-DHA-05,31.468566,74.408216,SMS,DHA Phase 5
923331234567,923331234567,923009998883,410013675636605,35678901226978,2026-04-08 06:48:49,2026-04-08 06:48:49,OUTGOING,0,7066,204,CELL-DHA-05,31.470777,74.410044,SMS,DHA Phase 5
923001110002,923009998883,923001110002,410012509827243,35678901738844,2026-04-03 13:43:42,2026-04-03 14:04:38,INCOMING,0,7321,736,CELL-DHA-05,31.471458,74.411493,VOLTE,DHA Phase 5
923331234567,923009998888,923331234567,410012840551052,35678901186209,2026-04-05 03:28:16,2026-04-05 03:28:16,INCOMING,0,7580,246,CELL-DHA-05,31.468228,74.409105,SMS,DHA Phase 5
923331234567,923331234567,923009998888,410016331141039,35678901134843,2026-04-11 10:30:29,2026-04-11 10:30:29,OUTGOING,7321414,8062,734,CELL-LB-02,31.51152,74.345293,GPRS,Liberty Market
923331234567,923009998881,923331234567,410012250111915,35678901203913,2026-04-11 10:36:57,2026-04-11 10:36:57,INCOMING,3999698,9790,726,CELL-GLB-01,31.519373,74.359222,GPRS,Gulberg
923001110001,923001110001,923009998888,410011620062901,35678901662813,2026-04-03 13:47:04,2026-04-03 13:47:04,OUTGOING,6340604,1473,130,CELL-MT-03,31.481265,74.323763,GPRS,Model Town
923001110001,923009998887,923001110001,410013105129212,35678901449830,2026-04-08 07:12:43,2026-04-08 07:12:43,INCOMING,7198100,1092,858,CELL-GLB-01,31.521379,74.357033,GPRS,Gulberg
923451112233,923451112233,923009998886,410012272409805,35678901347730,2026-04-06 17:27:10,2026-04-06 17:27:10,OUTGOING,3221862,5950,749,CELL-ARP-08,31.519947,74.401897,GPRS,Airport Road
923331234567,923009998883,923331234567,410017999798725,35678901261792,2026-04-09 21:10:40,2026-04-09 21:10:40,INCOMING,5672417,5610,946,CELL-LB-02,31.510184,74.344395,GPRS,Liberty Market
923001110003,923009998884,923001110003,410015765398071,35678901890705,2026-04-13 00:57:42,2026-04-13 00:57:42,INCOMING,0,9675,183,CELL-MT-03,31.483618,74.322494,SMS,Model Town
923461678183,923009998885,923461678183,410012296252741,35678901258373,2026-04-06 17:36:34,2026-04-06 18:03:39,INCOMING,0,5826,732,CELL-ARP-08,31.522977,74.401786,CALL,Airport Road
923001110003,923009998887,923001110003,410015038365124,35678901372859,2026-04-08 07:32:10,2026-04-08 07:32:10,INCOMING,472388,8052,579,CELL-GLB-01,31.5222,74.357946,GPRS,Gulberg
923001110001,923001110001,923009998883,410015292598063,35678901487305,2026-04-13 01:18:31,2026-04-13 01:18:31,OUTGOING,2264398,8727,760,CELL-GLB-01,31.518504,74.360277,GPRS,Gulberg
923331234567,923331234567,923009998882,410012675852340,35678901985763,2026-04-11 11:30:59,2026-04-11 11:30:59,OUTGOING,0,3027,527,CELL-DHA-05,31.468294,74.411287,VOLTE,DHA Phase 5
923001110002,923001110002,923009998888,410018636192807,35678901562129,2026-04-11 11:36:57,2026-04-11 11:36:57,OUTGOING,6983165,2887,791,CELL-ARP-08,31.521698,74.403679,GPRS,Airport Road
923451112233,923009998888,923451112233,410016032479944,35678901430732,2026-04-05 03:54:26,2026-04-05 03:54:26,INCOMING,4673050,2207,374,CELL-GLB-01,31.519161,74.360531,GPRS,Gulberg
923001110002,923009998885,923001110002,410012120921702,35678901324310,2026-04-06 17:54:05,2026-04-06 17:54:05,INCOMING,1710688,6327,269,CELL-ARP-08,31.520564,74.404856,GPRS,Airport Road
923001110001,923009998887,923001110001,410018321359230,35678901887150,2026-04-08 07:56:27,2026-04-08 07:56:27,INCOMING,4846698,9856,666,CELL-MT-03,31.484503,74.322064,GPRS,Model Town
923331234567,923331234567,923009998885,410017834948700,35678901138434,2026-04-06 18:00:43,2026-04-06 18:00:43,OUTGOING,132271,1058,461,CELL-MT-03,31.485019,74.322306,GPRS,Model Town
923461678183,923009998882,923461678183,410012683582762,35678901911415,2026-04-06 18:03:48,2026-04-06 18:12:05,INCOMING,0,7490,208,CELL-LB-02,31.508433,74.344629,VOLTE,Liberty Market
923001110001,923001110001,923009998881,410015052385705,35678901462080,2026-04-09 22:10:55,2026-04-09 22:10:55,OUTGOING,5734175,3369,627,CELL-MT-03,31.48334,74.324645,GPRS,Model Town
923461678183,923009998883,923461678183,410014275609010,35678901529060,2026-04-08 08:12:27,2026-04-08 08:22:35,INCOMING,0,6846,505,CELL-ARP-08,31.522204,74.402429,CALL,Airport Road
923461678183,923461678183,923009998882,410018079735987,35678901603609,2026-04-13 02:28:34,2026-04-13 02:28:34,OUTGOING,0,8990,134,CELL-ARP-08,31.521643,74.401905,SMS,Airport Road
923001110003,923001110003,923009998885,410014499017098,35678901444070,2026-04-05 04:10:15,2026-04-05 04:10:15,OUTGOING,2719126,9398,179,CELL-LB-02,31.509907,74.345104,GPRS,Liberty Market
923001110001,923001110001,923009998884,410017103767602,35678901809226,2026-04-13 02:42:25,2026-04-13 02:42:25,OUTGOING,0,1905,758,CELL-DHA-05,31.469617,74.410992,SMS,DHA Phase 5
923001110003,923009998888,923001110003,410016330037354,35678901789073,2026-04-11 12:42:09,2026-04-11 12:42:41,INCOMING,0,7681,441,CELL-DHA-05,31.468966,74.409034,CALL,DHA Phase 5
923461678183,923461678183,923009998888,410019610152865,35678901118813,2026-04-08 08:32:59,2026-04-08 08:32:59,OUTGOING,0,5633,543,CELL-ARP-08,31.521256,74.404669,CALL,Airport Road
923451112233,923451112233,923009998884,410012201629922,35678901998671,2026-04-03 14:09:15,2026-04-03 14:09:15,OUTGOING,6647748,5008,365,CELL-LB-02,31.508664,74.344963,GPRS,Liberty Market
923331234567,923331234567,923009998888,410013328661838,35678901710784,2026-04-11 13:00:19,2026-04-11 13:21:49,OUTGOING,0,1897,168,CELL-DHA-05,31.469241,74.408145,VOLTE,DHA Phase 5
923331234567,923009998886,923331234567,410014909545425,35678901875912,2026-04-09 22:55:19,2026-04-09 22:55:19,INCOMING,6903199,3544,392,CELL-GLB-01,31.519303,74.357359,GPRS,Gulberg
923001110001,923009998884,923001110001,410015006127209,35678901345282,2026-04-06 18:36:08,2026-04-06 19:01:57,INCOMING,0,1641,983,CELL-DHA-05,31.471239,74.407847,VOLTE,DHA Phase 5
923331234567,923009998881,923331234567,410015197563700,35678901485950,2026-04-06 18:39:16,2026-04-06 18:39:16,INCOMING,3008600,2212,686,CELL-MT-03,31.481436,74.324295,GPRS,Model Town
923461678183,923009998886,923461678183,410017214244586,35678901990614,2026-04-11 13:24:41,2026-04-11 13:24:41,INCOMING,5781434,1441,395,CELL-DHA-05,31.470227,74.410877,GPRS,DHA Phase 5
923461678183,923461678183,923009998888,410014057899408,35678901596048,2026-04-09 23:15:48,2026-04-09 23:15:48,OUTGOING,4164721,6399,371,CELL-MT-03,31.482264,74.321326,GPRS,Model Town
923001110002,923001110002,923009998888,410014655998694,35678901785491,2026-04-09 23:20:05,2026-04-09 23:20:05,OUTGOING,0,7927,693,CELL-LB-02,31.510638,74.343816,SMS,Liberty Market
923451112233,923009998888,923451112233,410011763737928,35678901661458,2026-04-05 04:34:25,2026-04-05 04:34:25,INCOMING,2826976,7449,524,CELL-ARP-08,31.520509,74.404283,GPRS,Airport Road
923461678183,923009998886,923461678183,410015202518487,35678901387224,2026-04-03 14:18:58,2026-04-03 14:18:58,INCOMING,5443775,1700,764,CELL-MT-03,31.483117,74.323493,GPRS,Model Town
923451112233,923451112233,923009998882,410017263747402,35678901462228,2026-04-08 09:16:13,2026-04-08 09:16:13,OUTGOING,7539169,8463,746,CELL-MT-03,31.48188,74.323931,GPRS,Model Town
923001110001,923001110001,923009998887,410014486240099,35678901133291,2026-04-06 19:00:02,2026-04-06 19:00:02,OUTGOING,6855302,7423,651,CELL-ARP-08,31.522702,74.403722,GPRS,Airport Road
923001110003,923009998881,923001110003,410017369188159,35678901891735,2026-04-08 09:24:55,2026-04-08 09:24:55,INCOMING,0,8438,159,CELL-DHA-05,31.469546,74.409129,SMS,DHA Phase 5
923451112233,923009998886,923451112233,410014788818607,35678901801416,2026-04-08 09:28:16,2026-04-08 09:56:11,INCOMING,0,3900,100,CELL-LB-02,31.509782,74.345748,VOLTE,Liberty Market
923001110003,923009998881,923001110003,410013525490710,35678901813900,2026-04-13 04:41:44,2026-04-13 04:41:44,INCOMING,0,4993,458,CELL-ARP-08,31.523379,74.402934,SMS,Airport Road
923451112233,923451112233,923009998884,410013779116118,35678901676688,2026-04-08 09:36:27,2026-04-08 09:36:27,OUTGOING,7360723,7423,808,CELL-GLB-01,31.518615,74.359759,GPRS,Gulberg
923001110001,923001110001,923009998882,410013021055338,35678901173466,2026-04-11 14:30:59,2026-04-11 14:30:59,OUTGOING,0,8842,706,CELL-DHA-05,31.470194,74.410371,SMS,DHA Phase 5
923331234567,923331234567,923009998881,410016576523599,35678901159855,2026-04-11 14:36:11,2026-04-11 14:36:11,OUTGOING,0,2212,996,CELL-MT-03,31.481519,74.324047,SMS,Model Town
923331234567,923009998883,923331234567,410014418511814,35678901116609,2026-04-06 19:21:39,2026-04-06 19:21:39,INCOMING,3911635,4999,586,CELL-GLB-01,31.519184,74.35927,GPRS,Gulberg
923451112233,923451112233,923009998882,410018827773470,35678901546634,2026-04-06 19:24:32,2026-04-06 19:24:32,OUTGOING,6310187,9309,843,CELL-LB-02,31.512036,74.34466,GPRS,Liberty Market
923461678183,923461678183,923009998885,410012197435083,35678901846222,2026-04-06 19:27:00,2026-04-06 19:27:00,OUTGOING,1598279,1681,474,CELL-LB-02,31.511291,74.344144,GPRS,Liberty Market
923451112233,923009998883,923451112233,410019234373007,35678901828292,2026-04-10 00:30:57,2026-04-10 00:42:19,INCOMING,0,5988,991,CELL-ARP-08,31.522971,74.405045,CALL,Airport Road
923001110003,923009998884,923001110003,410012401333889,35678901611534,2026-04-10 00:35:54,2026-04-10 00:41:27,INCOMING,0,2079,711,CELL-MT-03,31.483317,74.322073,CALL,Model Town
923001110001,923009998882,923001110001,410019892210994,35678901865226,2026-04-10 00:40:16,2026-04-10 00:40:16,INCOMING,0,3761,627,CELL-MT-03,31.483063,74.322649,SMS,Model Town
923461678183,923461678183,923009998888,410016911264094,35678901204880,2026-04-11 15:18:56,2026-04-11 15:18:56,OUTGOING,5256155,5521,898,CELL-GLB-01,31.519138,74.35876,GPRS,Gulberg
923001110002,923001110002,923009998882,410012144354021,35678901497519,2026-04-06 19:42:11,2026-04-06 19:42:11,OUTGOING,7998875,4339,855,CELL-DHA-05,31.468605,74.410363,GPRS,DHA Phase 5
923001110003,923001110003,923009998881,410018872400474,35678901743600,2026-04-13 06:05:35,2026-04-13 06:05:35,OUTGOING,7141085,6320,352,CELL-LB-02,31.509356,74.346029,GPRS,Liberty Market
923331234567,923009998884,923331234567,410017656215018,35678901630980,2026-04-03 14:36:39,2026-04-03 14:36:39,INCOMING,4207351,7331,365,CELL-GLB-01,31.51856,74.358116,GPRS,Gulberg
923331234567,923331234567,923009998888,410018764128163,35678901674918,2026-04-05 05:14:42,2026-04-05 05:14:42,OUTGOING,6628119,6113,295,CELL-ARP-08,31.520694,74.403887,GPRS,Airport Road
923001110001,923009998886,923001110001,410016636650382,35678901476917,2026-04-10 01:10:12,2026-04-10 01:11:08,INCOMING,0,7987,602,CELL-LB-02,31.51171,74.343251,VOLTE,Liberty Market
923001110003,923001110003,923009998881,410018550319721,35678901117515,2026-04-13 06:33:03,2026-04-13 06:33:03,OUTGOING,5334966,5020,824,CELL-GLB-01,31.521868,74.360467,GPRS,Gulberg
923461678183,923009998882,923461678183,410013582467806,35678901961920,2026-04-06 20:00:54,2026-04-06 20:00:54,INCOMING,7847337,9265,751,CELL-MT-03,31.481512,74.323575,GPRS,Model Town
923001110001,923009998883,923001110001,410012045835833,35678901890069,2026-04-13 06:47:14,2026-04-13 06:47:14,INCOMING,0,4312,256,CELL-LB-02,31.510243,74.345997,CALL,Liberty Market
923451112233,923009998881,923451112233,410016169935334,35678901332803,2026-04-10 01:30:29,2026-04-10 01:30:29,INCOMING,439159,8348,668,CELL-LB-02,31.512167,74.346003,GPRS,Liberty Market
923001110002,923009998884,923001110002,410014616347443,35678901577330,2026-04-05 05:26:03,2026-04-05 05:26:03,INCOMING,7999818,2985,896,CELL-LB-02,31.511622,74.344986,GPRS,Liberty Market
923461678183,923009998884,923461678183,410012960426587,35678901381692,2026-04-05 05:28:32,2026-04-05 05:28:32,INCOMING,5466780,2804,142,CELL-ARP-08,31.520916,74.405053,GPRS,Airport Road
923001110001,923009998888,923001110001,410019846775427,35678901525099,2026-04-11 16:30:16,2026-04-11 16:30:16,INCOMING,3061479,4380,444,CELL-MT-03,31.481664,74.324397,GPRS,Model Town
923331234567,923009998885,923331234567,410013195561589,35678901199858,2026-04-10 01:50:24,2026-04-10 01:50:24,INCOMING,3121911,8367,525,CELL-LB-02,31.509357,74.343455,GPRS,Liberty Market
923001110001,923001110001,923009998885,410011131171061,35678901924771,2026-04-10 01:55:23,2026-04-10 01:55:23,OUTGOING,5685436,3620,924,CELL-LB-02,31.509538,74.343847,GPRS,Liberty Market
923451112233,923009998881,923451112233,410013167875198,35678901469578,2026-04-05 05:36:09,2026-04-05 05:36:09,INCOMING,5833772,2405,710,CELL-MT-03,31.484922,74.323901,GPRS,Model Town
923001110001,923001110001,923009998881,410011315406138,35678901461121,2026-04-08 11:16:12,2026-04-08 11:16:12,OUTGOING,4399941,3726,666,CELL-ARP-08,31.522359,74.403505,GPRS,Airport Road
923001110003,923009998886,923001110003,410011135063773,35678901406421,2026-04-08 11:20:19,2026-04-08 11:20:19,INCOMING,780149,8992,220,CELL-GLB-01,31.520193,74.357257,GPRS,Gulberg
923001110002,923009998883,923001110002,410012618131970,35678901106644,2026-04-03 14:51:13,2026-04-03 14:51:13,INCOMING,7800530,4195,774,CELL-MT-03,31.485072,74.323876,GPRS,Model Town
923451112233,923451112233,923009998881,410016864304655,35678901618737,2026-04-13 08:04:29,2026-04-13 08:04:29,OUTGOING,0,2337,318,CELL-ARP-08,31.523127,74.401644,SMS,Airport Road
923461678183,923461678183,923009998887,410019454323338,35678901299282,2026-04-11 17:18:46,2026-04-11 17:18:46,OUTGOING,1955707,8864,910,CELL-MT-03,31.483128,74.322103,GPRS,Model Town
923331234567,923331234567,923009998888,410012167492202,35678901589595,2026-04-06 20:42:28,2026-04-06 20:42:28,OUTGOING,3335431,8444,113,CELL-DHA-05,31.467959,74.41094,GPRS,DHA Phase 5
923331234567,923331234567,923009998885,410012308829851,35678901406905,2026-04-03 14:55:58,2026-04-03 14:55:58,OUTGOING,1569678,9402,517,CELL-MT-03,31.483524,74.324623,GPRS,Model Town
923001110003,923001110003,923009998886,410013772776801,35678901336031,2026-04-03 14:56:48,2026-04-03 15:05:28,OUTGOING,0,7163,796,CELL-MT-03,31.484608,74.323364,VOLTE,Model Town
923001110003,923001110003,923009998888,410016289841247,35678901623056,2026-04-03 14:57:15,2026-04-03 14:57:15,OUTGOING,0,5550,968,CELL-MT-03,31.48314,74.32273,SMS,Model Town
923451112233,923451112233,923009998887,410014753155310,35678901911461,2026-04-06 20:54:35,2026-04-06 20:54:35,OUTGOING,5166205,1143,442,CELL-ARP-08,31.520341,74.402559,GPRS,Airport Road
923331234567,923009998885,923331234567,410013115875039,35678901149830,2026-04-11 17:54:25,2026-04-11 18:22:44,INCOMING,0,3098,654,CELL-DHA-05,31.468154,74.410712,VOLTE,DHA Phase 5
923451112233,923451112233,923009998885,410019537612471,35678901783299,2026-04-11 18:00:39,2026-04-11 18:00:39,OUTGOING,1958082,3235,243,CELL-ARP-08,31.520551,74.404841,GPRS,Airport Road
923001110001,923001110001,923009998885,410012021235268,35678901953871,2026-04-10 03:05:25,2026-04-10 03:05:25,OUTGOING,0,2973,453,CELL-DHA-05,31.470426,74.407835,SMS,DHA Phase 5
923001110001,923001110001,923009998887,410014285210175,35678901700737,2026-04-05 06:04:42,2026-04-05 06:04:42,OUTGOING,5394524,7526,997,CELL-MT-03,31.483522,74.322435,GPRS,Model Town
923461678183,923009998883,923461678183,410013128023005,35678901572326,2026-04-13 09:21:54,2026-04-13 09:26:56,INCOMING,0,7742,763,CELL-ARP-08,31.520448,74.402827,VOLTE,Airport Road
923331234567,923009998888,923331234567,410013611204121,35678901733818,2026-04-06 21:12:10,2026-04-06 21:38:18,INCOMING,0,6445,591,CELL-GLB-01,31.520781,74.35771,VOLTE,Gulberg
923001110001,923001110001,923009998884,410014808839926,35678901530361,2026-04-05 06:10:51,2026-04-05 06:10:51,OUTGOING,0,8417,703,CELL-GLB-01,31.52143,74.36026,SMS,Gulberg
923451112233,923009998881,923451112233,410016620398868,35678901208190,2026-04-10 03:30:52,2026-04-10 03:45:02,INCOMING,0,4813,684,CELL-LB-02,31.508948,74.344325,VOLTE,Liberty Market
923461678183,923009998882,923461678183,410017215272493,35678901156162,2026-04-11 18:42:25,2026-04-11 18:42:25,INCOMING,0,4947,451,CELL-LB-02,31.511721,74.345297,SMS,Liberty Market
923001110001,923001110001,923009998883,410015114627582,35678901451972,2026-04-11 18:48:56,2026-04-11 18:48:56,OUTGOING,2207382,8556,618,CELL-DHA-05,31.470814,74.411479,GPRS,DHA Phase 5
923451112233,923451112233,923009998884,410012299881757,35678901773136,2026-04-03 15:09:58,2026-04-03 15:28:32,OUTGOING,0,4261,601,CELL-GLB-01,31.518692,74.360057,VOLTE,Gulberg
923331234567,923009998883,923331234567,410014355517399,35678901168583,2026-04-10 03:50:52,2026-04-10 03:50:52,INCOMING,657591,6556,967,CELL-GLB-01,31.520375,74.357687,GPRS,Gulberg
923001110003,923009998884,923001110003,410018177397954,35678901327613,2026-04-05 06:22:12,2026-04-05 06:22:12,INCOMING,3370207,4231,383,CELL-ARP-08,31.519681,74.402894,GPRS,Airport Road
923001110001,923009998888,923001110001,410013547400295,35678901524679,2026-04-10 04:00:07,2026-04-10 04:28:53,INCOMING,0,5873,707,CELL-LB-02,31.510267,74.344344,CALL,Liberty Market
923001110001,923009998887,923001110001,410014680197242,35678901298203,2026-04-10 04:05:01,2026-04-10 04:05:01,INCOMING,0,4266,873,CELL-DHA-05,31.469895,74.408664,SMS,DHA Phase 5
923001110002,923009998886,923001110002,410014781561789,35678901372035,2026-04-10 04:10:31,2026-04-10 04:10:31,INCOMING,1817461,9424,160,CELL-LB-02,31.508401,74.344393,GPRS,Liberty Market
923001110003,923001110003,923009998881,410016687869939,35678901299623,2026-04-13 10:45:35,2026-04-13 10:45:35,OUTGOING,1040452,9767,952,CELL-ARP-08,31.519991,74.404095,GPRS,Airport Road
923001110002,923001110002,923009998886,410018824051839,35678901207485,2026-04-06 21:48:43,2026-04-06 21:48:43,OUTGOING,1145963,3325,869,CELL-LB-02,31.511387,74.342845,GPRS,Liberty Market
923331234567,923331234567,923009998881,410015145059066,35678901130354,2026-04-03 15:17:18,2026-04-03 15:17:18,OUTGOING,0,8319,365,CELL-MT-03,31.48271,74.323512,CALL,Model Town
923331234567,923009998881,923331234567,410019924461002,35678901237899,2026-04-13 11:06:51,2026-04-13 11:23:51,INCOMING,0,6530,875,CELL-MT-03,31.48268,74.324072,VOLTE,Model Town
923001110002,923001110002,923009998883,410013374925759,35678901152482,2026-04-13 11:13:53,2026-04-13 11:13:53,OUTGOING,4880268,7514,433,CELL-MT-03,31.4835,74.32157,GPRS,Model Town
923001110002,923001110002,923009998887,410016882081935,35678901881870,2026-04-05 06:40:16,2026-04-05 07:08:24,OUTGOING,0,4223,280,CELL-GLB-01,31.518678,74.358737,CALL,Gulberg
923001110002,923009998881,923001110002,410016708644151,35678901344116,2026-04-08 13:24:46,2026-04-08 13:53:25,INCOMING,0,8068,381,CELL-ARP-08,31.519893,74.405396,CALL,Airport Road
923331234567,923009998887,923331234567,410019034472772,35678901320956,2026-04-03 15:22:16,2026-04-03 15:22:16,INCOMING,4575511,6090,126,CELL-LB-02,31.508556,74.342214,GPRS,Liberty Market
923001110002,923009998885,923001110002,410017869832889,35678901596002,2026-04-05 06:46:30,2026-04-05 06:54:31,INCOMING,0,3498,381,CELL-GLB-01,31.520622,74.359886,VOLTE,Gulberg
923461678183,923461678183,923009998882,410018052725452,35678901766835,2026-04-10 05:00:27,2026-04-10 05:00:27,OUTGOING,4154791,5919,290,CELL-LB-02,31.510066,74.343644,GPRS,Liberty Market
923001110001,923009998882,923001110001,410013116046780,35678901856382,2026-04-08 13:40:02,2026-04-08 13:40:02,INCOMING,2484232,8021,521,CELL-MT-03,31.482068,74.320968,GPRS,Model Town
923451112233,923009998883,923451112233,410016959854955,35678901529640,2026-04-13 12:02:18,2026-04-13 12:02:18,INCOMING,6057490,6366,411,CELL-DHA-05,31.470567,74.409075,GPRS,DHA Phase 5
923001110001,923009998884,923001110001,410019507712933,35678901917043,2026-04-03 15:27:15,2026-04-03 15:27:15,INCOMING,7395963,4697,910,CELL-LB-02,31.510425,74.344764,GPRS,Liberty Market
923001110002,923009998885,923001110002,410014228937742,35678901528651,2026-04-11 20:48:19,2026-04-11 21:13:24,INCOMING,0,7347,661,CELL-MT-03,31.48139,74.323984,VOLTE,Model Town
923001110002,923009998887,923001110002,410014739565705,35678901177377,2026-04-03 15:29:37,2026-04-03 15:29:37,INCOMING,6198336,4384,744,CELL-DHA-05,31.470137,74.40838,GPRS,DHA Phase 5
923001110002,923009998885,923001110002,410014434422814,35678901414772,2026-04-08 14:00:35,2026-04-08 14:05:54,INCOMING,0,2111,553,CELL-GLB-01,31.521171,74.358368,VOLTE,Gulberg
923461678183,923461678183,923009998885,410011777285828,35678901547824,2026-04-05 07:02:55,2026-04-05 07:02:55,OUTGOING,6670,6306,886,CELL-DHA-05,31.470732,74.409135,GPRS,DHA Phase 5
923001110001,923001110001,923009998882,410013782719243,35678901190484,2026-04-03 15:32:19,2026-04-03 15:33:27,OUTGOING,0,7697,203,CELL-ARP-08,31.520453,74.405079,VOLTE,Airport Road
923331234567,923009998881,923331234567,410019789962821,35678901639114,2026-04-08 14:12:55,2026-04-08 14:12:55,INCOMING,4656695,8346,562,CELL-GLB-01,31.520728,74.358843,GPRS,Gulberg
923001110003,923009998885,923001110003,410016167394274,35678901962776,2026-04-11 21:24:40,2026-04-11 21:24:40,INCOMING,2271708,5569,422,CELL-DHA-05,31.46905,74.410934,GPRS,DHA Phase 5
923001110001,923009998882,923001110001,410014846817181,35678901625383,2026-04-13 13:05:54,2026-04-13 13:05:54,INCOMING,4013251,3185,935,CELL-ARP-08,31.521152,74.40308,GPRS,Airport Road
923451112233,923009998888,923451112233,410014389984646,35678901932171,2026-04-06 22:48:32,2026-04-06 22:48:32,INCOMING,2496958,6341,424,CELL-ARP-08,31.52043,74.404828,GPRS,Airport Road
923001110001,923009998887,923001110001,410018201310340,35678901547516,2026-04-11 21:42:46,2026-04-11 21:42:46,INCOMING,1597947,3200,711,CELL-MT-03,31.481399,74.322223,GPRS,Model Town
923451112233,923451112233,923009998884,410012590902753,35678901826759,2026-04-03 15:38:45,2026-04-03 15:38:45,OUTGOING,5590883,2292,294,CELL-DHA-05,31.468009,74.410304,GPRS,DHA Phase 5
923331234567,923331234567,923009998883,410014635425035,35678901672071,2026-04-13 13:33:45,2026-04-13 13:33:45,OUTGOING,6594914,1445,145,CELL-LB-02,31.509857,74.346083,GPRS,Liberty Market
923001110001,923009998882,923001110001,410018943122403,35678901459530,2026-04-10 06:20:12,2026-04-10 06:20:12,INCOMING,1072941,2452,518,CELL-MT-03,31.483797,74.322332,GPRS,Model Town
923001110002,923001110002,923009998888,410018247106560,35678901321344,2026-04-11 22:06:20,2026-04-11 22:06:20,OUTGOING,998805,4632,526,CELL-GLB-01,31.518833,74.359874,GPRS,Gulberg
923331234567,923009998888,923331234567,410011076544582,35678901227901,2026-04-03 15:42:04,2026-04-03 15:42:04,INCOMING,1716975,3101,725,CELL-DHA-05,31.468802,74.409847,GPRS,DHA Phase 5
923331234567,923331234567,923009998885,410016249445334,35678901163104,2026-04-10 06:35:56,2026-04-10 06:35:56,OUTGOING,7283155,6312,102,CELL-DHA-05,31.470966,74.410924,GPRS,DHA Phase 5
923001110001,923009998882,923001110001,410017672516189,35678901936207,2026-04-08 14:56:19,2026-04-08 14:56:19,INCOMING,1088579,1338,948,CELL-LB-02,31.51162,74.345143,GPRS,Liberty Market
923461678183,923461678183,923009998888,410014060200244,35678901384230,2026-04-08 15:00:23,2026-04-08 15:00:23,OUTGOING,1863425,7636,803,CELL-MT-03,31.482239,74.321988,GPRS,Model Town
923331234567,923009998887,923331234567,410019612157790,35678901570859,2026-04-05 07:32:27,2026-04-05 07:32:27,INCOMING,0,8453,138,CELL-MT-03,31.483175,74.32422,SMS,Model Town
923461678183,923461678183,923009998885,410016273845380,35678901831833,2026-04-08 15:08:14,2026-04-08 15:08:14,OUTGOING,84382,3016,865,CELL-MT-03,31.481698,74.321618,GPRS,Model Town
923001110001,923009998888,923001110001,410011023571603,35678901831719,2026-04-10 07:00:16,2026-04-10 07:00:16,INCOMING,1550416,4257,948,CELL-DHA-05,31.46999,74.407796,GPRS,DHA Phase 5
923331234567,923331234567,923009998883,410013355008878,35678901294344,2026-04-05 07:38:16,2026-04-05 08:03:53,OUTGOING,0,7754,290,CELL-MT-03,31.482373,74.321063,VOLTE,Model Town
923001110003,923001110003,923009998882,410015250657592,35678901953194,2026-04-10 07:10:00,2026-04-10 07:10:00,OUTGOING,651578,7516,727,CELL-MT-03,31.483122,74.324127,GPRS,Model Town
923001110001,923001110001,923009998881,410011307905117,35678901464543,2026-04-06 23:33:34,2026-04-06 23:44:31,OUTGOING,0,3197,109,CELL-DHA-05,31.468667,74.4082,CALL,DHA Phase 5
923001110001,923001110001,923009998884,410018303598159,35678901525340,2026-04-03 15:52:37,2026-04-03 15:52:37,OUTGOING,4853719,7709,626,CELL-DHA-05,31.470908,74.408011,GPRS,DHA Phase 5
923461678183,923461678183,923009998885,410016406039723,35678901654587,2026-04-05 07:46:11,2026-04-05 07:46:11,OUTGOING,576070,4004,220,CELL-GLB-01,31.519089,74.359692,GPRS,Gulberg
923451112233,923009998886,923451112233,410019003614820,35678901315092,2026-04-10 07:30:34,2026-04-10 07:30:34,INCOMING,0,5322,220,CELL-MT-03,31.48359,74.323778,CALL,Model Town
923331234567,923331234567,923009998888,410016848914600,35678901280713,2026-04-13 15:25:22,2026-04-13 15:39:37,OUTGOING,0,1795,762,CELL-ARP-08,31.521944,74.401822,CALL,Airport Road
923331234567,923009998881,923331234567,410012552402886,35678901280159,2026-04-03 15:56:15,2026-04-03 15:56:15,INCOMING,7041989,9983,474,CELL-GLB-01,31.518804,74.35886,GPRS,Gulberg
923451112233,923009998887,923451112233,410012490576514,35678901993866,2026-04-06 23:51:13,2026-04-06 23:51:13,INCOMING,0,6350,611,CELL-MT-03,31.484124,74.324071,CALL,Model Town
923001110002,923001110002,923009998884,410016973731095,35678901371564,2026-04-10 07:50:51,2026-04-10 07:50:51,OUTGOING,0,9644,896,CELL-MT-03,31.483376,74.322836,CALL,Model Town
923001110001,923009998885,923001110001,410011795524300,35678901615249,2026-04-11 23:54:09,2026-04-11 23:54:09,INCOMING,3377308,3879,989,CELL-LB-02,31.509464,74.34284,GPRS,Liberty Market
923331234567,923331234567,923009998884,410016256866304,35678901426080,2026-04-05 08:00:42,2026-04-05 08:00:42,OUTGOING,5653413,6509,836,CELL-ARP-08,31.52105,74.402826,GPRS,Airport Road
923001110003,923001110003,923009998882,410017552558357,35678901215827,2026-04-13 16:07:03,2026-04-13 16:23:21,OUTGOING,0,9417,484,CELL-ARP-08,31.521473,74.403122,CALL,Airport Road
923331234567,923009998887,923331234567,410016105729525,35678901747483,2026-04-07 00:06:33,2026-04-07 00:06:33,INCOMING,710835,6517,265,CELL-MT-03,31.485016,74.3241,GPRS,Model Town
923001110001,923009998886,923001110001,410011028020205,35678901254190,2026-04-13 16:21:17,2026-04-13 16:23:48,INCOMING,0,1577,113,CELL-LB-02,31.509533,74.345003,CALL,Liberty Market
923451112233,923451112233,923009998884,410018804083082,35678901659182,2026-04-13 16:28:17,2026-04-13 16:28:17,OUTGOING,5192416,8984,601,CELL-GLB-01,31.520288,74.357465,GPRS,Gulberg
923451112233,923009998887,923451112233,410013242104666,35678901107012,2026-04-12 00:30:24,2026-04-12 00:30:24,INCOMING,0,2532,777,CELL-GLB-01,31.521396,74.359219,SMS,Gulberg
923331234567,923009998883,923331234567,410011696602197,35678901642665,2026-04-03 16:06:05,2026-04-03 16:06:05,INCOMING,3847783,9456,274,CELL-DHA-05,31.46856,74.409483,GPRS,DHA Phase 5
923001110001,923001110001,923009998884,410017912951688,35678901609202,2026-04-12 00:42:27,2026-04-12 01:11:19,OUTGOING,0,9442,825,CELL-DHA-05,31.471681,74.409811,VOLTE,DHA Phase 5
923331234567,923331234567,923009998882,410014550961402,35678901972435,2026-04-03 16:08:30,2026-04-03 16:08:30,OUTGOING,0,7817,529,CELL-DHA-05,31.46917,74.410825,SMS,DHA Phase 5
923001110002,923001110002,923009998882,410019421515341,35678901979335,2026-04-12 00:54:23,2026-04-12 00:54:23,OUTGOING,4698491,9556,430,CELL-DHA-05,31.468097,74.409713,GPRS,DHA Phase 5
923001110002,923009998883,923001110002,410015722177680,35678901181700,2026-04-13 17:10:37,2026-04-13 17:17:09,INCOMING,0,2024,757,CELL-ARP-08,31.521718,74.402123,VOLTE,Airport Road
923001110001,923001110001,923009998882,410016751213813,35678901752388,2026-04-08 16:44:56,2026-04-08 16:44:56,OUTGOING,0,1854,808,CELL-DHA-05,31.470529,74.410759,SMS,DHA Phase 5
923001110002,923009998883,923001110002,410015653164331,35678901234312,2026-04-10 09:00:48,2026-04-10 09:00:48,INCOMING,6621690,4712,768,CELL-LB-02,31.510898,74.343873,GPRS,Liberty Market
923331234567,923331234567,923009998882,410017066100593,35678901332894,2026-04-13 17:31:43,2026-04-13 17:31:43,OUTGOING,5744738,5980,336,CELL-GLB-01,31.518557,74.358652,GPRS,Gulberg
923001110003,923001110003,923009998887,410017497856356,35678901998534,2026-04-05 08:28:13,2026-04-05 08:49:10,OUTGOING,0,8335,562,CELL-MT-03,31.48372,74.324718,CALL,Model Town
923451112233,923009998888,923451112233,410017638761970,35678901126127,2026-04-13 17:45:12,2026-04-13 17:45:12,INCOMING,225141,9810,369,CELL-MT-03,31.484423,74.323792,GPRS,Model Town
923001110002,923001110002,923009998883,410015690790299,35678901970435,2026-04-03 16:16:47,2026-04-03 16:16:47,OUTGOING,0,1989,982,CELL-ARP-08,31.520332,74.403949,SMS,Airport Road
923451112233,923451112233,923009998884,410011878974303,35678901694362,2026-04-12 01:42:51,2026-04-12 01:42:51,OUTGOING,0,7871,817,CELL-GLB-01,31.519291,74.359184,CALL,Gulberg
923451112233,923009998882,923451112233,410013015102674,35678901390795,2026-04-12 01:48:48,2026-04-12 01:50:48,INCOMING,0,4286,599,CELL-DHA-05,31.469591,74.410362,CALL,DHA Phase 5
923331234567,923331234567,923009998882,410011156234598,35678901980799,2026-04-07 00:57:13,2026-04-07 00:57:13,OUTGOING,4632352,3325,811,CELL-DHA-05,31.470764,74.409287,GPRS,DHA Phase 5
923331234567,923009998887,923331234567,410017209958581,35678901688256,2026-04-13 18:20:49,2026-04-13 18:20:49,INCOMING,0,4710,277,CELL-GLB-01,31.520719,74.360542,SMS,Gulberg
923001110002,923001110002,923009998881,410014369418316,35678901353599,2026-04-10 09:45:42,2026-04-10 09:45:42,OUTGOING,1843093,3631,269,CELL-ARP-08,31.521542,74.404174,GPRS,Airport Road
923461678183,923009998888,923461678183,410011899836116,35678901405848,2026-04-07 01:06:14,2026-04-07 01:06:14,INCOMING,6017200,1033,445,CELL-MT-03,31.485193,74.324212,GPRS,Model Town
923461678183,923009998882,923461678183,410013614811658,35678901593427,2026-04-10 09:55:46,2026-04-10 09:55:46,INCOMING,0,4019,823,CELL-DHA-05,31.468175,74.408871,SMS,DHA Phase 5
923461678183,923009998887,923461678183,410019349238971,35678901651132,2026-04-12 02:24:36,2026-04-12 02:24:36,INCOMING,0,8379,616,CELL-LB-02,31.509013,74.344309,SMS,Liberty Market
923001110002,923001110002,923009998887,410011538482494,35678901245334,2026-04-08 17:40:45,2026-04-08 17:40:45,OUTGOING,3495498,3807,931,CELL-DHA-05,31.469522,74.410821,GPRS,DHA Phase 5
923451112233,923451112233,923009998884,410016702526335,35678901764885,2026-04-08 17:44:53,2026-04-08 18:04:27,OUTGOING,0,9780,616,CELL-DHA-05,31.470832,74.410017,CALL,DHA Phase 5
923461678183,923009998884,923461678183,410011247998860,35678901280809,2026-04-13 19:09:25,2026-04-13 19:09:25,INCOMING,0,6126,660,CELL-ARP-08,31.520159,74.402471,SMS,Airport Road
923001110002,923009998886,923001110002,410011971535993,35678901321622,2026-04-03 16:28:39,2026-04-03 16:28:39,INCOMING,0,9155,540,CELL-ARP-08,31.519775,74.405102,SMS,Airport Road
923001110001,923009998885,923001110001,410012219921807,35678901155858,2026-04-13 19:23:20,2026-04-13 19:23:20,INCOMING,0,7435,714,CELL-LB-02,31.51112,74.344919,SMS,Liberty Market
923001110003,923001110003,923009998888,410012062567716,35678901538675,2026-04-07 01:30:12,2026-04-07 01:30:12,OUTGOING,4212033,8738,255,CELL-ARP-08,31.523471,74.404803,GPRS,Airport Road
923451112233,923451112233,923009998881,410019195738356,35678901728274,2026-04-08 18:04:45,2026-04-08 18:04:45,OUTGOING,4368257,4801,424,CELL-GLB-01,31.521597,74.359538,GPRS,Gulberg
923001110001,923001110001,923009998883,410019906721676,35678901416402,2026-04-10 10:40:43,2026-04-10 10:40:43,OUTGOING,7112700,3161,626,CELL-ARP-08,31.521217,74.404317,GPRS,Airport Road
923001110001,923001110001,923009998885,410014073847619,35678901241317,2026-04-08 18:12:33,2026-04-08 18:12:33,OUTGOING,6051770,4770,343,CELL-MT-03,31.482485,74.321785,GPRS,Model Town
923461678183,923009998884,923461678183,410019858009826,35678901444239,2026-04-05 09:08:29,2026-04-05 09:28:46,INCOMING,0,1507,965,CELL-DHA-05,31.469977,74.408262,VOLTE,DHA Phase 5
923461678183,923461678183,923009998883,410012199891129,35678901406974,2026-04-12 03:30:16,2026-04-12 03:30:16,OUTGOING,0,4668,690,CELL-MT-03,31.483146,74.323859,SMS,Model Town
923001110002,923001110002,923009998887,410019399168756,35678901722122,2026-04-10 11:00:43,2026-04-10 11:00:43,OUTGOING,0,6843,602,CELL-LB-02,31.509916,74.343777,SMS,Liberty Market
923001110003,923009998882,923001110003,410013058673974,35678901905316,2026-04-13 20:19:00,2026-04-13 20:19:00,INCOMING,3887102,2002,391,CELL-GLB-01,31.522356,74.359124,GPRS,Gulberg
923001110002,923009998884,923001110002,410012500567361,35678901747439,2026-04-07 01:54:50,2026-04-07 01:54:50,INCOMING,808550,5359,332,CELL-GLB-01,31.520543,74.360538,GPRS,Gulberg
923461678183,923461678183,923009998881,410016555544123,35678901367111,2026-04-03 16:39:10,2026-04-03 16:39:10,OUTGOING,764543,7198,351,CELL-MT-03,31.482382,74.322824,GPRS,Model Town
923451112233,923451112233,923009998885,410015063956033,35678901232543,2026-04-07 02:00:12,2026-04-07 02:10:10,OUTGOING,0,6571,539,CELL-LB-02,31.509615,74.342519,CALL,Liberty Market
923001110002,923001110002,923009998881,410019928933104,35678901819140,2026-04-10 11:25:49,2026-04-10 11:25:49,OUTGOING,0,2631,936,CELL-DHA-05,31.471015,74.411349,SMS,DHA Phase 5
923331234567,923009998884,923331234567,410013370703383,35678901491779,2026-04-07 02:06:16,2026-04-07 02:06:16,INCOMING,622116,3910,623,CELL-GLB-01,31.518811,74.360146,GPRS,Gulberg
923001110001,923009998883,923001110001,410014404105714,35678901451711,2026-04-10 11:35:25,2026-04-10 11:35:25,INCOMING,175964,4556,814,CELL-DHA-05,31.470767,74.40798,GPRS,DHA Phase 5
923001110002,923009998886,923001110002,410011665208169,35678901768957,2026-04-12 04:24:04,2026-04-12 04:24:04,INCOMING,7788461,7964,863,CELL-MT-03,31.485099,74.322656,GPRS,Model Town
923451112233,923451112233,923009998886,410012174960363,35678901447691,2026-04-07 02:15:57,2026-04-07 02:15:57,OUTGOING,1036828,6635,117,CELL-GLB-01,31.520428,74.360458,GPRS,Gulberg
923331234567,923331234567,923009998886,410015006646696,35678901201211,2026-04-12 04:36:03,2026-04-12 04:36:03,OUTGOING,0,1333,784,CELL-GLB-01,31.51917,74.357211,SMS,Gulberg
923001110002,923001110002,923009998887,410016376600646,35678901279576,2026-04-05 09:34:01,2026-04-05 09:34:01,OUTGOING,0,7519,260,CELL-MT-03,31.485111,74.324078,SMS,Model Town
923001110002,923009998882,923001110002,410013530315202,35678901632684,2026-04-12 04:48:08,2026-04-12 05:06:12,INCOMING,0,8931,169,CELL-MT-03,31.484278,74.323984,VOLTE,Model Town
923001110001,923001110001,923009998883,410012150239979,35678901320876,2026-04-07 02:27:13,2026-04-07 02:27:13,OUTGOING,6649786,9150,769,CELL-GLB-01,31.521805,74.357999,GPRS,Gulberg
923001110002,923009998883,923001110002,410012462279734,35678901689243,2026-04-05 09:40:49,2026-04-05 10:00:24,INCOMING,0,5453,115,CELL-LB-02,31.510259,74.345774,CALL,Liberty Market
923001110002,923001110002,923009998882,410019754742450,35678901538962,2026-04-08 19:24:49,2026-04-08 19:24:49,OUTGOING,1331671,5177,751,CELL-GLB-01,31.519268,74.359965,GPRS,Gulberg
923001110002,923009998881,923001110002,410012857463420,35678901546616,2026-04-03 16:52:11,2026-04-03 16:52:11,INCOMING,6325649,9880,681,CELL-LB-02,31.509152,74.345049,GPRS,Liberty Market
923331234567,923331234567,923009998884,410014545129170,35678901502879,2026-04-05 09:46:04,2026-04-05 09:53:12,OUTGOING,0,2463,185,CELL-DHA-05,31.470163,74.410412,VOLTE,DHA Phase 5
923001110001,923001110001,923009998886,410014707453026,35678901102235,2026-04-10 12:30:55,2026-04-10 12:30:55,OUTGOING,4077142,1057,192,CELL-DHA-05,31.471693,74.411486,GPRS,DHA Phase 5
923001110003,923009998881,923001110003,410017772497684,35678901600826,2026-04-12 05:30:24,2026-04-12 05:30:24,INCOMING,5622758,6478,116,CELL-LB-02,31.510189,74.344493,GPRS,Liberty Market
923461678183,923009998888,923461678183,410014519660654,35678901537485,2026-04-10 12:40:06,2026-04-10 12:40:06,INCOMING,7103546,6933,508,CELL-DHA-05,31.47043,74.411342,GPRS,DHA Phase 5
923001110001,923009998884,923001110001,410016705070442,35678901980416,2026-04-08 19:48:02,2026-04-08 20:09:43,INCOMING,0,9682,416,CELL-MT-03,31.483137,74.321936,CALL,Model Town
923001110003,923009998882,923001110003,410019886740509,35678901382491,2026-04-05 09:56:33,2026-04-05 09:56:33,INCOMING,0,1507,575,CELL-LB-02,31.510786,74.343909,SMS,Liberty Market
923001110003,923009998885,923001110003,410019383890016,35678901687939,2026-04-07 02:57:11,2026-04-07 03:23:08,INCOMING,0,9941,790,CELL-DHA-05,31.468272,74.409017,VOLTE,DHA Phase 5
923001110001,923001110001,923009998886,410019450046893,35678901123412,2026-04-07 03:00:39,2026-04-07 03:00:39,OUTGOING,5991462,9353,294,CELL-MT-03,31.482079,74.322244,GPRS,Model Town
923001110003,923001110003,923009998884,410019327637814,35678901717635,2026-04-05 10:02:14,2026-04-05 10:21:12,OUTGOING,0,5307,985,CELL-GLB-01,31.519511,74.35858,CALL,Gulberg
923001110002,923001110002,923009998883,410012063628382,35678901396858,2026-04-12 06:12:24,2026-04-12 06:38:33,OUTGOING,0,8582,467,CELL-MT-03,31.482656,74.322199,CALL,Model Town
923331234567,923331234567,923009998884,410011590354394,35678901854288,2026-04-07 03:09:32,2026-04-07 03:09:32,OUTGOING,1792580,5106,834,CELL-GLB-01,31.519844,74.358832,GPRS,Gulberg
923451112233,923009998885,923451112233,410013562453003,35678901870532,2026-04-12 06:24:51,2026-04-12 06:24:51,INCOMING,1171339,1567,769,CELL-GLB-01,31.521176,74.358708,GPRS,Gulberg
923331234567,923331234567,923009998882,410017416307409,35678901840733,2026-04-12 06:30:59,2026-04-12 06:37:32,OUTGOING,0,5311,306,CELL-ARP-08,31.521389,74.401744,CALL,Airport Road
923461678183,923009998887,923461678183,410011886018585,35678901965543,2026-04-03 17:06:21,2026-04-03 17:06:21,INCOMING,2028623,9356,215,CELL-GLB-01,31.519925,74.359837,GPRS,Gulberg
923001110001,923001110001,923009998882,410017982491467,35678901147838,2026-04-13 23:49:37,2026-04-13 23:49:37,OUTGOING,0,8337,615,CELL-GLB-01,31.521074,74.356938,SMS,Gulberg
923001110001,923001110001,923009998881,410013871316490,35678901860929,2026-04-05 10:16:46,2026-04-05 10:45:13,OUTGOING,0,6470,963,CELL-GLB-01,31.520153,74.358503,CALL,Gulberg
923001110001,923009998887,923001110001,410012394814669,35678901844428,2026-04-12 06:54:55,2026-04-12 06:54:55,INCOMING,0,4400,276,CELL-GLB-01,31.520306,74.359166,SMS,Gulberg
923001110003,923009998884,923001110003,410016484167958,35678901579473,2026-04-14 00:10:50,2026-04-14 00:10:50,INCOMING,0,8526,324,CELL-LB-02,31.509835,74.345865,SMS,Liberty Market
923001110003,923009998882,923001110003,410012836963682,35678901378549,2026-04-14 00:17:00,2026-04-14 00:17:00,INCOMING,1676757,4394,284,CELL-DHA-05,31.468313,74.408127,GPRS,DHA Phase 5
923331234567,923009998888,923331234567,410018746158358,35678901727606,2026-04-14 00:24:34,2026-04-14 00:24:46,INCOMING,0,6533,196,CELL-MT-03,31.483441,74.323608,CALL,Model Town
923001110002,923001110002,923009998886,410013846145149,35678901813573,2026-04-05 10:26:15,2026-04-05 10:26:15,OUTGOING,0,7410,990,CELL-DHA-05,31.467897,74.408569,SMS,DHA Phase 5
923461678183,923461678183,923009998882,410014186777634,35678901110528,2026-04-07 03:42:37,2026-04-07 03:42:37,OUTGOING,1238909,4619,460,CELL-GLB-01,31.519175,74.360309,GPRS,Gulberg
923451112233,923009998885,923451112233,410014380560833,35678901525691,2026-04-14 00:45:14,2026-04-14 00:45:14,INCOMING,160081,3320,233,CELL-LB-02,31.511247,74.342197,GPRS,Liberty Market
923451112233,923009998885,923451112233,410014700503303,35678901928091,2026-04-10 14:20:07,2026-04-10 14:20:07,INCOMING,6346888,7757,595,CELL-ARP-08,31.521803,74.405116,GPRS,Airport Road
923331234567,923331234567,923009998882,410015645336869,35678901538759,2026-04-07 03:51:15,2026-04-07 03:51:15,OUTGOING,5014085,4745,956,CELL-ARP-08,31.52252,74.402109,GPRS,Airport Road
923331234567,923009998881,923331234567,410016323883094,35678901589683,2026-04-12 07:48:00,2026-04-12 07:48:00,INCOMING,0,4498,660,CELL-ARP-08,31.523026,74.404369,SMS,Airport Road
923331234567,923009998884,923331234567,410016790984124,35678901672444,2026-04-03 17:19:02,2026-04-03 17:35:12,INCOMING,0,6519,945,CELL-LB-02,31.51066,74.343032,CALL,Liberty Market
923001110003,923001110003,923009998881,410019784519053,35678901273522,2026-04-12 08:00:16,2026-04-12 08:00:16,OUTGOING,1224277,7344,778,CELL-LB-02,31.508715,74.342189,GPRS,Liberty Market
923001110001,923001110001,923009998885,410018306581709,35678901672385,2026-04-05 10:42:54,2026-04-05 10:42:54,OUTGOING,0,5176,163,CELL-MT-03,31.48518,74.321942,SMS,Model Town
923001110002,923009998883,923001110002,410013738176566,35678901219177,2026-04-05 10:44:22,2026-04-05 10:44:22,INCOMING,5771196,2656,250,CELL-ARP-08,31.522342,74.404968,GPRS,Airport Road
923001110001,923001110001,923009998881,410015508765057,35678901512788,2026-04-05 10:46:05,2026-04-05 10:46:05,OUTGOING,3016259,1883,550,CELL-LB-02,31.508401,74.345336,GPRS,Liberty Market
923451112233,923009998888,923451112233,410013531355691,35678901473515,2026-04-10 15:00:20,2026-04-10 15:00:20,INCOMING,1887219,1637,138,CELL-LB-02,31.511632,74.344854,GPRS,Liberty Market
923001110001,923001110001,923009998883,410017751751397,35678901288885,2026-04-14 01:55:58,2026-04-14 02:14:47,OUTGOING,0,2463,733,CELL-LB-02,31.50956,74.345121,CALL,Liberty Market
923331234567,923009998885,923331234567,410012396250764,35678901793924,2026-04-10 15:10:47,2026-04-10 15:10:47,INCOMING,4509270,8333,650,CELL-GLB-01,31.520335,74.360292,GPRS,Gulberg
923331234567,923331234567,923009998883,410017441949037,35678901956284,2026-04-12 08:42:47,2026-04-12 08:53:52,OUTGOING,0,6549,912,CELL-LB-02,31.509337,74.345926,CALL,Liberty Market
923001110001,923009998885,923001110001,410014244035899,35678901180657,2026-04-12 08:48:57,2026-04-12 08:48:57,INCOMING,419550,3555,972,CELL-MT-03,31.482051,74.321005,GPRS,Model Town
923461678183,923461678183,923009998886,410018556664431,35678901633776,2026-04-12 08:54:44,2026-04-12 08:54:44,OUTGOING,1980854,4956,328,CELL-LB-02,31.510148,74.344609,GPRS,Liberty Market
923451112233,923451112233,923009998881,410013162369672,35678901327461,2026-04-12 09:00:11,2026-04-12 09:00:11,OUTGOING,1396462,7480,598,CELL-LB-02,31.508728,74.343331,GPRS,Liberty Market
923331234567,923331234567,923009998888,410014104653903,35678901909853,2026-04-14 02:37:38,2026-04-14 02:37:38,OUTGOING,7186962,9977,766,CELL-MT-03,31.485023,74.321573,GPRS,Model Town
923001110002,923001110002,923009998885,410014943712682,35678901589132,2026-04-05 11:04:49,2026-04-05 11:04:49,OUTGOING,2903921,3926,983,CELL-GLB-01,31.521209,74.359067,GPRS,Gulberg
923461678183,923009998884,923461678183,410011868679629,35678901895852,2026-04-05 11:06:37,2026-04-05 11:10:29,INCOMING,0,4243,831,CELL-LB-02,31.509562,74.343229,CALL,Liberty Market
923001110003,923009998882,923001110003,410014679208964,35678901599419,2026-04-10 15:50:50,2026-04-10 15:50:50,INCOMING,0,1357,272,CELL-MT-03,31.483012,74.321744,CALL,Model Town
923001110001,923001110001,923009998887,410016819555969,35678901511949,2026-04-10 15:55:51,2026-04-10 15:55:51,OUTGOING,0,7177,754,CELL-DHA-05,31.469733,74.410119,CALL,DHA Phase 5
923001110001,923001110001,923009998881,410012416332559,35678901893926,2026-04-05 11:12:53,2026-04-05 11:12:53,OUTGOING,5753356,5755,908,CELL-LB-02,31.50946,74.345799,GPRS,Liberty Market
923461678183,923009998888,923461678183,410013587392719,35678901817954,2026-04-05 11:14:35,2026-04-05 11:14:35,INCOMING,7868820,9930,819,CELL-DHA-05,31.468244,74.408524,GPRS,DHA Phase 5
923001110002,923001110002,923009998884,410014676335345,35678901394743,2026-04-14 03:26:22,2026-04-14 03:38:01,OUTGOING,0,8104,350,CELL-DHA-05,31.47021,74.410213,CALL,DHA Phase 5
923001110001,923001110001,923009998886,410016866969678,35678901800720,2026-04-05 11:18:04,2026-04-05 11:18:04,OUTGOING,5750203,2681,571,CELL-GLB-01,31.520964,74.36034,GPRS,Gulberg
923461678183,923009998888,923461678183,410019768851471,35678901159533,2026-04-08 22:40:15,2026-04-08 22:55:17,INCOMING,0,9034,287,CELL-MT-03,31.484614,74.324876,VOLTE,Model Town
923331234567,923009998882,923331234567,410012221494570,35678901279771,2026-04-08 22:44:45,2026-04-08 22:44:45,INCOMING,0,6967,977,CELL-ARP-08,31.519664,74.402573,SMS,Airport Road
923461678183,923009998881,923461678183,410015217123989,35678901997698,2026-04-12 10:12:02,2026-04-12 10:12:02,INCOMING,7632020,4064,453,CELL-GLB-01,31.52162,74.35709,GPRS,Gulberg
923331234567,923009998885,923331234567,410015837359623,35678901884453,2026-04-10 16:35:34,2026-04-10 16:35:34,INCOMING,5833108,1730,620,CELL-ARP-08,31.522148,74.405312,GPRS,Airport Road
923001110003,923001110003,923009998886,410013528487356,35678901703164,2026-04-05 11:28:18,2026-04-05 11:28:18,OUTGOING,1918195,8461,524,CELL-MT-03,31.483082,74.321742,GPRS,Model Town
923461678183,923009998886,923461678183,410013402440520,35678901936914,2026-04-05 11:30:19,2026-04-05 11:30:19,INCOMING,0,3489,663,CELL-GLB-01,31.518884,74.357846,SMS,Gulberg
923001110002,923009998884,923001110002,410014628298453,35678901630905,2026-04-05 11:32:13,2026-04-05 11:51:36,INCOMING,0,8994,341,CELL-MT-03,31.485028,74.322723,VOLTE,Model Town
923461678183,923009998885,923461678183,410019449136855,35678901616131,2026-04-03 17:47:31,2026-04-03 17:47:31,INCOMING,1265983,7746,668,CELL-DHA-05,31.471575,74.410843,GPRS,DHA Phase 5
923001110002,923009998885,923001110002,410013501520780,35678901515905,2026-04-08 23:12:34,2026-04-08 23:12:34,INCOMING,0,3804,183,CELL-LB-02,31.509185,74.342446,SMS,Liberty Market
923331234567,923009998885,923331234567,410019406095300,35678901175971,2026-04-07 05:27:41,2026-04-07 05:27:41,INCOMING,0,2197,679,CELL-DHA-05,31.467723,74.411359,CALL,DHA Phase 5
923331234567,923009998881,923331234567,410019688235249,35678901229818,2026-04-14 04:50:49,2026-04-14 04:50:49,INCOMING,2549363,6055,734,CELL-LB-02,31.512053,74.344852,GPRS,Liberty Market
923001110003,923009998883,923001110003,410011584590770,35678901712878,2026-04-05 11:42:58,2026-04-05 11:42:58,INCOMING,6231249,8032,217,CELL-ARP-08,31.521791,74.402063,GPRS,Airport Road
923001110002,923001110002,923009998884,410015472061865,35678901894457,2026-04-08 23:28:19,2026-04-08 23:28:19,OUTGOING,1046118,9008,487,CELL-DHA-05,31.471273,74.410634,GPRS,DHA Phase 5
923001110002,923009998881,923001110002,410019434127347,35678901681484,2026-04-12 11:18:19,2026-04-12 11:18:19,INCOMING,4106160,7131,872,CELL-GLB-01,31.519511,74.357645,GPRS,Gulberg
923461678183,923461678183,923009998884,410014942838647,35678901547016,2026-04-03 17:54:41,2026-04-03 17:54:41,OUTGOING,5879843,4599,546,CELL-ARP-08,31.520636,74.404543,GPRS,Airport Road
923001110002,923009998882,923001110002,410015701556522,35678901844641,2026-04-07 05:45:27,2026-04-07 05:45:27,INCOMING,2229004,6788,860,CELL-GLB-01,31.518655,74.35876,GPRS,Gulberg
923001110001,923001110001,923009998883,410011084573412,35678901712421,2026-04-05 11:52:12,2026-04-05 12:00:20,OUTGOING,0,5257,602,CELL-LB-02,31.509246,74.345834,CALL,Liberty Market
923461678183,923461678183,923009998885,410012816221685,35678901746330,2026-04-08 23:48:45,2026-04-08 23:48:45,OUTGOING,0,2087,664,CELL-GLB-01,31.519432,74.357656,SMS,Gulberg
923461678183,923009998881,923461678183,410012024451649,35678901913000,2026-04-07 05:54:03,2026-04-07 06:23:18,INCOMING,0,5691,917,CELL-MT-03,31.482728,74.323882,CALL,Model Town
923001110002,923001110002,923009998883,410016117426224,35678901390571,2026-04-12 11:54:45,2026-04-12 11:54:45,OUTGOING,1968293,2061,393,CELL-DHA-05,31.468044,74.410075,GPRS,DHA Phase 5
923001110003,923009998886,923001110003,410013499496274,35678901694428,2026-04-12 12:00:12,2026-04-12 12:00:12,INCOMING,736000,4396,315,CELL-GLB-01,31.520253,74.358373,GPRS,Gulberg
923001110002,923009998883,923001110002,410017788641577,35678901645969,2026-04-03 18:01:57,2026-04-03 18:01:57,INCOMING,5177636,4432,211,CELL-LB-02,31.511007,74.343995,GPRS,Liberty Market
923001110003,923009998883,923001110003,410013862999654,35678901281765,2026-04-07 06:06:45,2026-04-07 06:06:45,INCOMING,3147254,6814,994,CELL-GLB-01,31.520454,74.35997,GPRS,Gulberg
923001110003,923001110003,923009998882,410014263593217,35678901977993,2026-04-03 18:03:08,2026-04-03 18:03:08,OUTGOING,0,2876,497,CELL-MT-03,31.483553,74.322636,SMS,Model Town
923001110002,923009998884,923001110002,410014131358390,35678901765853,2026-04-03 18:04:34,2026-04-03 18:04:34,INCOMING,0,9413,766,CELL-LB-02,31.510445,74.344117,SMS,Liberty Market
923001110001,923009998884,923001110001,410012125205591,35678901566064,2026-04-03 18:05:14,2026-04-03 18:05:14,INCOMING,7931301,7937,942,CELL-LB-02,31.511871,74.344609,GPRS,Liberty Market
923451112233,923451112233,923009998888,410014737601063,35678901557845,2026-04-09 00:24:25,2026-04-09 00:24:25,OUTGOING,5550377,3779,162,CELL-DHA-05,31.471132,74.411025,GPRS,DHA Phase 5
923451112233,923009998887,923451112233,410015687425693,35678901461201,2026-04-05 12:14:53,2026-04-05 12:14:53,INCOMING,7661085,7601,930,CELL-GLB-01,31.518486,74.358728,GPRS,Gulberg
923001110003,923001110003,923009998885,410011659382802,35678901520904,2026-04-03 18:08:02,2026-04-03 18:37:03,OUTGOING,0,7205,776,CELL-MT-03,31.481624,74.323359,CALL,Model Town
923001110001,923001110001,923009998882,410018052461234,35678901926754,2026-04-09 00:36:04,2026-04-09 00:36:04,OUTGOING,0,8753,575,CELL-GLB-01,31.521853,74.358493,SMS,Gulberg
923001110002,923001110002,923009998883,410015638460705,35678901112675,2026-04-03 18:10:05,2026-04-03 18:10:05,OUTGOING,1222771,5915,116,CELL-GLB-01,31.519201,74.357185,GPRS,Gulberg
923001110003,923001110003,923009998882,410015093872615,35678901541127,2026-04-10 18:55:09,2026-04-10 18:55:09,OUTGOING,2593731,1661,152,CELL-ARP-08,31.522281,74.402038,GPRS,Airport Road
923001110003,923001110003,923009998885,410018335445625,35678901967068,2026-04-12 13:12:51,2026-04-12 13:12:51,OUTGOING,3623989,8497,415,CELL-LB-02,31.509584,74.344325,GPRS,Liberty Market
923331234567,923009998881,923331234567,410016618735208,35678901923923,2026-04-03 18:13:55,2026-04-03 18:13:55,INCOMING,397097,2656,297,CELL-MT-03,31.481826,74.320926,GPRS,Model Town
923331234567,923331234567,923009998881,410016866734860,35678901465963,2026-04-14 07:38:05,2026-04-14 07:55:51,OUTGOING,0,2877,924,CELL-ARP-08,31.519886,74.402047,VOLTE,Airport Road
923451112233,923009998888,923451112233,410017905167643,35678901711660,2026-04-12 13:30:14,2026-04-12 13:30:14,INCOMING,4179851,2637,939,CELL-LB-02,31.509861,74.343,GPRS,Liberty Market
923001110003,923001110003,923009998885,410016572227530,35678901716981,2026-04-03 18:16:01,2026-04-03 18:16:01,OUTGOING,7947202,9058,386,CELL-LB-02,31.51047,74.345271,GPRS,Liberty Market
923331234567,923331234567,923009998881,410013881910590,35678901241408,2026-04-07 06:51:34,2026-04-07 06:51:34,OUTGOING,0,4713,301,CELL-GLB-01,31.521711,74.358129,SMS,Gulberg
923461678183,923461678183,923009998885,410015526223563,35678901376025,2026-04-12 13:48:15,2026-04-12 13:56:54,OUTGOING,0,9354,909,CELL-DHA-05,31.468376,74.408363,CALL,DHA Phase 5
923451112233,923009998887,923451112233,410019454522670,35678901127885,2026-04-03 18:19:06,2026-04-03 18:19:06,INCOMING,6103051,8944,536,CELL-MT-03,31.482711,74.322264,GPRS,Model Town
923001110002,923009998883,923001110002,410016021103292,35678901420560,2026-04-12 14:00:39,2026-04-12 14:00:39,INCOMING,5771772,2163,433,CELL-GLB-01,31.520056,74.357153,GPRS,Gulberg
923001110002,923001110002,923009998886,410018001822748,35678901688312,2026-04-03 18:21:29,2026-04-03 18:21:29,OUTGOING,7803008,5981,375,CELL-ARP-08,31.523059,74.404216,GPRS,Airport Road
923001110002,923009998881,923001110002,410014482505567,35678901378321,2026-04-05 12:44:18,2026-04-05 12:44:18,INCOMING,0,6024,405,CELL-LB-02,31.511297,74.343369,SMS,Liberty Market
923331234567,923331234567,923009998881,410019932966603,35678901340687,2026-04-10 19:55:00,2026-04-10 19:55:00,OUTGOING,0,5193,562,CELL-MT-03,31.482016,74.322067,SMS,Model Town
923001110002,923009998881,923001110002,410018967090650,35678901946054,2026-04-14 08:48:27,2026-04-14 08:48:27,INCOMING,0,1644,814,CELL-MT-03,31.482225,74.32189,SMS,Model Town
923461678183,923461678183,923009998883,410012979731449,35678901948744,2026-04-14 08:55:52,2026-04-14 08:55:52,OUTGOING,4997128,3640,387,CELL-GLB-01,31.519701,74.356806,GPRS,Gulberg
923331234567,923009998883,923331234567,410012852469233,35678901887742,2026-04-10 20:10:58,2026-04-10 20:10:58,INCOMING,0,7325,375,CELL-DHA-05,31.471169,74.40852,SMS,DHA Phase 5
923451112233,923451112233,923009998884,410011166057747,35678901420917,2026-04-03 18:27:38,2026-04-03 18:27:38,OUTGOING,0,4976,584,CELL-ARP-08,31.522671,74.403867,SMS,Airport Road
923001110003,923001110003,923009998882,410016782141545,35678901201054,2026-04-05 12:56:33,2026-04-05 13:01:25,OUTGOING,0,2998,614,CELL-GLB-01,31.5216,74.359442,VOLTE,Gulberg
923001110001,923009998888,923001110001,410017044319175,35678901425162,2026-04-09 01:56:30,2026-04-09 01:56:30,INCOMING,5566374,7778,509,CELL-MT-03,31.485014,74.322382,GPRS,Model Town
923461678183,923461678183,923009998882,410013985676344,35678901239823,2026-04-10 20:30:05,2026-04-10 20:53:03,OUTGOING,0,9890,686,CELL-LB-02,31.511876,74.345254,VOLTE,Liberty Market
923451112233,923451112233,923009998886,410014196756801,35678901286137,2026-04-07 07:33:21,2026-04-07 07:33:21,OUTGOING,5308351,8787,989,CELL-GLB-01,31.520191,74.356746,GPRS,Gulberg
923331234567,923009998888,923331234567,410018826021381,35678901481018,2026-04-10 20:40:32,2026-04-10 20:50:17,INCOMING,0,4686,869,CELL-MT-03,31.482571,74.321109,VOLTE,Model Town
923451112233,923451112233,923009998882,410015262343497,35678901152456,2026-04-07 07:39:17,2026-04-07 07:39:17,OUTGOING,525558,9051,503,CELL-GLB-01,31.520996,74.359898,GPRS,Gulberg
923001110001,923001110001,923009998888,410016394253286,35678901143376,2026-04-12 15:24:39,2026-04-12 15:53:25,OUTGOING,0,8619,869,CELL-GLB-01,31.522247,74.358549,VOLTE,Gulberg
923001110002,923001110002,923009998887,410019773223795,35678901522205,2026-04-10 20:55:57,2026-04-10 20:55:57,OUTGOING,0,1872,607,CELL-LB-02,31.510538,74.343252,SMS,Liberty Market
923331234567,923331234567,923009998885,410012029293792,35678901839872,2026-04-03 18:36:03,2026-04-03 18:36:03,OUTGOING,5556132,5253,440,CELL-LB-02,31.510631,74.342518,GPRS,Liberty Market
923001110003,923001110003,923009998884,410013910855508,35678901708826,2026-04-12 15:42:01,2026-04-12 16:00:50,OUTGOING,0,9553,628,CELL-DHA-05,31.468615,74.41073,CALL,DHA Phase 5
923001110003,923009998884,923001110003,410012673636566,35678901620043,2026-04-12 15:48:44,2026-04-12 15:48:44,INCOMING,2820306,4559,820,CELL-DHA-05,31.471404,74.408151,GPRS,DHA Phase 5
923001110003,923009998886,923001110003,410017733490751,35678901523558,2026-04-05 13:18:13,2026-04-05 13:18:13,INCOMING,891516,9099,818,CELL-LB-02,31.508248,74.343076,GPRS,Liberty Market
923001110002,923001110002,923009998886,410018539388371,35678901202877,2026-04-09 02:40:15,2026-04-09 02:56:23,OUTGOING,0,6564,323,CELL-ARP-08,31.523373,74.404263,VOLTE,Airport Road
923461678183,923461678183,923009998885,410018656486166,35678901781850,2026-04-05 13:22:21,2026-04-05 13:25:19,OUTGOING,0,8751,214,CELL-LB-02,31.50826,74.343719,CALL,Liberty Market
923001110001,923001110001,923009998887,410019929448454,35678901227270,2026-04-07 08:06:36,2026-04-07 08:06:36,OUTGOING,2759513,2658,939,CELL-ARP-08,31.52349,74.405083,GPRS,Airport Road
923001110003,923009998882,923001110003,410018095371493,35678901210316,2026-04-10 21:35:22,2026-04-10 21:35:22,INCOMING,587583,1178,367,CELL-LB-02,31.508654,74.345191,GPRS,Liberty Market
923331234567,923009998883,923331234567,410016245490827,35678901667632,2026-04-03 18:44:59,2026-04-03 18:44:59,INCOMING,7364606,9517,905,CELL-DHA-05,31.468397,74.408003,GPRS,DHA Phase 5
923001110002,923001110002,923009998887,410014836526016,35678901195835,2026-04-05 13:30:38,2026-04-05 13:36:17,OUTGOING,0,3086,128,CELL-ARP-08,31.521446,74.401643,CALL,Airport Road
923001110003,923009998886,923001110003,410011877746977,35678901101033,2026-04-07 08:18:09,2026-04-07 08:18:09,INCOMING,7833946,1100,642,CELL-ARP-08,31.523371,74.40192,GPRS,Airport Road
923451112233,923009998887,923451112233,410014902847217,35678901396392,2026-04-12 16:42:10,2026-04-12 16:42:10,INCOMING,3575854,8556,334,CELL-LB-02,31.509143,74.345122,GPRS,Liberty Market
923001110001,923009998883,923001110001,410012242372992,35678901490881,2026-04-10 22:00:42,2026-04-10 22:00:42,INCOMING,2073448,5198,779,CELL-ARP-08,31.520763,74.402959,GPRS,Airport Road
923461678183,923461678183,923009998886,410015032568273,35678901884709,2026-04-03 18:49:33,2026-04-03 18:49:33,OUTGOING,6408240,3180,167,CELL-MT-03,31.483709,74.324338,GPRS,Model Town
923001110001,923009998881,923001110001,410012685651028,35678901957813,2026-04-09 03:20:54,2026-04-09 03:20:54,INCOMING,3065376,5310,303,CELL-DHA-05,31.469884,74.410329,GPRS,DHA Phase 5
923331234567,923331234567,923009998886,410018608000589,35678901392592,2026-04-07 08:33:08,2026-04-07 08:33:08,OUTGOING,2789848,9031,215,CELL-MT-03,31.48326,74.320979,GPRS,Model Town
923001110001,923009998883,923001110001,410016403417845,35678901457474,2026-04-09 03:28:10,2026-04-09 03:28:10,INCOMING,6386957,8908,225,CELL-LB-02,31.511904,74.342671,GPRS,Liberty Market
923451112233,923451112233,923009998887,410012342601073,35678901467202,2026-04-03 18:53:23,2026-04-03 18:53:23,OUTGOING,5783860,3490,502,CELL-GLB-01,31.519286,74.357909,GPRS,Gulberg
923461678183,923009998881,923461678183,410014956433725,35678901497252,2026-04-12 17:24:41,2026-04-12 17:24:41,INCOMING,334907,6737,995,CELL-GLB-01,31.521802,74.359287,GPRS,Gulberg
923001110002,923001110002,923009998887,410012018986823,35678901289366,2026-04-12 17:30:02,2026-04-12 17:30:02,OUTGOING,404385,5537,619,CELL-LB-02,31.510083,74.343493,GPRS,Liberty Market
923461678183,923009998881,923461678183,410016836451941,35678901992945,2026-04-10 22:40:48,2026-04-10 22:40:48,INCOMING,3493244,9300,575,CELL-DHA-05,31.471035,74.409636,GPRS,DHA Phase 5
923001110002,923009998882,923001110002,410017130738817,35678901999429,2026-04-12 17:42:10,2026-04-12 17:42:10,INCOMING,0,7507,152,CELL-MT-03,31.48464,74.323615,SMS,Model Town
923461678183,923009998882,923461678183,410011404336839,35678901917213,2026-04-03 18:58:15,2026-04-03 19:20:02,INCOMING,0,6397,117,CELL-GLB-01,31.518546,74.356924,CALL,Gulberg
923461678183,923461678183,923009998885,410014450112603,35678901978534,2026-04-12 17:54:08,2026-04-12 17:54:08,OUTGOING,5256421,9169,800,CELL-GLB-01,31.519802,74.357954,GPRS,Gulberg
923451112233,923451112233,923009998881,410018785834786,35678901891239,2026-04-03 19:00:43,2026-04-03 19:00:43,OUTGOING,0,2397,255,CELL-GLB-01,31.521468,74.35941,SMS,Gulberg
923331234567,923009998887,923331234567,410016991991053,35678901622996,2026-04-14 13:07:06,2026-04-14 13:07:06,INCOMING,0,1695,828,CELL-GLB-01,31.518478,74.356726,SMS,Gulberg
923001110003,923009998884,923001110003,410012295014840,35678901335241,2026-04-05 14:04:02,2026-04-05 14:04:02,INCOMING,1164905,5670,785,CELL-DHA-05,31.469811,74.409235,GPRS,DHA Phase 5
923461678183,923009998884,923461678183,410014783471403,35678901249241,2026-04-03 19:03:58,2026-04-03 19:03:58,INCOMING,3680002,3838,759,CELL-DHA-05,31.470448,74.408058,GPRS,DHA Phase 5
923331234567,923331234567,923009998887,410014362067041,35678901809674,2026-04-05 14:08:48,2026-04-05 14:08:48,OUTGOING,0,9436,140,CELL-MT-03,31.485016,74.323658,SMS,Model Town
923451112233,923451112233,923009998882,410016754802836,35678901998166,2026-04-05 14:10:47,2026-04-05 14:10:47,OUTGOING,0,7095,526,CELL-LB-02,31.511606,74.346096,SMS,Liberty Market
923001110002,923009998888,923001110002,410015547386998,35678901326383,2026-04-10 23:30:24,2026-04-10 23:30:24,INCOMING,2621748,8539,685,CELL-MT-03,31.482703,74.323279,GPRS,Model Town
923001110001,923001110001,923009998886,410011495734511,35678901256412,2026-04-10 23:35:05,2026-04-10 23:35:05,OUTGOING,6698582,2663,963,CELL-ARP-08,31.523041,74.404604,GPRS,Airport Road
923001110001,923001110001,923009998886,410011294850571,35678901555560,2026-04-03 19:08:32,2026-04-03 19:08:32,OUTGOING,4066740,7325,154,CELL-LB-02,31.509489,74.343376,GPRS,Liberty Market
923001110001,923001110001,923009998883,410011065425887,35678901470428,2026-04-05 14:18:13,2026-04-05 14:18:13,OUTGOING,3012964,3211,776,CELL-LB-02,31.509072,74.342708,GPRS,Liberty Market
923001110003,923001110003,923009998881,410017655591317,35678901694935,2026-04-12 19:00:39,2026-04-12 19:00:39,OUTGOING,3997832,1660,974,CELL-GLB-01,31.519611,74.3596,GPRS,Gulberg
923331234567,923331234567,923009998885,410013502624345,35678901325041,2026-04-14 14:17:17,2026-04-14 14:17:17,OUTGOING,1362353,2259,151,CELL-GLB-01,31.519797,74.357457,GPRS,Gulberg
923461678183,923009998885,923461678183,410014432085555,35678901774749,2026-04-11 00:00:52,2026-04-11 00:02:55,INCOMING,0,4881,777,CELL-GLB-01,31.521625,74.358049,VOLTE,Gulberg
923461678183,923009998886,923461678183,410014114969478,35678901880054,2026-04-14 14:31:56,2026-04-14 14:31:56,INCOMING,0,1733,201,CELL-GLB-01,31.519823,74.357724,SMS,Gulberg
923461678183,923461678183,923009998882,410012959107218,35678901388859,2026-04-11 00:10:35,2026-04-11 00:10:35,OUTGOING,0,2824,820,CELL-LB-02,31.510406,74.344585,CALL,Liberty Market
923001110002,923001110002,923009998888,410015169023626,35678901908928,2026-04-07 09:45:02,2026-04-07 09:45:02,OUTGOING,965325,7129,904,CELL-MT-03,31.484013,74.324285,GPRS,Model Town
923001110003,923001110003,923009998882,410019610144056,35678901730645,2026-04-05 14:32:32,2026-04-05 14:32:32,OUTGOING,0,6458,668,CELL-GLB-01,31.520109,74.358618,SMS,Gulberg
923001110002,923009998887,923001110002,410015559898735,35678901547775,2026-04-11 00:25:25,2026-04-11 00:25:25,INCOMING,7718188,2632,643,CELL-DHA-05,31.468411,74.411665,GPRS,DHA Phase 5
923461678183,923461678183,923009998888,410016257055438,35678901992930,2026-04-12 19:48:12,2026-04-12 19:48:12,OUTGOING,7452794,6955,454,CELL-MT-03,31.484336,74.323753,GPRS,Model Town
923001110001,923001110001,923009998886,410015936910281,35678901340062,2026-04-12 19:54:54,2026-04-12 19:54:54,OUTGOING,6754406,2350,168,CELL-ARP-08,31.519616,74.402296,GPRS,Airport Road
923001110002,923009998886,923001110002,410012887753204,35678901820524,2026-04-07 10:00:49,2026-04-07 10:00:49,INCOMING,0,6844,657,CELL-MT-03,31.483127,74.323428,SMS,Model Town
923461678183,923461678183,923009998888,410014395760857,35678901855763,2026-04-12 20:06:01,2026-04-12 20:06:01,OUTGOING,0,8084,793,CELL-MT-03,31.484912,74.322085,SMS,Model Town
923001110003,923001110003,923009998884,410012274426560,35678901122284,2026-04-11 00:50:32,2026-04-11 01:05:57,OUTGOING,0,2846,415,CELL-GLB-01,31.521606,74.360145,VOLTE,Gulberg
923331234567,923009998885,923331234567,410012692424970,35678901299045,2026-04-12 20:18:02,2026-04-12 20:18:02,INCOMING,6277126,5568,394,CELL-DHA-05,31.469883,74.407817,GPRS,DHA Phase 5
923001110001,923009998881,923001110001,410012895403574,35678901333062,2026-04-11 01:00:57,2026-04-11 01:00:57,INCOMING,7672325,6293,401,CELL-GLB-01,31.518867,74.360218,GPRS,Gulberg
923001110002,923001110002,923009998884,410011626427068,35678901267170,2026-04-09 05:40:39,2026-04-09 05:40:39,OUTGOING,492323,7831,387,CELL-DHA-05,31.468754,74.408902,GPRS,DHA Phase 5
923331234567,923009998886,923331234567,410018552090124,35678901251887,2026-04-05 14:52:08,2026-04-05 14:52:08,INCOMING,5407925,1164,471,CELL-ARP-08,31.523297,74.405252,GPRS,Airport Road
923461678183,923461678183,923009998881,410018652341477,35678901714379,2026-04-05 14:54:29,2026-04-05 14:54:29,OUTGOING,3188665,2550,970,CELL-DHA-05,31.47128,74.411565,GPRS,DHA Phase 5
923001110001,923001110001,923009998888,410016424052803,35678901500098,2026-04-12 20:48:52,2026-04-12 20:48:52,OUTGOING,1816205,4745,259,CELL-LB-02,31.509406,74.345398,GPRS,Liberty Market
923001110003,923001110003,923009998881,410015017388619,35678901726651,2026-04-07 10:27:48,2026-04-07 10:27:48,OUTGOING,6678911,5248,139,CELL-GLB-01,31.520283,74.357355,GPRS,Gulberg
923331234567,923009998881,923331234567,410014339780305,35678901115268,2026-04-11 01:30:03,2026-04-11 01:42:11,INCOMING,0,7869,557,CELL-MT-03,31.481488,74.324689,VOLTE,Model Town
923001110002,923001110002,923009998887,410014979043992,35678901146687,2026-04-07 10:33:11,2026-04-07 10:44:59,OUTGOING,0,5907,139,CELL-LB-02,31.510823,74.344717,CALL,Liberty Market
923001110003,923001110003,923009998881,410013811894405,35678901537307,2026-04-05 15:04:36,2026-04-05 15:04:36,OUTGOING,3865781,7655,604,CELL-LB-02,31.509975,74.345078,GPRS,Liberty Market
923331234567,923009998882,923331234567,410012173737976,35678901914754,2026-04-14 16:51:14,2026-04-14 16:51:14,INCOMING,2787336,2387,564,CELL-DHA-05,31.46948,74.410039,GPRS,DHA Phase 5
923461678183,923461678183,923009998881,410017819764626,35678901355567,2026-04-05 15:08:09,2026-04-05 15:08:09,OUTGOING,0,4635,941,CELL-ARP-08,31.520465,74.404816,SMS,Airport Road
923461678183,923009998885,923461678183,410019185709974,35678901828595,2026-04-07 10:45:11,2026-04-07 10:45:11,INCOMING,0,4565,777,CELL-DHA-05,31.467703,74.411464,CALL,DHA Phase 5
923001110003,923001110003,923009998885,410014904520905,35678901639958,2026-04-14 17:12:35,2026-04-14 17:12:35,OUTGOING,775684,5538,896,CELL-MT-03,31.484258,74.324522,GPRS,Model Town
923461678183,923461678183,923009998881,410016750591827,35678901183570,2026-04-09 06:28:13,2026-04-09 06:54:52,OUTGOING,0,9940,734,CELL-LB-02,31.509207,74.344456,CALL,Liberty Market
923461678183,923461678183,923009998882,410018309896500,35678901285642,2026-04-09 06:32:03,2026-04-09 06:59:50,OUTGOING,0,5614,528,CELL-GLB-01,31.520543,74.359394,CALL,Gulberg
923331234567,923009998881,923331234567,410019166058814,35678901374863,2026-04-03 19:39:31,2026-04-03 19:39:31,INCOMING,0,5567,620,CELL-MT-03,31.482579,74.321194,SMS,Model Town
923001110002,923009998884,923001110002,410016135498423,35678901265155,2026-04-14 17:40:23,2026-04-14 17:40:23,INCOMING,6249829,9954,448,CELL-LB-02,31.511998,74.344167,GPRS,Liberty Market
923451112233,923009998884,923451112233,410013661982535,35678901845903,2026-04-12 22:06:55,2026-04-12 22:06:55,INCOMING,5944892,8450,806,CELL-GLB-01,31.520558,74.358131,GPRS,Gulberg
923461678183,923009998887,923461678183,410011194123338,35678901182750,2026-04-03 19:42:28,2026-04-03 19:42:28,INCOMING,4515175,6038,114,CELL-DHA-05,31.468035,74.410579,GPRS,DHA Phase 5
923001110002,923001110002,923009998887,410015881848738,35678901222978,2026-04-12 22:18:44,2026-04-12 22:18:44,OUTGOING,0,8753,250,CELL-ARP-08,31.520002,74.404571,SMS,Airport Road
923001110001,923001110001,923009998885,410016765799236,35678901294735,2026-04-11 02:40:26,2026-04-11 02:40:26,OUTGOING,7506619,9111,717,CELL-DHA-05,31.470422,74.40871,GPRS,DHA Phase 5
923001110001,923001110001,923009998881,410016592364556,35678901577805,2026-04-03 19:45:16,2026-04-03 19:54:43,OUTGOING,0,5413,600,CELL-MT-03,31.481523,74.321332,CALL,Model Town
923331234567,923331234567,923009998882,410013711805701,35678901594805,2026-04-09 07:04:45,2026-04-09 07:04:45,OUTGOING,5276539,2896,950,CELL-LB-02,31.511029,74.342815,GPRS,Liberty Market
923461678183,923461678183,923009998884,410013907670554,35678901402439,2026-04-11 02:55:41,2026-04-11 02:55:41,OUTGOING,0,9368,297,CELL-ARP-08,31.523505,74.403431,SMS,Airport Road
923331234567,923331234567,923009998883,410013663049018,35678901295305,2026-04-14 18:36:57,2026-04-14 19:01:52,OUTGOING,0,3339,265,CELL-LB-02,31.508992,74.342394,VOLTE,Liberty Market
923001110002,923009998886,923001110002,410014895180131,35678901174503,2026-04-14 18:43:31,2026-04-14 18:43:31,INCOMING,1616966,9746,713,CELL-MT-03,31.484481,74.324865,GPRS,Model Town
923001110002,923009998886,923001110002,410013116609330,35678901417038,2026-04-09 07:20:08,2026-04-09 07:20:08,INCOMING,1915774,7508,895,CELL-DHA-05,31.470656,74.408623,GPRS,DHA Phase 5
923451112233,923451112233,923009998884,410017929017232,35678901622788,2026-04-07 11:33:11,2026-04-07 11:33:11,OUTGOING,4373186,4580,392,CELL-LB-02,31.511669,74.342111,GPRS,Liberty Market
923001110003,923001110003,923009998888,410012522746000,35678901289724,2026-04-05 15:44:17,2026-04-05 15:44:17,OUTGOING,2324713,8128,824,CELL-DHA-05,31.471023,74.410246,GPRS,DHA Phase 5
923001110003,923001110003,923009998888,410016781813460,35678901340053,2026-04-11 03:25:24,2026-04-11 03:25:24,OUTGOING,7728467,6617,695,CELL-DHA-05,31.470096,74.408592,GPRS,DHA Phase 5
923461678183,923461678183,923009998884,410019524088765,35678901801153,2026-04-07 11:42:34,2026-04-07 11:42:34,OUTGOING,6647049,7619,275,CELL-GLB-01,31.518488,74.357804,GPRS,Gulberg
923001110001,923001110001,923009998885,410012314637091,35678901414670,2026-04-14 19:25:59,2026-04-14 19:25:59,OUTGOING,7231039,6551,858,CELL-DHA-05,31.470732,74.408136,GPRS,DHA Phase 5
923331234567,923009998884,923331234567,410017252019865,35678901169692,2026-04-05 15:52:05,2026-04-05 15:57:39,INCOMING,0,1863,920,CELL-ARP-08,31.521819,74.404929,CALL,Airport Road
923001110003,923001110003,923009998883,410011855167124,35678901721433,2026-04-14 19:39:24,2026-04-14 19:39:24,OUTGOING,764296,7050,543,CELL-LB-02,31.510627,74.344932,GPRS,Liberty Market
923451112233,923009998886,923451112233,410012527563747,35678901197028,2026-04-05 15:56:13,2026-04-05 15:56:13,INCOMING,1355588,1915,841,CELL-GLB-01,31.520096,74.359774,GPRS,Gulberg
923331234567,923009998882,923331234567,410015489466713,35678901527892,2026-04-05 15:58:51,2026-04-05 15:58:51,INCOMING,6418816,3856,536,CELL-DHA-05,31.471451,74.411041,GPRS,DHA Phase 5
923001110001,923009998885,923001110001,410015516762383,35678901315662,2026-04-11 04:00:39,2026-04-11 04:00:39,INCOMING,7783543,3957,800,CELL-DHA-05,31.469386,74.410463,GPRS,DHA Phase 5
923451112233,923009998886,923451112233,410013661214014,35678901713547,2026-04-13 00:06:00,2026-04-13 00:06:00,INCOMING,0,6173,422,CELL-MT-03,31.482877,74.323602,SMS,Model Town
923001110003,923009998887,923001110003,410012543925666,35678901159912,2026-04-05 16:04:13,2026-04-05 16:04:13,INCOMING,4701476,3666,770,CELL-DHA-05,31.469564,74.411089,GPRS,DHA Phase 5
923001110001,923001110001,923009998887,410011953351310,35678901122508,2026-04-13 00:18:53,2026-04-13 00:18:53,OUTGOING,0,7542,928,CELL-GLB-01,31.522082,74.359575,SMS,Gulberg
923001110001,923001110001,923009998888,410011125391044,35678901222700,2026-04-09 08:16:41,2026-04-09 08:16:41,OUTGOING,4434788,8863,463,CELL-DHA-05,31.469425,74.409481,GPRS,DHA Phase 5
923001110003,923001110003,923009998885,410018265850536,35678901155842,2026-04-13 00:30:22,2026-04-13 00:30:22,OUTGOING,0,2877,505,CELL-MT-03,31.48478,74.321455,SMS,Model Town
923001110003,923001110003,923009998882,410011657551957,35678901675738,2026-04-11 04:30:43,2026-04-11 04:30:43,OUTGOING,0,6784,868,CELL-GLB-01,31.520244,74.357554,SMS,Gulberg
923451112233,923009998881,923451112233,410017843712727,35678901211054,2026-04-03 20:07:37,2026-04-03 20:07:37,INCOMING,3461226,1132,241,CELL-ARP-08,31.521158,74.404242,GPRS,Airport Road
923461678183,923461678183,923009998884,410017201464462,35678901322543,2026-04-07 12:24:09,2026-04-07 12:47:43,OUTGOING,0,3840,972,CELL-GLB-01,31.520415,74.358983,VOLTE,Gulberg
923001110003,923001110003,923009998885,410014985706108,35678901376006,2026-04-14 21:03:23,2026-04-14 21:03:23,OUTGOING,0,6561,925,CELL-LB-02,31.508939,74.344696,SMS,Liberty Market
923451112233,923451112233,923009998881,410012293301518,35678901809564,2026-04-05 16:20:45,2026-04-05 16:20:45,OUTGOING,0,5461,264,CELL-ARP-08,31.520621,74.402434,SMS,Airport Road
923001110003,923001110003,923009998886,410017997906400,35678901660304,2026-04-14 21:17:45,2026-04-14 21:41:53,OUTGOING,0,3732,362,CELL-MT-03,31.481425,74.322594,VOLTE,Model Town
923001110002,923009998887,923001110002,410011498618161,35678901310768,2026-04-14 21:24:27,2026-04-14 21:24:27,INCOMING,5306444,2596,145,CELL-DHA-05,31.471115,74.408702,GPRS,DHA Phase 5
923001110003,923009998881,923001110003,410014134373383,35678901348951,2026-04-11 05:05:14,2026-04-11 05:05:14,INCOMING,6999648,4939,256,CELL-DHA-05,31.469552,74.409848,GPRS,DHA Phase 5
923331234567,923331234567,923009998886,410013272828138,35678901501124,2026-04-05 16:28:57,2026-04-05 16:28:57,OUTGOING,4951800,2168,759,CELL-LB-02,31.508236,74.344262,GPRS,Liberty Market
923001110001,923009998887,923001110001,410019523851394,35678901650309,2026-04-11 05:15:20,2026-04-11 05:15:20,INCOMING,7808595,4120,528,CELL-GLB-01,31.518676,74.357707,GPRS,Gulberg
923001110003,923009998886,923001110003,410011877244279,35678901926066,2026-04-07 12:48:34,2026-04-07 12:48:34,INCOMING,0,2424,860,CELL-GLB-01,31.520482,74.358135,SMS,Gulberg
923001110001,923009998885,923001110001,410011833778920,35678901937432,2026-04-03 20:17:14,2026-04-03 20:17:14,INCOMING,5208054,4678,617,CELL-DHA-05,31.469643,74.40947,GPRS,DHA Phase 5
923001110002,923009998887,923001110002,410019055849386,35678901295446,2026-04-09 09:12:10,2026-04-09 09:12:10,INCOMING,4179789,3998,633,CELL-ARP-08,31.520764,74.401919,GPRS,Airport Road
923461678183,923009998883,923461678183,410014706784174,35678901423985,2026-04-09 09:16:49,2026-04-09 09:16:49,INCOMING,19751,8591,830,CELL-DHA-05,31.471549,74.411643,GPRS,DHA Phase 5
923331234567,923009998882,923331234567,410016497824176,35678901453941,2026-04-05 16:40:58,2026-04-05 16:40:58,INCOMING,0,4968,952,CELL-GLB-01,31.520796,74.359775,SMS,Gulberg
923001110002,923009998886,923001110002,410014074326202,35678901900541,2026-04-11 05:45:01,2026-04-11 05:45:01,INCOMING,5137683,6518,994,CELL-LB-02,31.510217,74.343294,GPRS,Liberty Market
923001110003,923009998888,923001110003,410011756227362,35678901704154,2026-04-05 16:44:29,2026-04-05 16:44:29,INCOMING,0,1938,520,CELL-DHA-05,31.467787,74.410653,SMS,DHA Phase 5
923001110001,923009998888,923001110001,410012808157787,35678901740392,2026-04-05 16:46:03,2026-04-05 16:55:17,INCOMING,0,1292,152,CELL-GLB-01,31.521831,74.358126,VOLTE,Gulberg
923331234567,923331234567,923009998881,410015797533599,35678901595796,2026-04-09 09:36:05,2026-04-09 09:49:59,OUTGOING,0,3330,894,CELL-GLB-01,31.518716,74.356817,VOLTE,Gulberg
923451112233,923451112233,923009998883,410019992956740,35678901338085,2026-04-03 20:25:05,2026-04-03 20:33:40,OUTGOING,0,6242,317,CELL-GLB-01,31.519401,74.3592,CALL,Gulberg
923451112233,923451112233,923009998886,410018373322363,35678901348475,2026-04-13 02:36:49,2026-04-13 02:36:49,OUTGOING,4324528,7300,392,CELL-GLB-01,31.519929,74.358275,GPRS,Gulberg
923331234567,923331234567,923009998886,410018700699533,35678901945870,2026-04-07 13:21:19,2026-04-07 13:21:19,OUTGOING,6529303,6091,194,CELL-MT-03,31.48343,74.322142,GPRS,Model Town
923001110002,923009998888,923001110002,410013978885402,35678901338690,2026-04-14 23:16:51,2026-04-14 23:35:36,INCOMING,0,5606,719,CELL-ARP-08,31.521545,74.405063,VOLTE,Airport Road
923001110001,923001110001,923009998882,410011959646491,35678901957025,2026-04-14 23:23:09,2026-04-14 23:23:09,OUTGOING,1209243,1025,253,CELL-GLB-01,31.520795,74.357249,GPRS,Gulberg
923451112233,923009998888,923451112233,410017684666075,35678901588250,2026-04-05 17:00:42,2026-04-05 17:00:42,INCOMING,0,3058,878,CELL-LB-02,31.51206,74.342811,SMS,Liberty Market
923001110002,923001110002,923009998887,410016924655617,35678901673783,2026-04-13 03:06:38,2026-04-13 03:06:38,OUTGOING,0,7019,545,CELL-ARP-08,31.522639,74.404972,SMS,Airport Road
923001110003,923009998884,923001110003,410017600120541,35678901994389,2026-04-11 06:40:59,2026-04-11 06:40:59,INCOMING,3879176,5824,592,CELL-MT-03,31.484941,74.323982,GPRS,Model Town
923001110001,923001110001,923009998882,410018738785603,35678901800725,2026-04-05 17:06:24,2026-04-05 17:25:06,OUTGOING,0,3122,815,CELL-MT-03,31.48199,74.321173,CALL,Model Town
923461678183,923461678183,923009998881,410019848468023,35678901884732,2026-04-07 13:42:06,2026-04-07 13:42:06,OUTGOING,7450619,9291,290,CELL-DHA-05,31.470225,74.408067,GPRS,DHA Phase 5
923001110002,923001110002,923009998881,410018089782942,35678901679484,2026-04-15 00:05:00,2026-04-15 00:19:24,OUTGOING,0,2272,229,CELL-ARP-08,31.520276,74.403071,VOLTE,Airport Road
923001110001,923009998884,923001110001,410013280386975,35678901573703,2026-04-09 10:24:53,2026-04-09 10:50:55,INCOMING,0,2461,118,CELL-MT-03,31.482277,74.322325,VOLTE,Model Town
923001110003,923001110003,923009998886,410016856194689,35678901958048,2026-04-05 17:14:13,2026-04-05 17:15:08,OUTGOING,0,1714,224,CELL-LB-02,31.509386,74.345818,CALL,Liberty Market
923001110003,923009998885,923001110003,410014241335984,35678901871620,2026-04-03 20:38:28,2026-04-03 21:04:43,INCOMING,0,7275,759,CELL-DHA-05,31.468397,74.409924,CALL,DHA Phase 5
923001110002,923009998883,923001110002,410018778765172,35678901879839,2026-04-11 07:15:27,2026-04-11 07:15:27,INCOMING,5895243,8423,692,CELL-ARP-08,31.520102,74.40185,GPRS,Airport Road
923001110001,923009998882,923001110001,410016380723419,35678901226217,2026-04-05 17:20:31,2026-04-05 17:47:57,INCOMING,0,6179,222,CELL-ARP-08,31.522647,74.402134,VOLTE,Airport Road
923001110003,923001110003,923009998881,410019673093378,35678901668132,2026-04-05 17:22:17,2026-04-05 17:22:17,OUTGOING,0,3214,881,CELL-GLB-01,31.520531,74.357135,SMS,Gulberg
923451112233,923009998883,923451112233,410013057654201,35678901101972,2026-04-03 20:42:59,2026-04-03 21:07:19,INCOMING,0,5290,722,CELL-LB-02,31.510867,74.343611,VOLTE,Liberty Market
923001110001,923009998881,923001110001,410013591598758,35678901719050,2026-04-13 04:18:26,2026-04-13 04:33:00,INCOMING,0,4902,805,CELL-ARP-08,31.51977,74.404646,CALL,Airport Road
923001110001,923009998881,923001110001,410018767551425,35678901845132,2026-04-13 04:24:09,2026-04-13 04:24:09,INCOMING,4639133,1811,870,CELL-GLB-01,31.522197,74.358342,GPRS,Gulberg
923461678183,923461678183,923009998888,410019325871584,35678901375622,2026-04-13 04:30:25,2026-04-13 04:46:57,OUTGOING,0,4895,150,CELL-GLB-01,31.522132,74.357687,VOLTE,Gulberg
923001110002,923009998882,923001110002,410016785889959,35678901751142,2026-04-09 11:04:35,2026-04-09 11:04:35,INCOMING,0,8392,682,CELL-DHA-05,31.471441,74.409648,SMS,DHA Phase 5
923331234567,923009998883,923331234567,410017060026241,35678901931887,2026-04-07 14:21:45,2026-04-07 14:21:45,INCOMING,255074,7205,215,CELL-ARP-08,31.522635,74.405213,GPRS,Airport Road
923001110002,923009998887,923001110002,410015444536644,35678901925511,2026-04-13 04:48:16,2026-04-13 04:48:16,INCOMING,2139079,2875,636,CELL-DHA-05,31.468927,74.409598,GPRS,DHA Phase 5
923331234567,923009998888,923331234567,410013180829999,35678901673886,2026-04-05 17:38:38,2026-04-05 17:42:40,INCOMING,0,8451,971,CELL-ARP-08,31.520674,74.402731,CALL,Airport Road
923001110003,923001110003,923009998883,410015908500678,35678901587361,2026-04-03 20:50:35,2026-04-03 20:50:35,OUTGOING,4636557,9451,818,CELL-ARP-08,31.521671,74.401778,GPRS,Airport Road
923331234567,923009998886,923331234567,410015917742855,35678901188919,2026-04-11 08:15:41,2026-04-11 08:15:41,INCOMING,0,8303,545,CELL-MT-03,31.482231,74.321193,SMS,Model Town
923331234567,923009998883,923331234567,410013616067779,35678901163278,2026-04-13 05:12:31,2026-04-13 05:12:31,INCOMING,2477398,1707,708,CELL-MT-03,31.482685,74.324725,GPRS,Model Town
923001110003,923009998885,923001110003,410019063372173,35678901900125,2026-04-15 02:11:26,2026-04-15 02:11:26,INCOMING,7886037,5259,537,CELL-ARP-08,31.521678,74.402302,GPRS,Airport Road
923451112233,923009998881,923451112233,410019743241577,35678901576925,2026-04-03 20:54:32,2026-04-03 20:54:32,INCOMING,888381,8253,220,CELL-GLB-01,31.52132,74.35753,GPRS,Gulberg
923001110003,923009998886,923001110003,410015329084673,35678901638984,2026-04-07 14:45:10,2026-04-07 14:45:10,INCOMING,3179768,4538,627,CELL-ARP-08,31.522927,74.404288,GPRS,Airport Road
923001110002,923001110002,923009998887,410013810385122,35678901128642,2026-04-07 14:48:21,2026-04-07 14:48:21,OUTGOING,0,8990,486,CELL-MT-03,31.484907,74.32259,SMS,Model Town
923331234567,923331234567,923009998886,410014296419806,35678901944288,2026-04-07 14:51:53,2026-04-07 14:51:53,OUTGOING,2568020,7451,931,CELL-MT-03,31.483599,74.324381,GPRS,Model Town
923001110001,923009998885,923001110001,410016991465574,35678901760441,2026-04-03 20:58:30,2026-04-03 20:58:30,INCOMING,0,4524,965,CELL-ARP-08,31.519878,74.405493,SMS,Airport Road
923001110003,923001110003,923009998882,410011776531317,35678901506145,2026-04-15 02:53:34,2026-04-15 02:53:34,OUTGOING,3556256,6165,393,CELL-GLB-01,31.518538,74.35778,GPRS,Gulberg
923001110002,923001110002,923009998883,410017178074773,35678901307953,2026-04-15 03:00:37,2026-04-15 03:00:37,OUTGOING,3374389,1169,400,CELL-ARP-08,31.523589,74.401919,GPRS,Airport Road
923461678183,923461678183,923009998885,410016287431815,35678901146608,2026-04-11 09:05:46,2026-04-11 09:05:46,OUTGOING,0,3684,409,CELL-MT-03,31.482493,74.324395,CALL,Model Town
923451112233,923009998884,923451112233,410018738270027,35678901341535,2026-04-13 06:12:45,2026-04-13 06:12:45,INCOMING,0,3613,739,CELL-LB-02,31.510431,74.346045,SMS,Liberty Market
923451112233,923451112233,923009998885,410014144340399,35678901107879,2026-04-03 21:03:29,2026-04-03 21:23:54,OUTGOING,0,8390,733,CELL-DHA-05,31.470944,74.411101,CALL,DHA Phase 5
923451112233,923009998886,923451112233,410011692439584,35678901749038,2026-04-15 03:28:02,2026-04-15 03:43:09,INCOMING,0,8791,829,CELL-GLB-01,31.52188,74.359887,CALL,Gulberg
923461678183,923009998887,923461678183,410013388279172,35678901990191,2026-04-05 18:10:41,2026-04-05 18:10:41,INCOMING,5191853,1476,521,CELL-GLB-01,31.518888,74.35698,GPRS,Gulberg
923461678183,923461678183,923009998882,410011655479045,35678901819328,2026-04-03 21:06:37,2026-04-03 21:06:37,OUTGOING,264647,3691,580,CELL-LB-02,31.508246,74.345011,GPRS,Liberty Market
923331234567,923009998882,923331234567,410018676642979,35678901423312,2026-04-11 09:35:41,2026-04-11 09:35:41,INCOMING,0,4939,915,CELL-DHA-05,31.469131,74.409803,SMS,DHA Phase 5
923451112233,923009998882,923451112233,410015359928283,35678901566640,2026-04-05 18:16:59,2026-04-05 18:21:33,INCOMING,0,7225,981,CELL-MT-03,31.483621,74.324571,VOLTE,Model Town
923451112233,923451112233,923009998883,410014446384060,35678901753738,2026-04-13 06:54:58,2026-04-13 07:16:10,OUTGOING,0,7776,995,CELL-LB-02,31.511717,74.342312,CALL,Liberty Market
923001110001,923001110001,923009998883,410013294066426,35678901221289,2026-04-11 09:50:47,2026-04-11 09:50:47,OUTGOING,5373803,8784,675,CELL-LB-02,31.511075,74.344196,GPRS,Liberty Market
923331234567,923009998885,923331234567,410017007281056,35678901997524,2026-04-15 04:17:12,2026-04-15 04:17:12,INCOMING,6899041,1121,181,CELL-MT-03,31.484536,74.324252,GPRS,Model Town
923001110002,923001110002,923009998888,410017399404957,35678901467160,2026-04-05 18:24:23,2026-04-05 18:24:23,OUTGOING,0,5266,159,CELL-ARP-08,31.522329,74.402938,SMS,Airport Road
923001110001,923009998884,923001110001,410013381231654,35678901498614,2026-04-07 15:39:42,2026-04-07 15:39:42,INCOMING,7746809,2217,779,CELL-ARP-08,31.523216,74.401734,GPRS,Airport Road
923331234567,923009998888,923331234567,410017170696275,35678901164028,2026-04-13 07:24:22,2026-04-13 07:36:30,INCOMING,0,3704,533,CELL-ARP-08,31.52345,74.402422,CALL,Airport Road
923001110002,923001110002,923009998883,410016187440763,35678901340378,2026-04-15 04:45:39,2026-04-15 04:45:39,OUTGOING,0,4606,583,CELL-LB-02,31.510595,74.343108,SMS,Liberty Market
923001110001,923009998883,923001110001,410019210351421,35678901502791,2026-04-11 10:20:27,2026-04-11 10:20:27,INCOMING,907152,3787,765,CELL-GLB-01,31.521792,74.357528,GPRS,Gulberg
923001110003,923001110003,923009998881,410018881602468,35678901847561,2026-04-09 13:08:48,2026-04-09 13:28:58,OUTGOING,0,5386,974,CELL-ARP-08,31.523118,74.401749,VOLTE,Airport Road
923001110003,923009998883,923001110003,410018582802890,35678901338100,2026-04-15 05:06:41,2026-04-15 05:25:38,INCOMING,0,5843,978,CELL-ARP-08,31.522941,74.405049,VOLTE,Airport Road
923001110003,923009998881,923001110003,410018136543803,35678901108398,2026-04-07 15:57:51,2026-04-07 16:00:12,INCOMING,0,9164,368,CELL-MT-03,31.481612,74.323296,VOLTE,Model Town
923001110002,923009998884,923001110002,410014847327986,35678901590842,2026-04-07 16:00:03,2026-04-07 16:00:03,INCOMING,0,7969,473,CELL-GLB-01,31.518803,74.357375,SMS,Gulberg
923001110002,923009998883,923001110002,410017336388936,35678901176985,2026-04-13 08:06:46,2026-04-13 08:06:46,INCOMING,1326251,8817,106,CELL-DHA-05,31.468382,74.410738,GPRS,DHA Phase 5
923001110001,923001110001,923009998883,410012323228518,35678901745910,2026-04-15 05:34:41,2026-04-15 05:34:41,OUTGOING,2185008,5789,811,CELL-GLB-01,31.522066,74.358933,GPRS,Gulberg
923001110003,923009998885,923001110003,410018879593478,35678901543533,2026-04-13 08:18:23,2026-04-13 08:44:32,INCOMING,0,4902,128,CELL-GLB-01,31.522342,74.356909,VOLTE,Gulberg
923331234567,923331234567,923009998881,410013163141423,35678901579148,2026-04-11 11:00:48,2026-04-11 11:00:48,OUTGOING,0,9297,840,CELL-DHA-05,31.469513,74.410389,SMS,DHA Phase 5
923331234567,923331234567,923009998883,410019169392955,35678901508899,2026-04-13 08:30:43,2026-04-13 08:30:43,OUTGOING,3861977,1198,165,CELL-LB-02,31.508745,74.343212,GPRS,Liberty Market
923001110002,923009998888,923001110002,410014872693737,35678901425053,2026-04-05 18:52:17,2026-04-05 19:10:30,INCOMING,0,4160,412,CELL-MT-03,31.483324,74.323821,CALL,Model Town
923461678183,923461678183,923009998886,410018309673831,35678901212621,2026-04-03 21:27:45,2026-04-03 21:27:45,OUTGOING,4529192,7393,369,CELL-DHA-05,31.471578,74.408518,GPRS,DHA Phase 5
923001110003,923009998888,923001110003,410012212397529,35678901979881,2026-04-05 18:56:51,2026-04-05 18:56:51,INCOMING,0,4480,687,CELL-MT-03,31.483445,74.32184,SMS,Model Town
923001110001,923001110001,923009998884,410015901803070,35678901247256,2026-04-07 16:27:03,2026-04-07 16:27:03,OUTGOING,429223,3933,200,CELL-MT-03,31.482448,74.322239,GPRS,Model Town
923001110003,923001110003,923009998887,410017942970088,35678901829742,2026-04-05 19:00:20,2026-04-05 19:00:20,OUTGOING,0,8718,569,CELL-LB-02,31.51179,74.342108,SMS,Liberty Market
923331234567,923331234567,923009998888,410012796165411,35678901828600,2026-04-13 09:06:05,2026-04-13 09:06:05,OUTGOING,5193133,1372,364,CELL-MT-03,31.483624,74.320913,GPRS,Model Town
923461678183,923009998888,923461678183,410019953713036,35678901929250,2026-04-03 21:32:37,2026-04-03 21:32:37,INCOMING,1973204,7991,431,CELL-LB-02,31.509731,74.34473,GPRS,Liberty Market
923001110002,923001110002,923009998888,410013521388377,35678901891417,2026-04-09 14:12:40,2026-04-09 14:37:57,OUTGOING,0,6092,730,CELL-LB-02,31.510316,74.344009,CALL,Liberty Market
923461678183,923009998885,923461678183,410011369951841,35678901606071,2026-04-13 09:24:06,2026-04-13 09:32:24,INCOMING,0,3659,800,CELL-LB-02,31.509522,74.342691,CALL,Liberty Market
923001110003,923001110003,923009998887,410015380994074,35678901552310,2026-04-03 21:35:41,2026-04-03 21:35:41,OUTGOING,3986917,4513,400,CELL-DHA-05,31.471253,74.408435,GPRS,DHA Phase 5
923001110002,923009998883,923001110002,410013486797442,35678901533377,2026-04-03 21:36:45,2026-04-03 21:36:45,INCOMING,2524029,1637,484,CELL-LB-02,31.510559,74.342237,GPRS,Liberty Market
923451112233,923009998883,923451112233,410013905653776,35678901539667,2026-04-15 07:19:44,2026-04-15 07:31:27,INCOMING,0,8323,640,CELL-LB-02,31.511241,74.342451,CALL,Liberty Market
923001110003,923001110003,923009998881,410013724281157,35678901164763,2026-04-13 09:48:28,2026-04-13 09:48:28,OUTGOING,0,5191,900,CELL-ARP-08,31.522454,74.405042,CALL,Airport Road
923001110001,923009998886,923001110001,410013421724068,35678901223337,2026-04-07 16:57:58,2026-04-07 17:10:35,INCOMING,0,2110,284,CELL-LB-02,31.508559,74.343751,VOLTE,Liberty Market
923331234567,923009998883,923331234567,410017941563797,35678901605439,2026-04-05 19:20:10,2026-04-05 19:20:10,INCOMING,1706226,2345,427,CELL-ARP-08,31.52335,74.402315,GPRS,Airport Road
923001110002,923001110002,923009998885,410013552710323,35678901463792,2026-04-13 10:06:06,2026-04-13 10:06:06,OUTGOING,0,6374,872,CELL-DHA-05,31.47076,74.408922,SMS,DHA Phase 5
923451112233,923451112233,923009998882,410019636061973,35678901575652,2026-04-09 14:48:18,2026-04-09 14:48:18,OUTGOING,2688619,2875,145,CELL-MT-03,31.483539,74.323548,GPRS,Model Town
923001110003,923009998887,923001110003,410018438196074,35678901524698,2026-04-11 12:35:24,2026-04-11 12:35:24,INCOMING,3650965,8189,821,CELL-DHA-05,31.468045,74.411038,GPRS,DHA Phase 5
923001110001,923009998888,923001110001,410018136791947,35678901154225,2026-04-13 10:24:41,2026-04-13 10:24:41,INCOMING,2778513,9248,307,CELL-ARP-08,31.52265,74.403044,GPRS,Airport Road
923001110003,923001110003,923009998886,410012755720689,35678901579171,2026-04-15 08:15:54,2026-04-15 08:32:26,OUTGOING,0,7964,133,CELL-DHA-05,31.469406,74.411182,CALL,DHA Phase 5
923001110002,923001110002,923009998887,410017553438408,35678901779802,2026-04-03 21:46:42,2026-04-03 22:00:39,OUTGOING,0,9928,982,CELL-DHA-05,31.470537,74.407916,CALL,DHA Phase 5
923461678183,923461678183,923009998884,410018195695349,35678901522428,2026-04-13 10:42:50,2026-04-13 10:42:50,OUTGOING,7673860,6663,292,CELL-LB-02,31.508985,74.343895,GPRS,Liberty Market
923001110003,923009998885,923001110003,410014926301165,35678901541855,2026-04-03 21:48:31,2026-04-03 22:10:08,INCOMING,0,1689,725,CELL-LB-02,31.511465,74.345299,VOLTE,Liberty Market
923461678183,923009998885,923461678183,410015626140406,35678901388976,2026-04-09 15:16:16,2026-04-09 15:16:16,INCOMING,1860615,6984,687,CELL-DHA-05,31.471558,74.407801,GPRS,DHA Phase 5
923001110003,923009998888,923001110003,410013942879833,35678901524650,2026-04-05 19:40:34,2026-04-05 19:40:34,INCOMING,1663912,1551,448,CELL-MT-03,31.481447,74.323847,GPRS,Model Town
923451112233,923451112233,923009998888,410012753506991,35678901646243,2026-04-09 15:24:35,2026-04-09 15:24:35,OUTGOING,5414291,1758,355,CELL-MT-03,31.482852,74.321384,GPRS,Model Town
923331234567,923009998881,923331234567,410014248489833,35678901520993,2026-04-09 15:28:43,2026-04-09 15:28:43,INCOMING,1242721,4072,103,CELL-ARP-08,31.52084,74.403915,GPRS,Airport Road
923461678183,923009998881,923461678183,410019517169492,35678901700589,2026-04-13 11:18:16,2026-04-13 11:18:16,INCOMING,4784668,2104,640,CELL-LB-02,31.512196,74.344343,GPRS,Liberty Market
923331234567,923331234567,923009998882,410014055707801,35678901774099,2026-04-09 15:36:27,2026-04-09 15:36:27,OUTGOING,5882200,4353,984,CELL-DHA-05,31.468675,74.411196,GPRS,DHA Phase 5
923001110001,923009998883,923001110001,410015283656105,35678901900484,2026-04-15 09:25:58,2026-04-15 09:51:37,INCOMING,0,2394,667,CELL-DHA-05,31.470836,74.408803,VOLTE,DHA Phase 5
923001110003,923001110003,923009998883,410017661883486,35678901624010,2026-04-11 13:40:12,2026-04-11 13:40:12,OUTGOING,0,5611,975,CELL-DHA-05,31.468457,74.410831,SMS,DHA Phase 5
923001110001,923009998881,923001110001,410011968089897,35678901961207,2026-04-09 15:48:49,2026-04-09 15:48:49,INCOMING,315989,2808,266,CELL-GLB-01,31.519221,74.357067,GPRS,Gulberg
923001110002,923001110002,923009998887,410017875989837,35678901657934,2026-04-03 21:58:21,2026-04-03 21:58:21,OUTGOING,0,3560,427,CELL-MT-03,31.482897,74.324868,CALL,Model Town
923001110001,923009998883,923001110001,410012235732445,35678901754030,2026-04-11 13:55:43,2026-04-11 14:08:05,INCOMING,0,8655,344,CELL-GLB-01,31.522213,74.358117,CALL,Gulberg
923001110002,923009998881,923001110002,410015280352312,35678901471534,2026-04-15 10:00:22,2026-04-15 10:00:22,INCOMING,5435871,5085,674,CELL-LB-02,31.508427,74.343791,GPRS,Liberty Market
923001110001,923009998886,923001110001,410015550465842,35678901469883,2026-04-09 16:04:03,2026-04-09 16:04:03,INCOMING,805483,7833,126,CELL-DHA-05,31.46916,74.408951,GPRS,DHA Phase 5
923001110001,923009998886,923001110001,410011771609742,35678901344120,2026-04-11 14:10:31,2026-04-11 14:10:31,INCOMING,4147891,3949,520,CELL-GLB-01,31.519895,74.36032,GPRS,Gulberg
923331234567,923331234567,923009998888,410018049212343,35678901633396,2026-04-15 10:21:46,2026-04-15 10:21:46,OUTGOING,2411393,5592,888,CELL-ARP-08,31.522992,74.402493,GPRS,Airport Road
923001110002,923001110002,923009998888,410017312946195,35678901522089,2026-04-11 14:20:08,2026-04-11 14:20:08,OUTGOING,3282538,9012,722,CELL-ARP-08,31.520142,74.40261,GPRS,Airport Road
923001110003,923001110003,923009998881,410012021766243,35678901514249,2026-04-09 16:20:04,2026-04-09 16:20:04,OUTGOING,1553505,7588,694,CELL-DHA-05,31.46967,74.410127,GPRS,DHA Phase 5
923001110001,923001110001,923009998884,410019145600489,35678901321715,2026-04-15 10:42:59,2026-04-15 10:42:59,OUTGOING,7699997,5621,445,CELL-ARP-08,31.522516,74.403605,GPRS,Airport Road
923001110002,923009998882,923001110002,410019720788270,35678901996689,2026-04-11 14:35:37,2026-04-11 14:35:37,INCOMING,1955555,1714,802,CELL-LB-02,31.511429,74.34269,GPRS,Liberty Market
923461678183,923461678183,923009998881,410012673175054,35678901299710,2026-04-11 14:40:19,2026-04-11 14:40:19,OUTGOING,471287,3924,401,CELL-MT-03,31.482432,74.321157,GPRS,Model Town
923001110003,923009998886,923001110003,410016345735324,35678901378907,2026-04-09 16:36:52,2026-04-09 16:52:28,INCOMING,0,2957,461,CELL-LB-02,31.508819,74.344445,VOLTE,Liberty Market
923001110001,923001110001,923009998882,410016851638276,35678901327743,2026-04-05 20:20:34,2026-04-05 20:20:34,OUTGOING,6389334,9949,476,CELL-ARP-08,31.522026,74.401936,GPRS,Airport Road
923331234567,923331234567,923009998882,410012486357281,35678901272542,2026-04-13 13:06:47,2026-04-13 13:06:47,OUTGOING,2089804,8690,474,CELL-MT-03,31.483042,74.323757,GPRS,Model Town
923001110003,923009998886,923001110003,410011314126515,35678901662315,2026-04-03 22:12:34,2026-04-03 22:24:34,INCOMING,0,1659,346,CELL-ARP-08,31.52101,74.404559,VOLTE,Airport Road
923451112233,923009998883,923451112233,410019502611668,35678901297133,2026-04-09 16:52:42,2026-04-09 16:52:42,INCOMING,4897573,6766,138,CELL-DHA-05,31.469858,74.408699,GPRS,DHA Phase 5
923001110001,923009998887,923001110001,410011837316495,35678901736048,2026-04-09 16:56:15,2026-04-09 16:56:15,INCOMING,4788809,2514,538,CELL-GLB-01,31.518693,74.357218,GPRS,Gulberg
923331234567,923331234567,923009998884,410013798563003,35678901202511,2026-04-13 13:30:42,2026-04-13 13:30:42,OUTGOING,7583327,1997,157,CELL-DHA-05,31.467779,74.407719,GPRS,DHA Phase 5
923001110003,923001110003,923009998886,410016013323069,35678901485136,2026-04-07 18:48:35,2026-04-07 18:48:35,OUTGOING,0,7085,331,CELL-MT-03,31.483079,74.322455,SMS,Model Town
923001110001,923009998884,923001110001,410013120498929,35678901837330,2026-04-09 17:08:12,2026-04-09 17:33:40,INCOMING,0,1430,903,CELL-MT-03,31.482258,74.322466,CALL,Model Town
923451112233,923451112233,923009998884,410015545138083,35678901626440,2026-04-11 15:30:20,2026-04-11 15:30:20,OUTGOING,5353201,1935,453,CELL-DHA-05,31.468734,74.408088,GPRS,DHA Phase 5
923451112233,923451112233,923009998882,410017267049786,35678901378778,2026-04-11 15:35:42,2026-04-11 15:55:56,OUTGOING,0,2966,404,CELL-GLB-01,31.518806,74.357917,CALL,Gulberg
923001110003,923009998883,923001110003,410014398450938,35678901918810,2026-04-13 14:00:50,2026-04-13 14:00:50,INCOMING,0,6726,113,CELL-MT-03,31.48399,74.324815,SMS,Model Town
923001110003,923009998884,923001110003,410014384271371,35678901359179,2026-04-15 12:27:35,2026-04-15 12:27:35,INCOMING,0,3349,511,CELL-LB-02,31.50878,74.345253,VOLTE,Liberty Market
923461678183,923009998881,923461678183,410011000910577,35678901232499,2026-04-13 14:12:07,2026-04-13 14:34:28,INCOMING,0,1243,676,CELL-ARP-08,31.520702,74.401987,CALL,Airport Road
923001110001,923009998881,923001110001,410011378901430,35678901103231,2026-04-13 14:18:10,2026-04-13 14:18:10,INCOMING,2567370,7715,584,CELL-GLB-01,31.519004,74.357816,GPRS,Gulberg
923331234567,923009998886,923331234567,410016643325963,35678901632682,2026-04-15 12:48:04,2026-04-15 12:48:04,INCOMING,1386153,2330,774,CELL-GLB-01,31.518737,74.360151,GPRS,Gulberg
923461678183,923009998881,923461678183,410014677252263,35678901683143,2026-04-09 17:40:53,2026-04-09 17:40:53,INCOMING,5763899,3542,244,CELL-LB-02,31.511997,74.343517,GPRS,Liberty Market
923001110003,923001110003,923009998882,410015273219114,35678901539096,2026-04-05 20:52:39,2026-04-05 21:16:42,OUTGOING,0,9806,461,CELL-MT-03,31.482924,74.324059,CALL,Model Town
923001110003,923001110003,923009998883,410015485840135,35678901452486,2026-04-15 13:09:29,2026-04-15 13:09:29,OUTGOING,4755701,8125,856,CELL-DHA-05,31.468197,74.409299,GPRS,DHA Phase 5
923001110003,923001110003,923009998881,410011277361628,35678901427179,2026-04-07 19:24:12,2026-04-07 19:24:12,OUTGOING,0,7923,138,CELL-ARP-08,31.52146,74.402155,SMS,Airport Road
923001110001,923009998882,923001110001,410013348526279,35678901451563,2026-04-07 19:27:30,2026-04-07 19:27:30,INCOMING,0,9895,688,CELL-GLB-01,31.521771,74.359344,SMS,Gulberg
923451112233,923451112233,923009998881,410018178971213,35678901499033,2026-04-07 19:30:05,2026-04-07 19:30:05,OUTGOING,0,5316,328,CELL-DHA-05,31.470757,74.408234,CALL,DHA Phase 5
923461678183,923461678183,923009998884,410019684237017,35678901265686,2026-04-11 16:35:16,2026-04-11 16:35:16,OUTGOING,6019844,7922,296,CELL-LB-02,31.508263,74.344588,GPRS,Liberty Market
923001110002,923001110002,923009998881,410019451497174,35678901452464,2026-04-09 18:08:42,2026-04-09 18:08:42,OUTGOING,724419,8050,534,CELL-LB-02,31.509689,74.342545,GPRS,Liberty Market
923461678183,923009998884,923461678183,410016029862570,35678901429298,2026-04-11 16:45:00,2026-04-11 16:45:00,INCOMING,6217878,7814,704,CELL-GLB-01,31.522187,74.358176,GPRS,Gulberg
923001110003,923009998881,923001110003,410017262772242,35678901767004,2026-04-11 16:50:23,2026-04-11 16:50:23,INCOMING,1261582,1913,652,CELL-LB-02,31.511184,74.344246,GPRS,Liberty Market
923461678183,923009998884,923461678183,410017795639899,35678901100530,2026-04-13 15:30:28,2026-04-13 15:30:28,INCOMING,0,5413,549,CELL-GLB-01,31.519698,74.357353,SMS,Gulberg
923331234567,923331234567,923009998886,410013008369909,35678901434685,2026-04-13 15:36:56,2026-04-13 15:36:56,OUTGOING,0,2106,281,CELL-GLB-01,31.522078,74.360564,SMS,Gulberg
923001110003,923001110003,923009998882,410017615550500,35678901317628,2026-04-13 15:42:12,2026-04-13 15:42:12,OUTGOING,901566,5068,175,CELL-DHA-05,31.469279,74.411155,GPRS,DHA Phase 5
923001110002,923009998886,923001110002,410012197292597,35678901263921,2026-04-09 18:32:14,2026-04-09 18:50:01,INCOMING,0,5095,777,CELL-GLB-01,31.522066,74.357543,VOLTE,Gulberg
923331234567,923331234567,923009998887,410019059265426,35678901437350,2026-04-05 21:18:45,2026-04-05 21:18:45,OUTGOING,0,1437,888,CELL-GLB-01,31.521762,74.356726,SMS,Gulberg
923001110001,923001110001,923009998884,410012273020028,35678901789317,2026-04-07 20:00:22,2026-04-07 20:21:32,OUTGOING,0,8230,318,CELL-LB-02,31.509693,74.344935,CALL,Liberty Market
923001110001,923001110001,923009998886,410016561321429,35678901728768,2026-04-13 16:06:18,2026-04-13 16:06:18,OUTGOING,0,7891,168,CELL-ARP-08,31.521011,74.402679,SMS,Airport Road
923001110001,923001110001,923009998887,410015083855605,35678901634072,2026-04-09 18:48:27,2026-04-09 19:12:17,OUTGOING,0,8045,118,CELL-LB-02,31.509663,74.342777,VOLTE,Liberty Market
923001110003,923001110003,923009998882,410019079447327,35678901698417,2026-04-11 17:35:29,2026-04-11 17:35:29,OUTGOING,4105206,7619,101,CELL-LB-02,31.510009,74.344292,GPRS,Liberty Market
923001110003,923009998888,923001110003,410016803724257,35678901332753,2026-04-11 17:40:21,2026-04-11 17:40:21,INCOMING,7682029,7073,579,CELL-DHA-05,31.471129,74.407971,GPRS,DHA Phase 5
923001110001,923001110001,923009998882,410014099787013,35678901692088,2026-04-07 20:15:50,2026-04-07 20:28:00,OUTGOING,0,6263,760,CELL-LB-02,31.509161,74.342167,CALL,Liberty Market
923451112233,923009998884,923451112233,410013738700509,35678901785968,2026-04-03 22:46:26,2026-04-03 22:46:26,INCOMING,958836,5568,677,CELL-MT-03,31.48279,74.323334,GPRS,Model Town
923001110001,923001110001,923009998883,410017659455982,35678901805062,2026-04-11 17:55:51,2026-04-11 17:56:16,OUTGOING,0,8974,719,CELL-DHA-05,31.471551,74.409305,CALL,DHA Phase 5
923001110002,923001110002,923009998881,410019143704345,35678901340285,2026-04-09 19:12:33,2026-04-09 19:12:33,OUTGOING,4655561,2595,738,CELL-LB-02,31.511924,74.342657,GPRS,Liberty Market
923461678183,923461678183,923009998886,410011231643484,35678901201187,2026-04-05 21:38:46,2026-04-05 21:54:05,OUTGOING,0,6350,689,CELL-GLB-01,31.520787,74.359192,CALL,Gulberg
923331234567,923331234567,923009998885,410016135209539,35678901646688,2026-04-09 19:20:33,2026-04-09 19:20:33,OUTGOING,0,3668,477,CELL-DHA-05,31.47107,74.410954,SMS,DHA Phase 5
923451112233,923451112233,923009998885,410013044165857,35678901728887,2026-04-15 15:57:26,2026-04-15 15:57:26,OUTGOING,1703731,5752,196,CELL-MT-03,31.482279,74.321953,GPRS,Model Town
923451112233,923451112233,923009998886,410016428980839,35678901812548,2026-04-15 16:04:03,2026-04-15 16:12:54,OUTGOING,0,5902,833,CELL-DHA-05,31.470034,74.409398,VOLTE,DHA Phase 5
923461678183,923009998885,923461678183,410015373672800,35678901766958,2026-04-09 19:32:21,2026-04-09 19:32:21,INCOMING,0,3689,374,CELL-ARP-08,31.522433,74.401654,SMS,Airport Road
923001110003,923001110003,923009998881,410017687712146,35678901502830,2026-04-09 19:36:26,2026-04-09 19:36:26,OUTGOING,4001248,2510,210,CELL-GLB-01,31.518923,74.357204,GPRS,Gulberg
923331234567,923009998881,923331234567,410017507268430,35678901787027,2026-04-11 18:35:56,2026-04-11 18:35:56,INCOMING,7801099,9162,404,CELL-LB-02,31.509328,74.343662,GPRS,Liberty Market
923461678183,923461678183,923009998888,410017734948188,35678901961551,2026-04-09 19:44:50,2026-04-09 19:44:50,OUTGOING,0,6669,473,CELL-DHA-05,31.468758,74.410766,SMS,DHA Phase 5
923001110003,923009998886,923001110003,410015926395829,35678901197445,2026-04-05 21:54:43,2026-04-05 21:54:43,INCOMING,3268815,2413,474,CELL-ARP-08,31.520048,74.403994,GPRS,Airport Road
923001110001,923009998885,923001110001,410017431882911,35678901588724,2026-04-03 22:58:12,2026-04-03 22:58:12,INCOMING,4450992,3409,335,CELL-GLB-01,31.522218,74.357158,GPRS,Gulberg
923461678183,923009998886,923461678183,410016331905694,35678901536264,2026-04-15 16:53:34,2026-04-15 16:53:34,INCOMING,4606113,3801,199,CELL-ARP-08,31.5232,74.403282,GPRS,Airport Road
923331234567,923331234567,923009998882,410015873392082,35678901379419,2026-04-05 22:00:35,2026-04-05 22:00:35,OUTGOING,0,4593,268,CELL-ARP-08,31.522893,74.404968,CALL,Airport Road
923451112233,923451112233,923009998883,410019934853508,35678901672995,2026-04-15 17:07:28,2026-04-15 17:07:28,OUTGOING,7140378,7205,857,CELL-GLB-01,31.520874,74.357467,GPRS,Gulberg
923001110003,923001110003,923009998887,410013532395334,35678901708055,2026-04-07 21:06:55,2026-04-07 21:06:55,OUTGOING,0,1448,120,CELL-MT-03,31.485009,74.322079,SMS,Model Town
923331234567,923331234567,923009998887,410018481845256,35678901366225,2026-04-09 20:12:35,2026-04-09 20:12:35,OUTGOING,3333036,4842,399,CELL-MT-03,31.483952,74.323331,GPRS,Model Town
923001110003,923001110003,923009998883,410019013442567,35678901587374,2026-04-05 22:08:23,2026-04-05 22:08:23,OUTGOING,4707038,2358,286,CELL-DHA-05,31.46901,74.411517,GPRS,DHA Phase 5
923001110001,923009998885,923001110001,410011720953404,35678901492996,2026-04-15 17:35:42,2026-04-15 17:35:42,INCOMING,1438365,2259,266,CELL-ARP-08,31.522772,74.402205,GPRS,Airport Road
923001110002,923009998884,923001110002,410017522473411,35678901167931,2026-04-13 18:36:24,2026-04-13 18:36:24,INCOMING,4170632,6029,654,CELL-GLB-01,31.519609,74.358992,GPRS,Gulberg
923461678183,923009998887,923461678183,410013896820744,35678901122876,2026-04-15 17:49:30,2026-04-15 17:55:21,INCOMING,0,8485,898,CELL-ARP-08,31.522038,74.404214,CALL,Airport Road
923001110003,923009998883,923001110003,410016733452247,35678901458419,2026-04-11 19:40:10,2026-04-11 19:40:10,INCOMING,5110268,5205,282,CELL-GLB-01,31.51849,74.359787,GPRS,Gulberg
923331234567,923009998888,923331234567,410012663342580,35678901513602,2026-04-11 19:45:03,2026-04-11 19:45:57,INCOMING,0,7999,865,CELL-LB-02,31.508809,74.344691,CALL,Liberty Market
923001110001,923009998886,923001110001,410013170997219,35678901306880,2026-04-13 19:00:15,2026-04-13 19:00:15,INCOMING,0,9688,247,CELL-DHA-05,31.470095,74.410811,SMS,DHA Phase 5
923001110003,923009998881,923001110003,410017742196569,35678901971735,2026-04-13 19:06:47,2026-04-13 19:15:52,INCOMING,0,9389,340,CELL-ARP-08,31.521878,74.402017,CALL,Airport Road
923331234567,923009998881,923331234567,410016211943588,35678901206032,2026-04-03 23:12:52,2026-04-03 23:12:52,INCOMING,4002556,3214,417,CELL-GLB-01,31.521006,74.35739,GPRS,Gulberg
923461678183,923461678183,923009998881,410012511762456,35678901813491,2026-04-05 22:26:23,2026-04-05 22:26:23,OUTGOING,944042,4665,854,CELL-DHA-05,31.46968,74.409107,GPRS,DHA Phase 5
923461678183,923009998881,923461678183,410012522535720,35678901746737,2026-04-03 23:14:38,2026-04-03 23:14:38,INCOMING,0,3835,436,CELL-DHA-05,31.470284,74.408453,SMS,DHA Phase 5
923001110001,923009998888,923001110001,410014900148692,35678901919319,2026-04-03 23:15:50,2026-04-03 23:15:50,INCOMING,6710586,6282,577,CELL-DHA-05,31.469789,74.411216,GPRS,DHA Phase 5
923451112233,923451112233,923009998882,410013382347600,35678901703668,2026-04-09 21:04:55,2026-04-09 21:04:55,OUTGOING,0,1742,829,CELL-LB-02,31.511656,74.345958,CALL,Liberty Market
923001110002,923001110002,923009998887,410013777610346,35678901573438,2026-04-03 23:17:56,2026-04-03 23:17:56,OUTGOING,0,2202,658,CELL-LB-02,31.511486,74.344198,SMS,Liberty Market
923001110003,923009998883,923001110003,410017375533436,35678901657525,2026-04-05 22:36:17,2026-04-05 22:36:17,INCOMING,1513272,1857,997,CELL-DHA-05,31.468052,74.411142,GPRS,DHA Phase 5
923001110001,923009998883,923001110001,410019131954091,35678901233195,2026-04-09 21:16:45,2026-04-09 21:16:45,INCOMING,3675843,8039,970,CELL-LB-02,31.511577,74.343832,GPRS,Liberty Market
923001110001,923001110001,923009998887,410015230194280,35678901923459,2026-04-05 22:40:59,2026-04-05 22:40:59,OUTGOING,0,3422,924,CELL-ARP-08,31.523501,74.403438,VOLTE,Airport Road
923461678183,923009998888,923461678183,410018124199179,35678901605117,2026-04-05 22:42:05,2026-04-05 22:42:05,INCOMING,3128031,5622,879,CELL-LB-02,31.510985,74.343391,GPRS,Liberty Market
923451112233,923451112233,923009998888,410013015683569,35678901444569,2026-04-13 20:12:22,2026-04-13 20:12:22,OUTGOING,0,2889,575,CELL-ARP-08,31.520185,74.403832,CALL,Airport Road
923451112233,923009998886,923451112233,410018768471387,35678901365874,2026-04-13 20:18:29,2026-04-13 20:18:29,INCOMING,0,9128,406,CELL-GLB-01,31.519315,74.360209,SMS,Gulberg
923451112233,923451112233,923009998884,410011465112565,35678901758426,2026-04-09 21:36:46,2026-04-09 21:36:46,OUTGOING,0,3786,278,CELL-MT-03,31.483044,74.321392,SMS,Model Town
923001110003,923009998885,923001110003,410016635694015,35678901937536,2026-04-03 23:25:32,2026-04-03 23:25:32,INCOMING,1585832,2202,220,CELL-GLB-01,31.519833,74.357399,GPRS,Gulberg
923001110002,923001110002,923009998886,410014487528432,35678901934242,2026-04-07 22:18:24,2026-04-07 22:18:24,OUTGOING,0,1383,148,CELL-DHA-05,31.470898,74.411018,SMS,DHA Phase 5
923001110001,923001110001,923009998884,410014002711123,35678901831323,2026-04-15 20:09:22,2026-04-15 20:09:22,OUTGOING,2042097,1748,193,CELL-ARP-08,31.520382,74.402816,GPRS,Airport Road
923461678183,923461678183,923009998882,410018300190487,35678901320643,2026-04-05 22:56:12,2026-04-05 22:56:12,OUTGOING,7058839,9110,943,CELL-LB-02,31.508656,74.342961,GPRS,Liberty Market
923331234567,923331234567,923009998885,410014498138039,35678901259555,2026-04-05 22:58:15,2026-04-05 22:58:15,OUTGOING,0,4310,305,CELL-LB-02,31.509496,74.345835,SMS,Liberty Market
923451112233,923451112233,923009998882,410019639183982,35678901804831,2026-04-07 22:30:33,2026-04-07 22:30:33,OUTGOING,333238,2368,431,CELL-ARP-08,31.520353,74.402755,GPRS,Airport Road
923001110003,923001110003,923009998887,410019616942590,35678901708088,2026-04-07 22:33:52,2026-04-07 22:33:52,OUTGOING,0,2812,116,CELL-GLB-01,31.520191,74.358863,SMS,Gulberg
923331234567,923009998885,923331234567,410018009887330,35678901793234,2026-04-15 20:44:53,2026-04-15 20:44:53,INCOMING,0,9911,775,CELL-MT-03,31.483733,74.322349,SMS,Model Town
923461678183,923461678183,923009998882,410014143534384,35678901107477,2026-04-11 21:45:52,2026-04-11 21:45:52,OUTGOING,2330816,6496,898,CELL-MT-03,31.48377,74.320933,GPRS,Model Town
923001110001,923009998882,923001110001,410016238456826,35678901312798,2026-04-11 21:50:50,2026-04-11 22:07:31,INCOMING,0,2465,766,CELL-MT-03,31.481343,74.322111,CALL,Model Town
923001110003,923001110003,923009998886,410017140415518,35678901123551,2026-04-07 22:45:20,2026-04-07 22:45:20,OUTGOING,0,4680,929,CELL-ARP-08,31.520488,74.405432,SMS,Airport Road
923451112233,923451112233,923009998888,410019994571734,35678901328943,2026-04-09 22:24:46,2026-04-09 22:24:46,OUTGOING,6475190,6268,782,CELL-LB-02,31.511773,74.345057,GPRS,Liberty Market
923001110002,923009998886,923001110002,410013631853103,35678901554243,2026-04-11 22:05:45,2026-04-11 22:09:16,INCOMING,0,2954,586,CELL-GLB-01,31.521987,74.358219,CALL,Gulberg
923461678183,923009998883,923461678183,410016850681763,35678901836354,2026-04-07 22:54:52,2026-04-07 22:54:52,INCOMING,5574132,1723,627,CELL-DHA-05,31.468571,74.409801,GPRS,DHA Phase 5
923001110002,923001110002,923009998884,410016616171546,35678901406706,2026-04-07 22:57:16,2026-04-07 22:57:16,OUTGOING,6778599,2135,142,CELL-ARP-08,31.523521,74.402142,GPRS,Airport Road
923001110002,923009998885,923001110002,410018825761072,35678901737546,2026-04-13 22:00:38,2026-04-13 22:00:38,INCOMING,4695635,5384,525,CELL-GLB-01,31.521217,74.358668,GPRS,Gulberg
923001110001,923001110001,923009998883,410017277149331,35678901415939,2026-04-15 21:47:31,2026-04-15 21:47:31,OUTGOING,230943,4427,614,CELL-DHA-05,31.471283,74.409227,GPRS,DHA Phase 5
923001110002,923009998887,923001110002,410013011417436,35678901981973,2026-04-11 22:30:10,2026-04-11 22:30:10,INCOMING,0,6599,615,CELL-DHA-05,31.468911,74.408262,SMS,DHA Phase 5
923461678183,923461678183,923009998885,410016191123661,35678901571971,2026-04-05 23:26:00,2026-04-05 23:45:39,OUTGOING,0,7119,327,CELL-ARP-08,31.519956,74.40396,CALL,Airport Road
923001110003,923009998885,923001110003,410016836801680,35678901737188,2026-04-09 22:56:31,2026-04-09 23:01:38,INCOMING,0,6148,677,CELL-ARP-08,31.523333,74.40517,CALL,Airport Road
923461678183,923461678183,923009998885,410013730343689,35678901934421,2026-04-11 22:45:00,2026-04-11 22:45:00,OUTGOING,5896117,4077,255,CELL-MT-03,31.48243,74.322339,GPRS,Model Town
923001110003,923009998886,923001110003,410014040239149,35678901536827,2026-04-13 22:36:06,2026-04-13 22:36:06,INCOMING,7020321,2995,212,CELL-GLB-01,31.519316,74.356924,GPRS,Gulberg
923461678183,923461678183,923009998887,410019024421054,35678901860358,2026-04-15 22:29:17,2026-04-15 22:29:17,OUTGOING,7217000,3653,412,CELL-DHA-05,31.469832,74.411302,GPRS,DHA Phase 5
923331234567,923009998881,923331234567,410019143258348,35678901991827,2026-04-13 22:48:59,2026-04-13 22:51:22,INCOMING,0,2816,715,CELL-ARP-08,31.521039,74.404538,VOLTE,Airport Road
923001110001,923009998883,923001110001,410019168489911,35678901259779,2026-04-09 23:16:42,2026-04-09 23:16:42,INCOMING,5361925,3322,937,CELL-MT-03,31.484381,74.323303,GPRS,Model Town
923451112233,923009998888,923451112233,410015018149105,35678901258506,2026-04-07 23:30:30,2026-04-07 23:30:30,INCOMING,0,3724,887,CELL-MT-03,31.484331,74.321721,SMS,Model Town
923331234567,923009998888,923331234567,410011914482370,35678901431391,2026-04-05 23:42:24,2026-04-05 23:42:24,INCOMING,2975325,1793,872,CELL-DHA-05,31.470734,74.409555,GPRS,DHA Phase 5
923001110001,923009998883,923001110001,410011078256163,35678901632872,2026-04-07 23:36:46,2026-04-07 23:36:46,INCOMING,6775392,8646,933,CELL-GLB-01,31.520921,74.358219,GPRS,Gulberg
923461678183,923461678183,923009998887,410018311968729,35678901894921,2026-04-11 23:25:29,2026-04-11 23:25:29,OUTGOING,0,9795,337,CELL-GLB-01,31.520372,74.359471,SMS,Gulberg
923461678183,923009998886,923461678183,410011605707045,35678901715575,2026-04-13 23:24:29,2026-04-13 23:24:29,INCOMING,25918,2523,443,CELL-GLB-01,31.52204,74.358247,GPRS,Gulberg
923451112233,923009998882,923451112233,410018235135133,35678901352435,2026-04-03 23:55:25,2026-04-03 23:55:25,INCOMING,1811970,8921,230,CELL-MT-03,31.484613,74.321596,GPRS,Model Town
923001110001,923009998884,923001110001,410016336808237,35678901950769,2026-04-11 23:40:04,2026-04-11 23:40:04,INCOMING,1177389,6820,473,CELL-DHA-05,31.470627,74.411101,GPRS,DHA Phase 5
923461678183,923461678183,923009998885,410015824119856,35678901197118,2026-04-05 23:54:13,2026-04-05 23:54:13,OUTGOING,0,8982,766,CELL-ARP-08,31.521792,74.403283,SMS,Airport Road
923001110001,923009998887,923001110001,410016210036564,35678901700219,2026-04-13 23:48:45,2026-04-13 23:56:56,INCOMING,0,2416,546,CELL-ARP-08,31.52085,74.405397,CALL,Airport Road
923451112233,923009998888,923451112233,410019132134757,35678901770605,2026-04-15 23:53:06,2026-04-15 23:53:06,INCOMING,3248706,9504,605,CELL-LB-02,31.508228,74.345789,GPRS,Liberty Market
923001110003,923009998887,923001110003,410011686685835,35678901900856,2026-04-04 00:00:36,2026-04-04 00:00:36,INCOMING,470652,8346,110,CELL-LB-02,31.510752,74.344562,GPRS,Liberty Market
923001110001,923001110001,923009998884,410011192582232,35678901985361,2026-04-16 00:07:07,2026-04-16 00:07:07,OUTGOING,6579623,4640,793,CELL-DHA-05,31.471295,74.407826,GPRS,DHA Phase 5
923461678183,923009998885,923461678183,410011604347815,35678901343837,2026-04-04 00:02:36,2026-04-04 00:02:36,INCOMING,0,9746,946,CELL-MT-03,31.48356,74.323298,SMS,Model Town
923001110003,923001110003,923009998886,410013795884877,35678901190533,2026-04-04 00:03:30,2026-04-04 00:03:30,OUTGOING,915918,1261,314,CELL-GLB-01,31.518479,74.35754,GPRS,Gulberg
923001110002,923001110002,923009998881,410013633716809,35678901699348,2026-04-08 00:12:37,2026-04-08 00:12:37,OUTGOING,0,9662,474,CELL-LB-02,31.508957,74.342575,SMS,Liberty Market
923461678183,923461678183,923009998886,410019667503242,35678901449907,2026-04-12 00:25:13,2026-04-12 00:25:13,OUTGOING,2742311,4278,563,CELL-DHA-05,31.470593,74.407934,GPRS,DHA Phase 5
923461678183,923009998882,923461678183,410015164557169,35678901874339,2026-04-16 00:42:02,2026-04-16 00:49:55,INCOMING,0,6140,233,CELL-GLB-01,31.519163,74.357301,VOLTE,Gulberg
923451112233,923009998888,923451112233,410015007800620,35678901352459,2026-04-04 00:07:31,2026-04-04 00:07:31,INCOMING,0,6798,656,CELL-ARP-08,31.523105,74.402926,SMS,Airport Road
923331234567,923009998883,923331234567,410017150130702,35678901774057,2026-04-14 00:48:51,2026-04-14 01:08:01,INCOMING,0,6483,899,CELL-LB-02,31.51206,74.342688,VOLTE,Liberty Market
923001110002,923001110002,923009998884,410015176406654,35678901471801,2026-04-10 00:36:01,2026-04-10 00:36:01,OUTGOING,2269835,7243,559,CELL-GLB-01,31.519952,74.357037,GPRS,Gulberg
923001110003,923001110003,923009998888,410012763969355,35678901907302,2026-04-04 00:10:14,2026-04-04 00:10:14,OUTGOING,2388850,3875,278,CELL-LB-02,31.510741,74.343331,GPRS,Liberty Market
923001110001,923001110001,923009998885,410016830113612,35678901372472,2026-04-12 00:55:42,2026-04-12 00:55:42,OUTGOING,0,5040,133,CELL-DHA-05,31.468265,74.408246,SMS,DHA Phase 5
923001110001,923009998881,923001110001,410017674003898,35678901977111,2026-04-14 01:12:31,2026-04-14 01:12:31,INCOMING,0,1790,907,CELL-DHA-05,31.470233,74.410446,SMS,DHA Phase 5
923001110003,923009998885,923001110003,410018798936399,35678901315351,2026-04-14 01:18:02,2026-04-14 01:46:37,INCOMING,0,9302,161,CELL-MT-03,31.483979,74.322927,CALL,Model Town
923461678183,923461678183,923009998885,410016202570153,35678901325025,2026-04-12 01:10:29,2026-04-12 01:20:33,OUTGOING,0,7150,142,CELL-LB-02,31.511465,74.342188,VOLTE,Liberty Market
923331234567,923009998887,923331234567,410016886723247,35678901708988,2026-04-10 01:00:47,2026-04-10 01:00:47,INCOMING,0,2170,436,CELL-LB-02,31.509252,74.343788,CALL,Liberty Market
923001110002,923009998882,923001110002,410013083024340,35678901664616,2026-04-06 00:32:14,2026-04-06 00:32:14,INCOMING,706918,5648,986,CELL-LB-02,31.50858,74.343863,GPRS,Liberty Market
923001110002,923001110002,923009998881,410011348984941,35678901875344,2026-04-08 00:51:56,2026-04-08 00:51:56,OUTGOING,6508305,5356,900,CELL-ARP-08,31.520758,74.401604,GPRS,Airport Road
923001110003,923001110003,923009998882,410011212364412,35678901324168,2026-04-16 02:06:52,2026-04-16 02:06:52,OUTGOING,4406232,8312,917,CELL-ARP-08,31.523054,74.401781,GPRS,Airport Road
923001110002,923009998886,923001110002,410015994755021,35678901388144,2026-04-04 00:19:26,2026-04-04 00:19:26,INCOMING,3639334,4422,928,CELL-ARP-08,31.521744,74.404019,GPRS,Airport Road
923001110002,923009998883,923001110002,410014796322673,35678901935012,2026-04-16 02:20:56,2026-04-16 02:20:56,INCOMING,5386535,3640,970,CELL-LB-02,31.511997,74.34562,GPRS,Liberty Market
923001110002,923009998883,923001110002,410015867388326,35678901270574,2026-04-06 00:42:26,2026-04-06 00:42:26,INCOMING,1899300,8517,275,CELL-ARP-08,31.521175,74.4052,GPRS,Airport Road
923451112233,923451112233,923009998883,410014448046770,35678901531001,2026-04-16 02:34:02,2026-04-16 02:34:02,OUTGOING,7753521,5159,138,CELL-MT-03,31.482683,74.32241,GPRS,Model Town
923451112233,923009998888,923451112233,410013345599731,35678901403110,2026-04-12 01:55:48,2026-04-12 01:55:48,INCOMING,2662077,2113,706,CELL-DHA-05,31.467768,74.408312,GPRS,DHA Phase 5
923001110001,923009998887,923001110001,410014729009248,35678901814231,2026-04-12 02:00:10,2026-04-12 02:00:10,INCOMING,3643077,1233,135,CELL-ARP-08,31.522018,74.402203,GPRS,Airport Road
923461678183,923461678183,923009998883,410013690366654,35678901599137,2026-04-10 01:40:23,2026-04-10 01:59:35,OUTGOING,0,3053,376,CELL-MT-03,31.484036,74.321342,CALL,Model Town
923331234567,923331234567,923009998888,410012064768922,35678901622882,2026-04-08 01:18:24,2026-04-08 01:18:24,OUTGOING,4340355,5324,534,CELL-LB-02,31.511046,74.342232,GPRS,Liberty Market
923331234567,923331234567,923009998881,410015460351220,35678901342333,2026-04-08 01:21:44,2026-04-08 01:21:44,OUTGOING,5657345,3579,455,CELL-ARP-08,31.520415,74.401624,GPRS,Airport Road
923331234567,923331234567,923009998887,410013580168212,35678901296434,2026-04-12 02:20:23,2026-04-12 02:20:23,OUTGOING,246339,9057,916,CELL-LB-02,31.511481,74.343738,GPRS,Liberty Market
923331234567,923331234567,923009998886,410012978988417,35678901232453,2026-04-08 01:27:59,2026-04-08 01:38:14,OUTGOING,0,8305,487,CELL-DHA-05,31.468299,74.410547,CALL,DHA Phase 5
923451112233,923451112233,923009998883,410015254959698,35678901743094,2026-04-12 02:30:47,2026-04-12 02:30:47,OUTGOING,0,9942,263,CELL-MT-03,31.483336,74.32325,VOLTE,Model Town
923001110001,923009998882,923001110001,410013323767991,35678901267865,2026-04-10 02:04:05,2026-04-10 02:04:05,INCOMING,0,7792,648,CELL-GLB-01,31.519744,74.360297,SMS,Gulberg
923001110001,923009998886,923001110001,410012505039597,35678901676840,2026-04-14 03:12:09,2026-04-14 03:12:09,INCOMING,7761492,1957,494,CELL-GLB-01,31.51959,74.358065,GPRS,Gulberg
923451112233,923451112233,923009998886,410015644403267,35678901396492,2026-04-04 00:33:16,2026-04-04 00:33:16,OUTGOING,6720039,9616,366,CELL-LB-02,31.512152,74.343279,GPRS,Liberty Market
923001110003,923009998884,923001110003,410013442370108,35678901343352,2026-04-08 01:42:55,2026-04-08 01:42:55,INCOMING,4122382,4376,936,CELL-LB-02,31.508549,74.342371,GPRS,Liberty Market
923331234567,923331234567,923009998884,410011128313086,35678901398255,2026-04-12 02:55:31,2026-04-12 02:55:31,OUTGOING,1237515,1769,806,CELL-ARP-08,31.522555,74.404446,GPRS,Airport Road
923001110001,923001110001,923009998886,410015713047732,35678901302597,2026-04-16 04:12:37,2026-04-16 04:12:37,OUTGOING,7330535,8131,657,CELL-LB-02,31.508395,74.345398,GPRS,Liberty Market
923001110002,923001110002,923009998882,410016330061183,35678901178408,2026-04-12 03:05:20,2026-04-12 03:05:20,OUTGOING,1403730,8170,674,CELL-DHA-05,31.469181,74.408956,GPRS,DHA Phase 5
923451112233,923451112233,923009998882,410018364773516,35678901932743,2026-04-06 01:16:33,2026-04-06 01:16:33,OUTGOING,4658513,7750,409,CELL-GLB-01,31.520924,74.359675,GPRS,Gulberg
923461678183,923009998881,923461678183,410015465364333,35678901940891,2026-04-08 01:57:52,2026-04-08 01:57:52,INCOMING,0,1583,866,CELL-MT-03,31.485074,74.324876,SMS,Model Town
923461678183,923461678183,923009998884,410018394330763,35678901100168,2026-04-06 01:20:47,2026-04-06 01:20:47,OUTGOING,684243,7853,340,CELL-MT-03,31.482816,74.324475,GPRS,Model Town
923331234567,923331234567,923009998885,410012923197707,35678901845052,2026-04-14 04:06:54,2026-04-14 04:15:33,OUTGOING,0,9559,748,CELL-ARP-08,31.523582,74.404866,CALL,Airport Road
923461678183,923461678183,923009998885,410011197834281,35678901720066,2026-04-14 04:12:35,2026-04-14 04:39:15,OUTGOING,0,1968,212,CELL-LB-02,31.510206,74.343443,CALL,Liberty Market
923001110001,923009998882,923001110001,410015477969278,35678901526798,2026-04-14 04:18:06,2026-04-14 04:18:06,INCOMING,2380549,7753,817,CELL-LB-02,31.50899,74.345329,GPRS,Liberty Market
923001110001,923001110001,923009998886,410015218348786,35678901686035,2026-04-06 01:28:01,2026-04-06 01:28:01,OUTGOING,1137958,3111,648,CELL-MT-03,31.485185,74.321309,GPRS,Model Town
923331234567,923009998885,923331234567,410013444373052,35678901481571,2026-04-06 01:30:44,2026-04-06 01:30:44,INCOMING,0,1787,591,CELL-LB-02,31.508965,74.342492,CALL,Liberty Market
923001110003,923001110003,923009998885,410014610084588,35678901221676,2026-04-12 03:50:12,2026-04-12 03:50:12,OUTGOING,4798428,1967,646,CELL-DHA-05,31.469847,74.408441,GPRS,DHA Phase 5
923001110002,923009998885,923001110002,410018386048420,35678901113411,2026-04-04 00:47:13,2026-04-04 00:58:21,INCOMING,0,4212,875,CELL-ARP-08,31.523525,74.40269,VOLTE,Airport Road
923461678183,923461678183,923009998886,410018504031927,35678901752001,2026-04-14 04:48:07,2026-04-14 04:48:07,OUTGOING,0,2111,147,CELL-GLB-01,31.520114,74.357596,SMS,Gulberg
923451112233,923009998885,923451112233,410019934706336,35678901408549,2026-04-14 04:54:06,2026-04-14 04:54:06,INCOMING,6306333,1143,876,CELL-ARP-08,31.520789,74.40188,GPRS,Airport Road
923331234567,923331234567,923009998884,410018866086971,35678901690416,2026-04-04 00:50:04,2026-04-04 01:11:47,OUTGOING,0,9282,530,CELL-MT-03,31.481562,74.32392,VOLTE,Model Town
923461678183,923009998885,923461678183,410013317637569,35678901416218,2026-04-14 05:06:09,2026-04-14 05:35:24,INCOMING,0,3637,841,CELL-MT-03,31.482867,74.324085,CALL,Model Town
923001110002,923001110002,923009998885,410011441986004,35678901388537,2026-04-06 01:44:25,2026-04-06 01:44:25,OUTGOING,0,1284,236,CELL-LB-02,31.511614,74.343536,SMS,Liberty Market
923001110002,923009998887,923001110002,410012931281035,35678901754973,2026-04-10 03:32:59,2026-04-10 03:32:59,INCOMING,7672638,8668,658,CELL-DHA-05,31.470544,74.40864,GPRS,DHA Phase 5
923001110001,923009998885,923001110001,410011119987484,35678901838846,2026-04-04 00:54:55,2026-04-04 01:23:25,INCOMING,0,5941,166,CELL-DHA-05,31.470502,74.411197,CALL,DHA Phase 5
923331234567,923331234567,923009998882,410013131484987,35678901363317,2026-04-10 03:40:07,2026-04-10 03:52:18,OUTGOING,0,6248,395,CELL-ARP-08,31.521484,74.40483,CALL,Airport Road
923001110003,923001110003,923009998883,410017351044012,35678901997072,2026-04-16 06:32:09,2026-04-16 06:40:53,OUTGOING,0,1274,886,CELL-DHA-05,31.469507,74.410928,CALL,DHA Phase 5
923461678183,923461678183,923009998887,410015523429858,35678901735904,2026-04-10 03:48:25,2026-04-10 03:48:25,OUTGOING,7728305,1414,807,CELL-MT-03,31.482257,74.321092,GPRS,Model Town
923331234567,923009998888,923331234567,410014711406317,35678901560644,2026-04-06 01:56:29,2026-04-06 02:07:43,INCOMING,0,3836,625,CELL-GLB-01,31.520568,74.356977,VOLTE,Gulberg
923001110002,923009998885,923001110002,410017545237413,35678901966353,2026-04-04 00:59:42,2026-04-04 00:59:42,INCOMING,7296608,2879,664,CELL-LB-02,31.509288,74.34477,GPRS,Liberty Market
923001110001,923009998882,923001110001,410013392672212,35678901880454,2026-04-06 02:00:11,2026-04-06 02:14:02,INCOMING,0,7447,426,CELL-ARP-08,31.521968,74.403185,VOLTE,Airport Road
923451112233,923451112233,923009998887,410018115374658,35678901279796,2026-04-04 01:01:42,2026-04-04 01:01:42,OUTGOING,2502728,3437,447,CELL-ARP-08,31.520601,74.402626,GPRS,Airport Road
923461678183,923461678183,923009998882,410013586243863,35678901285476,2026-04-16 07:14:42,2026-04-16 07:14:42,OUTGOING,0,7418,677,CELL-GLB-01,31.520397,74.359837,SMS,Gulberg
923331234567,923009998884,923331234567,410012358313924,35678901170873,2026-04-14 06:18:54,2026-04-14 06:18:54,INCOMING,2635901,2326,440,CELL-GLB-01,31.519872,74.358444,GPRS,Gulberg
923451112233,923451112233,923009998886,410017420457230,35678901700102,2026-04-14 06:24:18,2026-04-14 06:42:03,OUTGOING,0,1470,598,CELL-MT-03,31.481598,74.321259,CALL,Model Town
923331234567,923009998886,923331234567,410011033691336,35678901501501,2026-04-14 06:30:36,2026-04-14 06:30:36,INCOMING,0,8808,878,CELL-GLB-01,31.522236,74.3604,SMS,Gulberg
923001110002,923001110002,923009998888,410012137600427,35678901930843,2026-04-04 01:06:24,2026-04-04 01:30:33,OUTGOING,0,6864,913,CELL-DHA-05,31.471251,74.408199,CALL,DHA Phase 5
923001110003,923009998884,923001110003,410014499232637,35678901542268,2026-04-04 01:07:28,2026-04-04 01:07:28,INCOMING,0,4545,159,CELL-GLB-01,31.521658,74.360375,SMS,Gulberg
923331234567,923009998882,923331234567,410011187445389,35678901278509,2026-04-12 05:40:51,2026-04-12 05:53:44,INCOMING,0,6412,603,CELL-LB-02,31.511592,74.344799,VOLTE,Liberty Market
923461678183,923461678183,923009998888,410011821050348,35678901412129,2026-04-04 01:09:57,2026-04-04 01:09:57,OUTGOING,3543602,1115,502,CELL-ARP-08,31.519837,74.404426,GPRS,Airport Road
923001110003,923001110003,923009998887,410012767472649,35678901285146,2026-04-04 01:10:33,2026-04-04 01:15:57,OUTGOING,0,3521,299,CELL-LB-02,31.508537,74.34276,VOLTE,Liberty Market
923331234567,923331234567,923009998886,410011214967387,35678901548518,2026-04-10 04:44:37,2026-04-10 04:44:37,OUTGOING,0,2641,616,CELL-GLB-01,31.520978,74.357377,SMS,Gulberg
923001110003,923009998887,923001110003,410017245511423,35678901869414,2026-04-10 04:48:29,2026-04-10 04:54:35,INCOMING,0,2955,890,CELL-MT-03,31.483308,74.323611,CALL,Model Town
923331234567,923331234567,923009998888,410018117368348,35678901537656,2026-04-04 01:13:29,2026-04-04 01:13:29,OUTGOING,4034976,5520,605,CELL-GLB-01,31.5213,74.357751,GPRS,Gulberg
923461678183,923461678183,923009998887,410016305011466,35678901559609,2026-04-16 08:38:36,2026-04-16 08:52:41,OUTGOING,0,8774,913,CELL-DHA-05,31.471335,74.410682,CALL,DHA Phase 5
923461678183,923009998887,923461678183,410018691849974,35678901611014,2026-04-06 02:30:28,2026-04-06 02:30:28,INCOMING,0,4974,465,CELL-DHA-05,31.471582,74.409924,SMS,DHA Phase 5
923001110002,923001110002,923009998888,410018515552691,35678901210334,2026-04-16 08:52:11,2026-04-16 08:52:11,OUTGOING,3318605,3415,284,CELL-LB-02,31.512193,74.345977,GPRS,Liberty Market
923461678183,923461678183,923009998881,410014729441255,35678901786687,2026-04-06 02:34:44,2026-04-06 02:34:44,OUTGOING,6402578,6256,543,CELL-LB-02,31.508715,74.343625,GPRS,Liberty Market
923451112233,923009998886,923451112233,410011127279651,35678901263381,2026-04-12 06:30:42,2026-04-12 06:30:42,INCOMING,4348826,4325,685,CELL-GLB-01,31.521013,74.359741,GPRS,Gulberg
923331234567,923331234567,923009998885,410015691620548,35678901257537,2026-04-08 03:57:16,2026-04-08 03:57:16,OUTGOING,2092018,5336,904,CELL-GLB-01,31.519458,74.358513,GPRS,Gulberg
923001110001,923009998887,923001110001,410019945944939,35678901324440,2026-04-16 09:20:58,2026-04-16 09:20:58,INCOMING,4669382,7116,313,CELL-ARP-08,31.519766,74.405412,GPRS,Airport Road
923331234567,923009998884,923331234567,410013498962038,35678901111669,2026-04-16 09:27:50,2026-04-16 09:31:48,INCOMING,0,5460,722,CELL-ARP-08,31.521338,74.402935,CALL,Airport Road
923001110002,923001110002,923009998888,410016265772642,35678901120504,2026-04-04 01:22:09,2026-04-04 01:24:26,OUTGOING,0,1856,234,CELL-ARP-08,31.522656,74.402756,VOLTE,Airport Road
923001110002,923001110002,923009998883,410011346610317,35678901477001,2026-04-16 09:41:08,2026-04-16 10:03:47,OUTGOING,0,7171,716,CELL-MT-03,31.481609,74.322508,VOLTE,Model Town
923451112233,923451112233,923009998888,410012301955331,35678901739510,2026-04-04 01:24:00,2026-04-04 01:24:00,OUTGOING,5341828,1880,628,CELL-ARP-08,31.523233,74.405037,GPRS,Airport Road
923001110002,923001110002,923009998882,410013776798973,35678901433241,2026-04-14 08:30:29,2026-04-14 08:30:29,OUTGOING,645739,8286,874,CELL-GLB-01,31.519788,74.358373,GPRS,Gulberg
923001110002,923009998882,923001110002,410017662722166,35678901184084,2026-04-10 05:44:08,2026-04-10 05:44:08,INCOMING,0,1318,661,CELL-DHA-05,31.469712,74.411601,SMS,DHA Phase 5
923001110001,923009998886,923001110001,410017868757605,35678901353236,2026-04-10 05:48:35,2026-04-10 05:48:35,INCOMING,5399635,7399,360,CELL-GLB-01,31.518911,74.357301,GPRS,Gulberg
923001110002,923001110002,923009998883,410016770151438,35678901579801,2026-04-06 02:56:31,2026-04-06 02:56:31,OUTGOING,4213294,1889,769,CELL-GLB-01,31.519033,74.358884,GPRS,Gulberg
923001110002,923001110002,923009998884,410011460062061,35678901456828,2026-04-12 07:25:31,2026-04-12 07:35:23,OUTGOING,0,9470,364,CELL-LB-02,31.508892,74.342845,CALL,Liberty Market
923001110001,923001110001,923009998885,410016390605766,35678901805525,2026-04-16 10:30:30,2026-04-16 10:31:57,OUTGOING,0,1580,148,CELL-ARP-08,31.523244,74.401674,CALL,Airport Road
923001110003,923009998886,923001110003,410015854752695,35678901848671,2026-04-16 10:37:13,2026-04-16 10:37:13,INCOMING,4858666,9601,795,CELL-DHA-05,31.467888,74.409318,GPRS,DHA Phase 5
923451112233,923009998881,923451112233,410012716052591,35678901284045,2026-04-12 07:40:23,2026-04-12 07:40:23,INCOMING,0,8687,319,CELL-LB-02,31.512026,74.342723,SMS,Liberty Market
923001110001,923009998885,923001110001,410015266762188,35678901209822,2026-04-04 01:33:59,2026-04-04 01:33:59,INCOMING,5569364,3714,771,CELL-GLB-01,31.518945,74.359592,GPRS,Gulberg
923331234567,923009998883,923331234567,410013538398149,35678901445906,2026-04-08 04:42:14,2026-04-08 04:42:14,INCOMING,7940291,9453,708,CELL-DHA-05,31.468628,74.409338,GPRS,DHA Phase 5
923461678183,923009998888,923461678183,410011431240562,35678901161704,2026-04-04 01:35:20,2026-04-04 01:35:20,INCOMING,7794236,2904,180,CELL-MT-03,31.482458,74.321818,GPRS,Model Town
923001110002,923009998885,923001110002,410011751765860,35678901369472,2026-04-08 04:48:51,2026-04-08 04:48:51,INCOMING,3527502,8283,610,CELL-GLB-01,31.519719,74.359159,GPRS,Gulberg
923461678183,923009998884,923461678183,410013514976468,35678901480134,2026-04-16 11:19:58,2026-04-16 11:19:58,INCOMING,4188921,7817,981,CELL-MT-03,31.483007,74.324837,GPRS,Model Town
923331234567,923331234567,923009998881,410012910002343,35678901803554,2026-04-06 03:16:23,2026-04-06 03:16:23,OUTGOING,0,4009,981,CELL-MT-03,31.483482,74.321331,SMS,Model Town
923001110001,923009998886,923001110001,410016479592405,35678901733665,2026-04-08 04:57:42,2026-04-08 04:57:42,INCOMING,6279995,1101,470,CELL-MT-03,31.481752,74.322646,GPRS,Model Town
923451112233,923009998881,923451112233,410014530090893,35678901548557,2026-04-06 03:20:25,2026-04-06 03:24:21,INCOMING,0,7554,978,CELL-GLB-01,31.521868,74.356997,CALL,Gulberg
923001110001,923009998882,923001110001,410018771295593,35678901145030,2026-04-14 10:06:31,2026-04-14 10:06:31,INCOMING,364336,6298,253,CELL-DHA-05,31.471166,74.409212,GPRS,DHA Phase 5
923001110002,923009998887,923001110002,410012169949981,35678901630553,2026-04-12 08:30:14,2026-04-12 08:30:14,INCOMING,2805933,4965,270,CELL-ARP-08,31.521435,74.4025,GPRS,Airport Road
923331234567,923331234567,923009998882,410012844903038,35678901207584,2026-04-08 05:09:13,2026-04-08 05:09:13,OUTGOING,649233,9088,683,CELL-ARP-08,31.520732,74.405277,GPRS,Airport Road
923461678183,923461678183,923009998882,410011479604785,35678901623153,2026-04-14 10:24:17,2026-04-14 10:24:17,OUTGOING,1924376,6592,751,CELL-DHA-05,31.471419,74.40797,GPRS,DHA Phase 5
923001110002,923009998885,923001110002,410015303063500,35678901865192,2026-04-12 08:45:13,2026-04-12 08:45:13,INCOMING,790596,4010,502,CELL-ARP-08,31.522688,74.402054,GPRS,Airport Road
923001110002,923001110002,923009998882,410019327169030,35678901391488,2026-04-06 03:32:20,2026-04-06 03:32:20,OUTGOING,1200616,3490,806,CELL-MT-03,31.481599,74.321451,GPRS,Model Town
923331234567,923331234567,923009998888,410015626158339,35678901367548,2026-04-04 01:47:40,2026-04-04 01:47:40,OUTGOING,7152144,6770,922,CELL-ARP-08,31.520348,74.404457,GPRS,Airport Road
923331234567,923009998886,923331234567,410016807110943,35678901165133,2026-04-10 07:12:39,2026-04-10 07:12:39,INCOMING,2299822,1617,932,CELL-GLB-01,31.521881,74.356866,GPRS,Gulberg
923001110001,923001110001,923009998881,410016165943024,35678901840900,2026-04-08 05:27:48,2026-04-08 05:55:16,OUTGOING,0,9250,611,CELL-MT-03,31.483989,74.324007,VOLTE,Model Town
923331234567,923331234567,923009998886,410012153565991,35678901143942,2026-04-12 09:10:45,2026-04-12 09:10:45,OUTGOING,0,2451,820,CELL-DHA-05,31.471094,74.407849,SMS,DHA Phase 5
923001110001,923009998883,923001110001,410018816537047,35678901256481,2026-04-04 01:51:33,2026-04-04 01:57:40,INCOMING,0,3787,707,CELL-MT-03,31.484562,74.324676,CALL,Model Town
923001110003,923001110003,923009998881,410012040900367,35678901873826,2026-04-04 01:52:49,2026-04-04 01:52:49,OUTGOING,7961389,6310,350,CELL-ARP-08,31.521959,74.40308,GPRS,Airport Road
923331234567,923009998886,923331234567,410016851452138,35678901976775,2026-04-08 05:39:33,2026-04-08 05:39:33,INCOMING,3769383,1316,466,CELL-DHA-05,31.469731,74.411095,GPRS,DHA Phase 5
923451112233,923009998888,923451112233,410017854290261,35678901196315,2026-04-14 11:24:42,2026-04-14 11:24:42,INCOMING,111070,9129,374,CELL-DHA-05,31.47015,74.411534,GPRS,DHA Phase 5
923001110002,923001110002,923009998887,410011360701342,35678901169679,2026-04-06 03:50:13,2026-04-06 03:50:13,OUTGOING,0,9285,965,CELL-LB-02,31.50877,74.342257,SMS,Liberty Market
923461678183,923009998887,923461678183,410015301873760,35678901577373,2026-04-16 13:32:25,2026-04-16 13:32:25,INCOMING,6322296,8816,286,CELL-DHA-05,31.471611,74.410636,GPRS,DHA Phase 5
923001110003,923009998885,923001110003,410011682010703,35678901833438,2026-04-14 11:42:22,2026-04-14 11:42:22,INCOMING,866877,1824,900,CELL-LB-02,31.508494,74.345071,GPRS,Liberty Market
923461678183,923461678183,923009998888,410013818899034,35678901170545,2026-04-06 03:56:19,2026-04-06 03:56:19,OUTGOING,3033758,6288,305,CELL-MT-03,31.484331,74.323766,GPRS,Model Town
923001110001,923001110001,923009998887,410017026237368,35678901379471,2026-04-14 11:54:20,2026-04-14 11:54:20,OUTGOING,0,6641,658,CELL-DHA-05,31.471376,74.409753,SMS,DHA Phase 5
923001110003,923001110003,923009998887,410011876531871,35678901353505,2026-04-06 04:00:28,2026-04-06 04:00:28,OUTGOING,2264346,9961,580,CELL-MT-03,31.484896,74.322755,GPRS,Model Town
923001110001,923001110001,923009998884,410015387054758,35678901246189,2026-04-08 06:03:56,2026-04-08 06:04:27,OUTGOING,0,9843,199,CELL-DHA-05,31.471135,74.411057,CALL,DHA Phase 5
923451112233,923009998886,923451112233,410018300468393,35678901460745,2026-04-08 06:06:01,2026-04-08 06:06:01,INCOMING,0,2820,127,CELL-LB-02,31.511394,74.342876,SMS,Liberty Market
923001110003,923009998886,923001110003,410012326099909,35678901245962,2026-04-14 12:18:38,2026-04-14 12:18:38,INCOMING,0,9417,100,CELL-DHA-05,31.469023,74.411199,SMS,DHA Phase 5
923461678183,923009998886,923461678183,410013231081455,35678901764204,2026-04-06 04:08:52,2026-04-06 04:08:52,INCOMING,0,3244,773,CELL-GLB-01,31.519313,74.359748,SMS,Gulberg
923001110001,923009998888,923001110001,410016714598778,35678901954066,2026-04-10 08:20:07,2026-04-10 08:26:07,INCOMING,0,4577,283,CELL-LB-02,31.511156,74.344328,CALL,Liberty Market
923001110002,923001110002,923009998885,410011470100532,35678901189215,2026-04-10 08:24:00,2026-04-10 08:52:00,OUTGOING,0,4560,470,CELL-LB-02,31.510616,74.345351,CALL,Liberty Market
923461678183,923461678183,923009998883,410013561916139,35678901330210,2026-04-14 12:42:05,2026-04-14 12:42:05,OUTGOING,4346221,2539,276,CELL-LB-02,31.508396,74.34537,GPRS,Liberty Market
923331234567,923331234567,923009998886,410019853504966,35678901389341,2026-04-16 14:56:00,2026-04-16 14:56:00,OUTGOING,7892824,4925,773,CELL-DHA-05,31.468448,74.411209,GPRS,DHA Phase 5
923331234567,923009998885,923331234567,410016315531210,35678901235486,2026-04-08 06:27:07,2026-04-08 06:27:07,INCOMING,0,9692,412,CELL-ARP-08,31.523355,74.405499,SMS,Airport Road
923331234567,923331234567,923009998885,410012060898275,35678901227778,2026-04-10 08:40:26,2026-04-10 08:47:33,OUTGOING,0,7651,835,CELL-GLB-01,31.519256,74.358251,CALL,Gulberg
923001110002,923009998886,923001110002,410013770274691,35678901822211,2026-04-16 15:17:53,2026-04-16 15:17:53,INCOMING,0,7339,555,CELL-DHA-05,31.470214,74.411189,VOLTE,DHA Phase 5
923461678183,923009998883,923461678183,410018468854735,35678901968905,2026-04-06 04:24:42,2026-04-06 04:52:32,INCOMING,0,2801,383,CELL-MT-03,31.482051,74.324807,CALL,Model Town
923451112233,923009998885,923451112233,410018051324466,35678901504720,2026-04-08 06:39:42,2026-04-08 06:39:42,INCOMING,0,2871,419,CELL-ARP-08,31.520336,74.40196,VOLTE,Airport Road
923461678183,923461678183,923009998886,410012136116720,35678901838763,2026-04-10 08:56:08,2026-04-10 08:56:08,OUTGOING,5472296,8029,674,CELL-GLB-01,31.519171,74.35689,GPRS,Gulberg
923001110001,923009998885,923001110001,410014974106183,35678901612838,2026-04-10 09:00:08,2026-04-10 09:00:08,INCOMING,2648107,1005,903,CELL-MT-03,31.483073,74.321031,GPRS,Model Town
923331234567,923009998886,923331234567,410016172767852,35678901270946,2026-04-16 15:52:33,2026-04-16 15:52:33,INCOMING,5961787,9368,982,CELL-DHA-05,31.47018,74.409149,GPRS,DHA Phase 5
923461678183,923009998888,923461678183,410015413941516,35678901633223,2026-04-04 02:17:31,2026-04-04 02:17:31,INCOMING,2552106,3135,665,CELL-DHA-05,31.469686,74.411148,GPRS,DHA Phase 5
923001110002,923001110002,923009998887,410015450218196,35678901361017,2026-04-10 09:12:32,2026-04-10 09:12:32,OUTGOING,1416668,5613,372,CELL-GLB-01,31.5208,74.358371,GPRS,Gulberg
923001110001,923009998882,923001110001,410017996628164,35678901213481,2026-04-12 11:35:50,2026-04-12 11:41:29,INCOMING,0,6910,858,CELL-LB-02,31.508239,74.345823,VOLTE,Liberty Market
923331234567,923331234567,923009998881,410015078005807,35678901404900,2026-04-10 09:20:43,2026-04-10 09:37:58,OUTGOING,0,3966,801,CELL-DHA-05,31.468146,74.409709,CALL,DHA Phase 5
923001110002,923001110002,923009998885,410011328798834,35678901828147,2026-04-12 11:45:10,2026-04-12 11:57:06,OUTGOING,0,1486,139,CELL-GLB-01,31.518468,74.358642,CALL,Gulberg
923001110002,923009998887,923001110002,410017963990577,35678901238694,2026-04-12 11:50:19,2026-04-12 11:52:56,INCOMING,0,2261,200,CELL-GLB-01,31.520846,74.360026,VOLTE,Gulberg
923451112233,923451112233,923009998882,410013571487617,35678901447293,2026-04-04 02:23:05,2026-04-04 02:29:44,OUTGOING,0,3224,228,CELL-ARP-08,31.522358,74.404849,VOLTE,Airport Road
923001110001,923001110001,923009998884,410011102140663,35678901947566,2026-04-06 04:48:12,2026-04-06 04:48:12,OUTGOING,7126679,5553,923,CELL-GLB-01,31.520951,74.358815,GPRS,Gulberg
923001110003,923009998887,923001110003,410016752217195,35678901277398,2026-04-12 12:05:04,2026-04-12 12:05:04,INCOMING,1727285,3363,304,CELL-MT-03,31.484017,74.323216,GPRS,Model Town
923331234567,923331234567,923009998885,410013883419985,35678901806217,2026-04-16 17:02:03,2026-04-16 17:02:03,OUTGOING,0,3295,437,CELL-GLB-01,31.520728,74.357322,SMS,Gulberg
923461678183,923009998885,923461678183,410018266572468,35678901753342,2026-04-06 04:54:36,2026-04-06 04:54:36,INCOMING,7834755,6626,806,CELL-ARP-08,31.52193,74.402037,GPRS,Airport Road
923461678183,923461678183,923009998882,410015478781848,35678901118744,2026-04-16 17:16:02,2026-04-16 17:16:02,OUTGOING,5129670,9543,507,CELL-LB-02,31.51201,74.342285,GPRS,Liberty Market
923001110002,923009998887,923001110002,410016667167936,35678901287408,2026-04-16 17:23:36,2026-04-16 17:44:14,INCOMING,0,2992,512,CELL-LB-02,31.509945,74.345689,CALL,Liberty Market
923001110001,923001110001,923009998884,410011713524870,35678901757467,2026-04-12 12:30:57,2026-04-12 12:57:29,OUTGOING,0,1788,172,CELL-MT-03,31.483468,74.323017,CALL,Model Town
923001110003,923009998881,923001110003,410019092554175,35678901435051,2026-04-16 17:37:56,2026-04-16 17:37:56,INCOMING,6664353,3019,203,CELL-ARP-08,31.522297,74.405512,GPRS,Airport Road
923461678183,923461678183,923009998885,410019120257432,35678901628442,2026-04-08 07:36:06,2026-04-08 07:36:06,OUTGOING,3946300,2714,224,CELL-MT-03,31.482261,74.322537,GPRS,Model Town
923001110002,923001110002,923009998883,410014527681962,35678901757553,2026-04-10 10:12:32,2026-04-10 10:25:35,OUTGOING,0,4378,244,CELL-DHA-05,31.469948,74.409941,CALL,DHA Phase 5
923451112233,923451112233,923009998881,410012658826184,35678901696719,2026-04-06 05:08:52,2026-04-06 05:08:52,OUTGOING,1579875,8092,714,CELL-MT-03,31.482574,74.324229,GPRS,Model Town
923461678183,923461678183,923009998885,410018309272262,35678901219021,2026-04-10 10:20:50,2026-04-10 10:20:50,OUTGOING,0,2883,875,CELL-MT-03,31.481951,74.321921,SMS,Model Town
923001110003,923009998883,923001110003,410012808806359,35678901948910,2026-04-16 18:12:17,2026-04-16 18:12:17,INCOMING,906406,3080,796,CELL-DHA-05,31.471646,74.409022,GPRS,DHA Phase 5
923001110002,923001110002,923009998887,410016483155139,35678901581313,2026-04-04 02:37:34,2026-04-04 02:44:45,OUTGOING,0,4417,603,CELL-LB-02,31.510803,74.345626,CALL,Liberty Market
923001110002,923009998883,923001110002,410011575028395,35678901841539,2026-04-06 05:16:21,2026-04-06 05:24:54,INCOMING,0,1609,178,CELL-GLB-01,31.520535,74.357983,VOLTE,Gulberg
923331234567,923009998888,923331234567,410014750083022,35678901603641,2026-04-14 15:54:27,2026-04-14 15:54:27,INCOMING,6817741,6435,209,CELL-ARP-08,31.519943,74.40175,GPRS,Airport Road
923001110003,923009998888,923001110003,410011511374274,35678901757226,2026-04-10 10:40:18,2026-04-10 10:40:18,INCOMING,2572724,6765,192,CELL-ARP-08,31.521089,74.402025,GPRS,Airport Road
923001110002,923001110002,923009998888,410018461607355,35678901604126,2026-04-04 02:41:59,2026-04-04 02:41:59,OUTGOING,1406173,7502,256,CELL-DHA-05,31.469605,74.408006,GPRS,DHA Phase 5
923461678183,923009998883,923461678183,410016363933247,35678901105804,2026-04-08 08:06:05,2026-04-08 08:06:05,INCOMING,0,5201,555,CELL-DHA-05,31.471403,74.41135,SMS,DHA Phase 5
923331234567,923009998886,923331234567,410015807474605,35678901708748,2026-04-08 08:09:41,2026-04-08 08:09:41,INCOMING,3482758,5331,409,CELL-DHA-05,31.471681,74.411229,GPRS,DHA Phase 5
923001110002,923009998887,923001110002,410011426740303,35678901209456,2026-04-04 02:44:45,2026-04-04 02:44:45,INCOMING,5748906,1566,882,CELL-ARP-08,31.520296,74.4052,GPRS,Airport Road
923001110003,923009998882,923001110003,410015666185348,35678901952718,2026-04-04 02:45:10,2026-04-04 03:06:17,INCOMING,0,8951,837,CELL-ARP-08,31.522808,74.402316,VOLTE,Airport Road
923001110002,923001110002,923009998888,410011727660905,35678901420395,2026-04-06 05:32:44,2026-04-06 05:32:44,OUTGOING,466518,2983,647,CELL-GLB-01,31.521145,74.358404,GPRS,Gulberg
923001110003,923009998887,923001110003,410019148272741,35678901504467,2026-04-06 05:34:03,2026-04-06 05:34:03,INCOMING,4971880,2017,900,CELL-MT-03,31.484102,74.323702,GPRS,Model Town
923001110003,923009998888,923001110003,410013571235701,35678901779630,2026-04-06 05:36:42,2026-04-06 05:36:42,INCOMING,242956,1847,165,CELL-GLB-01,31.521464,74.357002,GPRS,Gulberg
923451112233,923451112233,923009998888,410013997045610,35678901318016,2026-04-16 19:43:52,2026-04-16 19:43:52,OUTGOING,3771401,6316,133,CELL-GLB-01,31.519249,74.358318,GPRS,Gulberg
923451112233,923009998883,923451112233,410011666147424,35678901270005,2026-04-16 19:50:23,2026-04-16 19:50:23,INCOMING,0,7735,872,CELL-DHA-05,31.468838,74.40872,SMS,DHA Phase 5
923331234567,923331234567,923009998885,410011045314985,35678901594263,2026-04-10 11:24:16,2026-04-10 11:24:16,OUTGOING,6637954,2363,277,CELL-GLB-01,31.5223,74.358406,GPRS,Gulberg
923461678183,923461678183,923009998887,410016505623438,35678901897864,2026-04-04 02:52:51,2026-04-04 03:13:31,OUTGOING,0,9332,518,CELL-ARP-08,31.519822,74.403125,CALL,Airport Road
923001110001,923009998882,923001110001,410015296246034,35678901419147,2026-04-16 20:11:37,2026-04-16 20:11:37,INCOMING,1625134,6015,750,CELL-DHA-05,31.470746,74.410669,GPRS,DHA Phase 5
923001110001,923001110001,923009998883,410018296605301,35678901519754,2026-04-12 14:30:11,2026-04-12 14:30:11,OUTGOING,6366197,8240,385,CELL-LB-02,31.510888,74.343789,GPRS,Liberty Market
923451112233,923451112233,923009998882,410015138736004,35678901347280,2026-04-10 11:40:16,2026-04-10 11:40:16,OUTGOING,4975778,9910,506,CELL-ARP-08,31.520163,74.403627,GPRS,Airport Road
923461678183,923009998883,923461678183,410017868340176,35678901592464,2026-04-10 11:44:51,2026-04-10 11:44:51,INCOMING,0,4900,364,CELL-DHA-05,31.468411,74.40894,SMS,DHA Phase 5
923001110001,923009998884,923001110001,410011941866690,35678901299157,2026-04-12 14:45:24,2026-04-12 14:45:24,INCOMING,7134119,2353,115,CELL-GLB-01,31.519959,74.359418,GPRS,Gulberg
923451112233,923451112233,923009998881,410017648124469,35678901599812,2026-04-08 08:54:30,2026-04-08 09:10:31,OUTGOING,0,4092,244,CELL-DHA-05,31.470245,74.410341,VOLTE,DHA Phase 5
923001110002,923001110002,923009998882,410012736662149,35678901576878,2026-04-12 14:55:59,2026-04-12 15:12:08,OUTGOING,0,1968,206,CELL-GLB-01,31.521454,74.359907,VOLTE,Gulberg
923001110001,923001110001,923009998881,410019690271689,35678901507619,2026-04-10 12:00:55,2026-04-10 12:23:19,OUTGOING,0,8088,737,CELL-DHA-05,31.468642,74.40797,CALL,DHA Phase 5
923001110001,923001110001,923009998883,410014524049378,35678901756602,2026-04-16 21:07:28,2026-04-16 21:07:28,OUTGOING,7113755,4363,436,CELL-ARP-08,31.522407,74.403026,GPRS,Airport Road
923001110001,923009998885,923001110001,410014811389121,35678901419618,2026-04-08 09:06:40,2026-04-08 09:06:40,INCOMING,3462310,4084,229,CELL-GLB-01,31.521042,74.360451,GPRS,Gulberg
923001110001,923009998884,923001110001,410011353433553,35678901582040,2026-04-04 03:03:56,2026-04-04 03:29:18,INCOMING,0,8543,981,CELL-MT-03,31.482145,74.321367,CALL,Model Town
923001110003,923009998885,923001110003,410017318820788,35678901748294,2026-04-04 03:04:32,2026-04-04 03:04:32,INCOMING,6198410,7435,871,CELL-DHA-05,31.47066,74.411047,GPRS,DHA Phase 5
923001110002,923009998887,923001110002,410017242715677,35678901254074,2026-04-16 21:35:48,2026-04-16 22:05:42,INCOMING,0,9743,524,CELL-GLB-01,31.52196,74.359259,VOLTE,Gulberg
923331234567,923009998886,923331234567,410016039977241,35678901547059,2026-04-16 21:42:37,2026-04-16 21:47:30,INCOMING,0,3557,500,CELL-DHA-05,31.469152,74.409992,CALL,DHA Phase 5
923331234567,923009998883,923331234567,410012950201379,35678901999503,2026-04-16 21:49:59,2026-04-16 21:49:59,INCOMING,1491315,8897,872,CELL-GLB-01,31.521807,74.35734,GPRS,Gulberg
923001110002,923009998883,923001110002,410017340127817,35678901799710,2026-04-04 03:08:13,2026-04-04 03:08:13,INCOMING,3604627,7441,324,CELL-MT-03,31.481676,74.321133,GPRS,Model Town
923001110002,923001110002,923009998888,410015218368641,35678901497739,2026-04-16 22:03:39,2026-04-16 22:03:39,OUTGOING,0,2556,731,CELL-ARP-08,31.520283,74.404238,SMS,Airport Road
923461678183,923461678183,923009998887,410012198207041,35678901232731,2026-04-04 03:10:50,2026-04-04 03:10:50,OUTGOING,6550400,4124,479,CELL-ARP-08,31.51961,74.402816,GPRS,Airport Road
923451112233,923009998886,923451112233,410012214266084,35678901157782,2026-04-08 09:33:49,2026-04-08 09:37:39,INCOMING,0,3722,802,CELL-LB-02,31.510043,74.345942,VOLTE,Liberty Market
923001110001,923001110001,923009998888,410015782935364,35678901678980,2026-04-12 16:00:12,2026-04-12 16:00:12,OUTGOING,5871034,3902,814,CELL-MT-03,31.483752,74.324876,GPRS,Model Town
923451112233,923009998881,923451112233,410012975885442,35678901813801,2026-04-06 06:26:51,2026-04-06 06:26:51,INCOMING,824968,3904,221,CELL-ARP-08,31.520052,74.401657,GPRS,Airport Road
923461678183,923009998883,923461678183,410019350352285,35678901992867,2026-04-04 03:14:13,2026-04-04 03:25:46,INCOMING,0,8398,464,CELL-GLB-01,31.522216,74.35731,CALL,Gulberg
923001110003,923009998888,923001110003,410013479564578,35678901341476,2026-04-12 16:15:51,2026-04-12 16:15:51,INCOMING,309227,7743,908,CELL-MT-03,31.48403,74.323625,GPRS,Model Town
923451112233,923009998887,923451112233,410016026364427,35678901941049,2026-04-08 09:48:33,2026-04-08 09:48:33,INCOMING,4778309,3508,958,CELL-GLB-01,31.520049,74.359003,GPRS,Gulberg
923461678183,923461678183,923009998887,410019906125000,35678901344672,2026-04-12 16:25:42,2026-04-12 16:25:42,OUTGOING,1415244,9273,976,CELL-GLB-01,31.521945,74.360436,GPRS,Gulberg
923331234567,923331234567,923009998888,410018918832733,35678901197180,2026-04-12 16:30:45,2026-04-12 16:30:45,OUTGOING,2045698,8389,740,CELL-LB-02,31.509962,74.343555,GPRS,Liberty Market
923001110001,923009998885,923001110001,410015513541944,35678901431351,2026-04-14 19:54:01,2026-04-14 20:15:52,INCOMING,0,7508,597,CELL-GLB-01,31.519651,74.358643,VOLTE,Gulberg
923461678183,923461678183,923009998886,410014047080027,35678901682886,2026-04-10 13:20:29,2026-04-10 13:20:29,OUTGOING,6321788,7784,950,CELL-ARP-08,31.522268,74.404939,GPRS,Airport Road
923331234567,923009998884,923331234567,410014509264571,35678901479469,2026-04-16 23:27:59,2026-04-16 23:27:59,INCOMING,14521,8906,431,CELL-GLB-01,31.518471,74.357439,GPRS,Gulberg
923451112233,923009998887,923451112233,410019568329509,35678901616901,2026-04-10 13:28:09,2026-04-10 13:28:09,INCOMING,0,8748,185,CELL-MT-03,31.484262,74.32458,SMS,Model Town
923001110003,923009998888,923001110003,410018569404153,35678901261319,2026-04-14 20:18:10,2026-04-14 20:18:10,INCOMING,6125700,9840,411,CELL-GLB-01,31.518505,74.357035,GPRS,Gulberg
923001110002,923001110002,923009998888,410017251121548,35678901532003,2026-04-16 23:48:11,2026-04-16 23:48:11,OUTGOING,0,2017,356,CELL-DHA-05,31.46884,74.410434,SMS,DHA Phase 5
923451112233,923009998881,923451112233,410019688600255,35678901455113,2026-04-12 17:05:43,2026-04-12 17:05:43,INCOMING,0,8565,763,CELL-MT-03,31.484525,74.32301,CALL,Model Town
923001110003,923009998881,923001110003,410016591688260,35678901982824,2026-04-10 13:44:06,2026-04-10 13:44:06,INCOMING,2828221,9822,185,CELL-GLB-01,31.518949,74.360107,GPRS,Gulberg
923001110003,923001110003,923009998888,410017197118539,35678901857807,2026-04-12 17:15:04,2026-04-12 17:15:04,OUTGOING,7233751,4325,332,CELL-GLB-01,31.521077,74.359789,GPRS,Gulberg
923461678183,923009998885,923461678183,410011648617051,35678901983879,2026-04-04 03:28:48,2026-04-04 03:38:26,INCOMING,0,5764,242,CELL-ARP-08,31.522626,74.404535,VOLTE,Airport Road
923461678183,923461678183,923009998886,410016514071165,35678901167248,2026-04-04 03:29:49,2026-04-04 03:29:49,OUTGOING,1280839,2380,467,CELL-GLB-01,31.51931,74.359727,GPRS,Gulberg
923451112233,923009998884,923451112233,410017539440789,35678901378764,2026-04-12 17:30:45,2026-04-12 17:30:45,INCOMING,5399220,6821,539,CELL-MT-03,31.483783,74.322941,GPRS,Model Town
923331234567,923009998888,923331234567,410019554661490,35678901217814,2026-04-04 03:31:02,2026-04-04 03:31:02,INCOMING,0,1540,173,CELL-LB-02,31.509881,74.345838,VOLTE,Liberty Market
923461678183,923009998887,923461678183,410011585220269,35678901778849,2026-04-17 00:44:40,2026-04-17 00:44:40,INCOMING,6924932,2464,817,CELL-LB-02,31.508734,74.344315,GPRS,Liberty Market
923461678183,923461678183,923009998887,410012736956375,35678901489224,2026-04-08 10:39:55,2026-04-08 10:39:55,OUTGOING,5380479,7725,816,CELL-ARP-08,31.521169,74.402044,GPRS,Airport Road
923461678183,923461678183,923009998887,410017113636996,35678901804647,2026-04-14 21:24:44,2026-04-14 21:30:00,OUTGOING,0,9095,385,CELL-ARP-08,31.519935,74.405349,CALL,Airport Road
923331234567,923331234567,923009998884,410017292714452,35678901502303,2026-04-12 17:55:53,2026-04-12 17:55:53,OUTGOING,2460816,6341,553,CELL-ARP-08,31.522255,74.40219,GPRS,Airport Road
923001110003,923009998888,923001110003,410014359162480,35678901432904,2026-04-12 18:00:26,2026-04-12 18:00:26,INCOMING,921246,1415,722,CELL-GLB-01,31.518847,74.35937,GPRS,Gulberg
923001110003,923001110003,923009998881,410015100628506,35678901894832,2026-04-14 21:42:36,2026-04-14 21:42:36,OUTGOING,1255742,4228,938,CELL-MT-03,31.482363,74.321973,GPRS,Model Town
923461678183,923461678183,923009998887,410017486676085,35678901111276,2026-04-17 01:26:55,2026-04-17 01:26:55,OUTGOING,1701567,6739,349,CELL-ARP-08,31.521791,74.401951,GPRS,Airport Road
923331234567,923331234567,923009998885,410016232592991,35678901188885,2026-04-12 18:15:07,2026-04-12 18:15:07,OUTGOING,1929615,6507,186,CELL-MT-03,31.482519,74.323632,GPRS,Model Town
923331234567,923009998885,923331234567,410011505791932,35678901420521,2026-04-06 07:20:10,2026-04-06 07:35:08,INCOMING,0,3049,605,CELL-GLB-01,31.518454,74.360414,CALL,Gulberg
923001110001,923001110001,923009998882,410014770640373,35678901472529,2026-04-14 22:06:24,2026-04-14 22:06:24,OUTGOING,0,8057,548,CELL-MT-03,31.48438,74.324741,CALL,Model Town
923001110001,923001110001,923009998888,410013267991728,35678901716466,2026-04-12 18:30:46,2026-04-12 18:33:35,OUTGOING,0,1314,507,CELL-GLB-01,31.519858,74.35868,VOLTE,Gulberg
923461678183,923009998882,923461678183,410014938312607,35678901466573,2026-04-10 14:52:24,2026-04-10 14:52:24,INCOMING,6581277,8143,187,CELL-MT-03,31.483812,74.324726,GPRS,Model Town
923331234567,923331234567,923009998882,410018612638593,35678901137014,2026-04-04 03:44:00,2026-04-04 03:44:00,OUTGOING,1463246,9273,228,CELL-MT-03,31.484258,74.322193,GPRS,Model Town
923451112233,923451112233,923009998883,410014997441974,35678901364152,2026-04-10 15:00:14,2026-04-10 15:19:06,OUTGOING,0,6055,779,CELL-DHA-05,31.471437,74.409178,VOLTE,DHA Phase 5
923331234567,923331234567,923009998884,410015260175669,35678901614891,2026-04-14 22:36:36,2026-04-14 22:36:36,OUTGOING,5253446,1423,830,CELL-GLB-01,31.520186,74.357384,GPRS,Gulberg
923331234567,923331234567,923009998884,410011619838614,35678901374972,2026-04-08 11:21:00,2026-04-08 11:21:00,OUTGOING,1701629,3914,823,CELL-LB-02,31.512167,74.345217,GPRS,Liberty Market
923001110001,923009998888,923001110001,410015855723832,35678901684681,2026-04-17 02:36:13,2026-04-17 02:57:03,INCOMING,0,8813,158,CELL-MT-03,31.482201,74.321539,VOLTE,Model Town
923001110003,923009998881,923001110003,410019595108113,35678901177449,2026-04-17 02:43:01,2026-04-17 02:51:57,INCOMING,0,6095,671,CELL-ARP-08,31.521524,74.401804,VOLTE,Airport Road
923001110002,923001110002,923009998885,410017901578307,35678901223195,2026-04-12 19:10:00,2026-04-12 19:22:08,OUTGOING,0,8053,499,CELL-LB-02,31.510974,74.34426,CALL,Liberty Market
923001110001,923001110001,923009998882,410014080446867,35678901519507,2026-04-17 02:57:25,2026-04-17 02:57:25,OUTGOING,564090,6080,681,CELL-LB-02,31.509179,74.34397,GPRS,Liberty Market
923331234567,923009998887,923331234567,410014427776481,35678901627334,2026-04-10 15:28:54,2026-04-10 15:40:55,INCOMING,0,3422,765,CELL-DHA-05,31.468213,74.408278,CALL,DHA Phase 5
923001110002,923009998885,923001110002,410013596340108,35678901226093,2026-04-08 11:39:01,2026-04-08 11:39:01,INCOMING,2673858,6786,432,CELL-ARP-08,31.520658,74.403843,GPRS,Airport Road
923001110002,923009998885,923001110002,410013825714603,35678901951591,2026-04-12 19:30:33,2026-04-12 19:30:33,INCOMING,5176992,6737,307,CELL-ARP-08,31.522472,74.403773,GPRS,Airport Road
923331234567,923331234567,923009998888,410013029036123,35678901848021,2026-04-17 03:25:48,2026-04-17 03:25:48,OUTGOING,0,6644,359,CELL-ARP-08,31.521356,74.402493,SMS,Airport Road
923331234567,923009998885,923331234567,410015086334556,35678901481661,2026-04-14 23:36:17,2026-04-14 23:36:17,INCOMING,51108,5981,860,CELL-ARP-08,31.521261,74.404818,GPRS,Airport Road
923001110002,923001110002,923009998882,410016081846381,35678901599420,2026-04-14 23:42:20,2026-04-14 23:42:20,OUTGOING,3630596,2915,926,CELL-LB-02,31.509383,74.342622,GPRS,Liberty Market
923001110002,923009998883,923001110002,410012375932075,35678901334648,2026-04-08 11:54:57,2026-04-08 12:03:30,INCOMING,0,6961,285,CELL-ARP-08,31.520674,74.404028,VOLTE,Airport Road
923451112233,923009998883,923451112233,410017066369571,35678901942446,2026-04-12 19:55:11,2026-04-12 19:55:11,INCOMING,4802082,6512,471,CELL-LB-02,31.510569,74.343052,GPRS,Liberty Market
923331234567,923009998888,923331234567,410015886824550,35678901924890,2026-04-04 04:00:31,2026-04-04 04:00:31,INCOMING,3433425,9224,284,CELL-DHA-05,31.470685,74.410539,GPRS,DHA Phase 5
923461678183,923009998886,923461678183,410013503002595,35678901388796,2026-04-12 20:05:32,2026-04-12 20:05:32,INCOMING,0,8717,709,CELL-DHA-05,31.471573,74.408103,SMS,DHA Phase 5
923331234567,923331234567,923009998884,410019908386083,35678901528837,2026-04-17 04:14:04,2026-04-17 04:14:04,OUTGOING,757213,7783,763,CELL-ARP-08,31.519977,74.404003,GPRS,Airport Road
923001110002,923001110002,923009998882,410014905536944,35678901318147,2026-04-15 00:18:44,2026-04-15 00:42:21,OUTGOING,0,1553,556,CELL-DHA-05,31.471581,74.407914,CALL,DHA Phase 5
923451112233,923451112233,923009998882,410018294249605,35678901206014,2026-04-17 04:28:06,2026-04-17 04:28:06,OUTGOING,4584470,8775,453,CELL-ARP-08,31.520443,74.405343,GPRS,Airport Road
923331234567,923331234567,923009998888,410017325330532,35678901723556,2026-04-08 12:15:30,2026-04-08 12:15:30,OUTGOING,0,9976,507,CELL-GLB-01,31.522223,74.360082,SMS,Gulberg
923001110001,923001110001,923009998882,410016029855806,35678901488680,2026-04-15 00:36:04,2026-04-15 00:36:04,OUTGOING,4687572,6845,197,CELL-DHA-05,31.469626,74.408488,GPRS,DHA Phase 5
923001110002,923001110002,923009998881,410017995151756,35678901980103,2026-04-04 04:07:55,2026-04-04 04:33:22,OUTGOING,0,9478,928,CELL-LB-02,31.508231,74.343682,VOLTE,Liberty Market
923001110002,923001110002,923009998888,410015714982266,35678901999872,2026-04-15 00:48:51,2026-04-15 00:48:51,OUTGOING,0,5704,915,CELL-MT-03,31.481267,74.323012,CALL,Model Town
923331234567,923331234567,923009998883,410016686177386,35678901299302,2026-04-17 05:03:39,2026-04-17 05:03:39,OUTGOING,0,5371,620,CELL-DHA-05,31.469431,74.409888,SMS,DHA Phase 5
923331234567,923331234567,923009998882,410018532710405,35678901640364,2026-04-08 12:30:09,2026-04-08 12:30:09,OUTGOING,4004355,2902,587,CELL-DHA-05,31.470302,74.408683,GPRS,DHA Phase 5
923461678183,923461678183,923009998886,410016963445988,35678901386056,2026-04-10 16:44:47,2026-04-10 16:44:47,OUTGOING,2415911,5908,659,CELL-MT-03,31.483165,74.323044,GPRS,Model Town
923461678183,923009998886,923461678183,410017846176329,35678901240398,2026-04-04 04:12:14,2026-04-04 04:12:14,INCOMING,0,1010,993,CELL-DHA-05,31.468549,74.411135,SMS,DHA Phase 5
923001110001,923009998883,923001110001,410017041055899,35678901277415,2026-04-10 16:52:06,2026-04-10 17:17:43,INCOMING,0,2545,602,CELL-DHA-05,31.467952,74.410204,CALL,DHA Phase 5
923001110003,923009998883,923001110003,410012767623914,35678901737307,2026-04-15 01:24:39,2026-04-15 01:24:39,INCOMING,3418236,8364,541,CELL-GLB-01,31.521479,74.357938,GPRS,Gulberg
923461678183,923461678183,923009998882,410011137554339,35678901915632,2026-04-17 05:45:47,2026-04-17 05:45:47,OUTGOING,6706833,3106,868,CELL-LB-02,31.510809,74.34427,GPRS,Liberty Market
923001110003,923009998881,923001110003,410019661302780,35678901453538,2026-04-08 12:48:19,2026-04-08 12:53:30,INCOMING,0,9779,422,CELL-DHA-05,31.470432,74.409335,VOLTE,DHA Phase 5
923331234567,923331234567,923009998888,410017687725244,35678901953599,2026-04-06 08:34:11,2026-04-06 08:34:11,OUTGOING,4185112,3460,958,CELL-MT-03,31.482241,74.323225,GPRS,Model Town
923001110001,923009998885,923001110001,410015227612973,35678901938202,2026-04-12 21:30:35,2026-04-12 21:30:35,INCOMING,6158051,2659,964,CELL-LB-02,31.510957,74.344177,GPRS,Liberty Market
923461678183,923461678183,923009998883,410016868831845,35678901540751,2026-04-08 12:57:51,2026-04-08 12:57:51,OUTGOING,1574714,3139,283,CELL-GLB-01,31.521532,74.358634,GPRS,Gulberg
923001110002,923001110002,923009998885,410017045091091,35678901959318,2026-04-17 06:20:55,2026-04-17 06:20:55,OUTGOING,0,9719,973,CELL-DHA-05,31.469512,74.408574,SMS,DHA Phase 5
923461678183,923009998886,923461678183,410019793872322,35678901737191,2026-04-06 08:42:48,2026-04-06 08:51:28,INCOMING,0,7528,623,CELL-GLB-01,31.519063,74.358336,VOLTE,Gulberg
923001110001,923001110001,923009998886,410014538145939,35678901162387,2026-04-12 21:50:38,2026-04-12 21:50:38,OUTGOING,7481953,9373,535,CELL-ARP-08,31.523207,74.404733,GPRS,Airport Road
923001110001,923001110001,923009998885,410018805701439,35678901762195,2026-04-10 17:32:21,2026-04-10 17:32:21,OUTGOING,0,5250,670,CELL-GLB-01,31.519695,74.357294,CALL,Gulberg
923001110003,923001110003,923009998884,410014840288624,35678901393478,2026-04-04 04:24:40,2026-04-04 04:24:40,OUTGOING,0,7970,447,CELL-LB-02,31.511209,74.342125,SMS,Liberty Market
923001110001,923009998882,923001110001,410012617257396,35678901616467,2026-04-15 02:30:56,2026-04-15 02:30:56,INCOMING,3856257,5328,418,CELL-MT-03,31.482667,74.321253,GPRS,Model Town
923451112233,923009998888,923451112233,410012226385749,35678901502869,2026-04-12 22:10:00,2026-04-12 22:10:00,INCOMING,7406724,1016,141,CELL-ARP-08,31.520319,74.405512,GPRS,Airport Road
923451112233,923009998881,923451112233,410013292372042,35678901387690,2026-04-15 02:42:26,2026-04-15 02:42:26,INCOMING,4251148,2088,773,CELL-GLB-01,31.520437,74.35939,GPRS,Gulberg
923001110002,923001110002,923009998882,410011782494463,35678901506241,2026-04-06 08:56:24,2026-04-06 08:56:24,OUTGOING,7825466,7058,358,CELL-ARP-08,31.52302,74.404508,GPRS,Airport Road
923331234567,923009998883,923331234567,410013785231310,35678901229220,2026-04-15 02:54:18,2026-04-15 02:54:18,INCOMING,0,9917,855,CELL-ARP-08,31.521446,74.402182,SMS,Airport Road
923331234567,923331234567,923009998884,410019169148886,35678901454738,2026-04-10 18:00:00,2026-04-10 18:00:00,OUTGOING,7140202,9335,102,CELL-GLB-01,31.52216,74.359101,GPRS,Gulberg
923451112233,923009998888,923451112233,410019178166630,35678901352125,2026-04-10 18:04:06,2026-04-10 18:04:06,INCOMING,1813362,8933,848,CELL-MT-03,31.484756,74.324474,GPRS,Model Town
923451112233,923009998888,923451112233,410013761851302,35678901857920,2026-04-12 22:40:14,2026-04-12 22:40:14,INCOMING,7368261,3630,326,CELL-LB-02,31.510251,74.34359,GPRS,Liberty Market
923001110003,923001110003,923009998887,410018481414353,35678901991839,2026-04-15 03:18:20,2026-04-15 03:18:20,OUTGOING,2536598,6237,705,CELL-GLB-01,31.519752,74.356894,GPRS,Gulberg
923451112233,923451112233,923009998886,410015269867203,35678901777349,2026-04-06 09:08:58,2026-04-06 09:11:08,OUTGOING,0,8163,565,CELL-LB-02,31.512163,74.344406,CALL,Liberty Market
923461678183,923461678183,923009998882,410011810845579,35678901850619,2026-04-12 22:55:01,2026-04-12 23:09:43,OUTGOING,0,1123,198,CELL-GLB-01,31.520445,74.359047,CALL,Gulberg
923001110003,923009998883,923001110003,410011297171544,35678901436528,2026-04-06 09:12:44,2026-04-06 09:12:44,INCOMING,4034265,4765,704,CELL-GLB-01,31.520308,74.35896,GPRS,Gulberg
923451112233,923451112233,923009998887,410014810056295,35678901176469,2026-04-17 08:19:20,2026-04-17 08:46:15,OUTGOING,0,1868,162,CELL-DHA-05,31.471471,74.41146,CALL,DHA Phase 5
923001110003,923001110003,923009998882,410019222013001,35678901248676,2026-04-06 09:16:26,2026-04-06 09:16:26,OUTGOING,2846344,5007,492,CELL-MT-03,31.481678,74.323965,GPRS,Model Town
923461678183,923009998886,923461678183,410011236473791,35678901394413,2026-04-04 04:39:34,2026-04-04 04:39:34,INCOMING,4567414,8971,781,CELL-DHA-05,31.471139,74.411101,GPRS,DHA Phase 5
923001110002,923009998884,923001110002,410015837445887,35678901568264,2026-04-10 18:40:50,2026-04-10 18:54:55,INCOMING,0,5680,801,CELL-LB-02,31.508216,74.343546,CALL,Liberty Market
923001110002,923009998882,923001110002,410013451291285,35678901508241,2026-04-06 09:22:39,2026-04-06 09:22:39,INCOMING,0,1537,805,CELL-ARP-08,31.522599,74.402069,SMS,Airport Road
923461678183,923009998884,923461678183,410015129420812,35678901107639,2026-04-06 09:24:43,2026-04-06 09:24:43,INCOMING,1482841,6706,237,CELL-ARP-08,31.520959,74.402565,GPRS,Airport Road
923461678183,923461678183,923009998883,410017439671527,35678901748379,2026-04-10 18:52:17,2026-04-10 18:52:17,OUTGOING,0,4730,909,CELL-LB-02,31.510277,74.342445,CALL,Liberty Market
923001110002,923009998885,923001110002,410015980329116,35678901339507,2026-04-04 04:44:51,2026-04-04 04:44:51,INCOMING,4064494,5213,485,CELL-ARP-08,31.520211,74.403344,GPRS,Airport Road
923001110001,923009998888,923001110001,410019881993383,35678901766470,2026-04-12 23:45:33,2026-04-12 23:45:33,INCOMING,2249302,6864,121,CELL-MT-03,31.48322,74.321143,GPRS,Model Town
923331234567,923009998887,923331234567,410015815043566,35678901164870,2026-04-04 04:46:40,2026-04-04 04:50:24,INCOMING,0,4472,498,CELL-MT-03,31.484881,74.323573,CALL,Model Town
923461678183,923009998885,923461678183,410018779893544,35678901722260,2026-04-04 04:47:57,2026-04-04 04:59:41,INCOMING,0,9260,583,CELL-LB-02,31.51171,74.345875,VOLTE,Liberty Market
923001110003,923009998886,923001110003,410018534445973,35678901211181,2026-04-15 04:48:49,2026-04-15 04:48:49,INCOMING,0,2705,673,CELL-ARP-08,31.522759,74.404684,SMS,Airport Road
923461678183,923461678183,923009998885,410012589754115,35678901512685,2026-04-06 09:38:38,2026-04-06 09:38:38,OUTGOING,0,6173,837,CELL-DHA-05,31.468727,74.408235,SMS,DHA Phase 5
923001110002,923009998888,923001110002,410011400777033,35678901250374,2026-04-06 09:40:22,2026-04-06 09:40:22,INCOMING,4465224,5400,942,CELL-LB-02,31.510669,74.34379,GPRS,Liberty Market
923451112233,923451112233,923009998886,410017472264154,35678901747629,2026-04-15 05:06:43,2026-04-15 05:06:43,OUTGOING,4757429,4456,731,CELL-ARP-08,31.521213,74.405356,GPRS,Airport Road
923001110002,923009998883,923001110002,410015394267734,35678901139203,2026-04-04 04:52:06,2026-04-04 05:17:15,INCOMING,0,4258,251,CELL-MT-03,31.484536,74.323584,VOLTE,Model Town
923461678183,923009998886,923461678183,410015002943354,35678901345396,2026-04-04 04:53:25,2026-04-04 04:53:25,INCOMING,3259556,7110,428,CELL-ARP-08,31.519894,74.4044,GPRS,Airport Road
923461678183,923461678183,923009998887,410012695956436,35678901730420,2026-04-17 10:18:31,2026-04-17 10:18:31,OUTGOING,1368505,6458,347,CELL-ARP-08,31.519808,74.402825,GPRS,Airport Road
923461678183,923461678183,923009998881,410011902254233,35678901393260,2026-04-08 14:45:31,2026-04-08 14:51:26,OUTGOING,0,1890,939,CELL-LB-02,31.511271,74.34259,CALL,Liberty Market
923461678183,923009998886,923461678183,410016804850801,35678901645840,2026-04-15 05:36:35,2026-04-15 05:36:35,INCOMING,0,8296,880,CELL-DHA-05,31.470331,74.410097,SMS,DHA Phase 5
923001110002,923009998881,923001110002,410014428898735,35678901271918,2026-04-17 10:39:30,2026-04-17 10:39:30,INCOMING,4497929,9340,984,CELL-GLB-01,31.519395,74.358818,GPRS,Gulberg
923001110001,923009998888,923001110001,410011972488417,35678901260775,2026-04-17 10:46:58,2026-04-17 10:46:58,INCOMING,0,5569,143,CELL-GLB-01,31.51951,74.356731,SMS,Gulberg
923331234567,923009998886,923331234567,410018087760641,35678901673115,2026-04-13 00:55:50,2026-04-13 00:55:50,INCOMING,5697190,9529,735,CELL-GLB-01,31.518526,74.360393,GPRS,Gulberg
923001110002,923001110002,923009998886,410016375626528,35678901618106,2026-04-08 15:00:08,2026-04-08 15:00:08,OUTGOING,4821632,3800,729,CELL-MT-03,31.482199,74.323657,GPRS,Model Town
923001110003,923009998888,923001110003,410013917236499,35678901397125,2026-04-13 01:05:39,2026-04-13 01:05:39,INCOMING,2057859,1413,527,CELL-GLB-01,31.520236,74.357377,GPRS,Gulberg
923331234567,923009998882,923331234567,410018240726646,35678901733766,2026-04-08 15:06:30,2026-04-08 15:06:30,INCOMING,1505211,6563,529,CELL-ARP-08,31.522972,74.402034,GPRS,Airport Road
923001110002,923009998886,923001110002,410018933817447,35678901836325,2026-04-06 10:06:10,2026-04-06 10:06:10,INCOMING,5906493,6325,675,CELL-GLB-01,31.520154,74.3595,GPRS,Gulberg
923461678183,923461678183,923009998881,410018431531166,35678901436686,2026-04-06 10:08:45,2026-04-06 10:08:45,OUTGOING,1629722,2597,423,CELL-GLB-01,31.521083,74.360267,GPRS,Gulberg
923461678183,923461678183,923009998883,410014832043142,35678901963143,2026-04-08 15:15:34,2026-04-08 15:15:34,OUTGOING,1522002,8058,700,CELL-ARP-08,31.521961,74.405383,GPRS,Airport Road
923001110001,923001110001,923009998881,410013893029211,35678901839971,2026-04-13 01:30:19,2026-04-13 01:30:19,OUTGOING,6780743,4925,250,CELL-MT-03,31.483349,74.324616,GPRS,Model Town
923451112233,923009998885,923451112233,410016911742705,35678901672138,2026-04-10 20:28:06,2026-04-10 20:51:30,INCOMING,0,6845,526,CELL-DHA-05,31.469659,74.409383,VOLTE,DHA Phase 5
923331234567,923009998882,923331234567,410011240311236,35678901728631,2026-04-08 15:24:35,2026-04-08 15:24:35,INCOMING,3020941,1250,971,CELL-LB-02,31.508795,74.345996,GPRS,Liberty Market
923001110002,923001110002,923009998883,410019390256798,35678901308405,2026-04-15 06:54:09,2026-04-15 06:54:09,OUTGOING,0,8215,978,CELL-GLB-01,31.520993,74.356822,SMS,Gulberg
923001110001,923009998885,923001110001,410011904150604,35678901331384,2026-04-06 10:20:19,2026-04-06 10:20:19,INCOMING,6947082,4596,179,CELL-MT-03,31.484536,74.322797,GPRS,Model Town
923451112233,923451112233,923009998881,410014484184056,35678901464988,2026-04-17 12:17:00,2026-04-17 12:35:55,OUTGOING,0,9440,508,CELL-MT-03,31.484704,74.323091,VOLTE,Model Town
923331234567,923009998886,923331234567,410015503506650,35678901830488,2026-04-08 15:36:50,2026-04-08 15:36:50,INCOMING,0,8774,519,CELL-MT-03,31.482412,74.323509,SMS,Model Town
923001110002,923009998884,923001110002,410016550310403,35678901282256,2026-04-15 07:18:58,2026-04-15 07:18:58,INCOMING,0,5701,609,CELL-DHA-05,31.469778,74.410395,SMS,DHA Phase 5
923461678183,923461678183,923009998886,410017068347467,35678901549895,2026-04-10 20:56:26,2026-04-10 20:56:26,OUTGOING,1334466,3678,967,CELL-MT-03,31.484378,74.322147,GPRS,Model Town
923451112233,923009998888,923451112233,410014130151618,35678901476735,2026-04-06 10:30:42,2026-04-06 10:39:25,INCOMING,0,4559,330,CELL-GLB-01,31.52038,74.358658,CALL,Gulberg
923001110002,923009998883,923001110002,410015009427369,35678901372957,2026-04-08 15:48:46,2026-04-08 15:48:46,INCOMING,840306,3686,187,CELL-LB-02,31.511178,74.342169,GPRS,Liberty Market
923001110002,923009998887,923001110002,410019198004453,35678901968924,2026-04-15 07:42:15,2026-04-15 07:42:15,INCOMING,7300250,4358,981,CELL-LB-02,31.510419,74.345277,GPRS,Liberty Market
923331234567,923009998884,923331234567,410018069778979,35678901960491,2026-04-15 07:48:24,2026-04-15 07:48:24,INCOMING,7848823,9527,498,CELL-DHA-05,31.471697,74.408491,GPRS,DHA Phase 5
923001110002,923009998888,923001110002,410018960280104,35678901676353,2026-04-17 13:13:36,2026-04-17 13:13:36,INCOMING,7805095,8356,780,CELL-GLB-01,31.519993,74.360635,GPRS,Gulberg
923461678183,923461678183,923009998885,410017690695060,35678901660825,2026-04-10 21:20:31,2026-04-10 21:29:48,OUTGOING,0,3748,766,CELL-GLB-01,31.520732,74.357739,VOLTE,Gulberg
923001110003,923001110003,923009998887,410014731254905,35678901288686,2026-04-08 16:03:13,2026-04-08 16:03:13,OUTGOING,4115503,8841,215,CELL-ARP-08,31.521681,74.404441,GPRS,Airport Road
923001110001,923001110001,923009998886,410015417334512,35678901948648,2026-04-13 02:50:11,2026-04-13 02:50:11,OUTGOING,6942328,4793,416,CELL-MT-03,31.485145,74.323772,GPRS,Model Town
923331234567,923331234567,923009998887,410013515180311,35678901195663,2026-04-15 08:18:22,2026-04-15 08:18:22,OUTGOING,889677,7539,961,CELL-LB-02,31.50982,74.344051,GPRS,Liberty Market
923001110001,923009998883,923001110001,410011937783000,35678901941884,2026-04-15 08:24:54,2026-04-15 08:24:54,INCOMING,0,7161,716,CELL-GLB-01,31.518489,74.358785,SMS,Gulberg
923331234567,923009998881,923331234567,410019515431502,35678901366380,2026-04-06 10:50:32,2026-04-06 10:50:32,INCOMING,0,6357,735,CELL-GLB-01,31.518832,74.35927,VOLTE,Gulberg
923331234567,923009998884,923331234567,410012629902207,35678901538296,2026-04-06 10:52:53,2026-04-06 11:11:32,INCOMING,0,1447,325,CELL-LB-02,31.511054,74.344767,CALL,Liberty Market
923001110003,923001110003,923009998885,410014290427477,35678901298037,2026-04-10 21:48:54,2026-04-10 21:48:54,OUTGOING,6495706,4391,341,CELL-LB-02,31.509384,74.34409,GPRS,Liberty Market
923001110001,923009998881,923001110001,410013588268752,35678901514123,2026-04-13 03:20:58,2026-04-13 03:20:58,INCOMING,2614789,1214,482,CELL-LB-02,31.508606,74.34409,GPRS,Liberty Market
923001110002,923001110002,923009998884,410019900819532,35678901767725,2026-04-04 05:29:43,2026-04-04 05:29:43,OUTGOING,497616,2032,975,CELL-MT-03,31.482449,74.321244,GPRS,Model Town
923001110003,923001110003,923009998886,410017479831560,35678901289781,2026-04-13 03:30:48,2026-04-13 03:30:48,OUTGOING,5514161,8287,874,CELL-ARP-08,31.519923,74.403193,GPRS,Airport Road
923451112233,923009998882,923451112233,410011488101081,35678901297162,2026-04-13 03:35:55,2026-04-13 04:05:31,INCOMING,0,7368,843,CELL-GLB-01,31.518442,74.360266,VOLTE,Gulberg
923451112233,923451112233,923009998884,410014031942118,35678901282272,2026-04-10 22:08:45,2026-04-10 22:08:45,OUTGOING,5786413,3361,329,CELL-ARP-08,31.522463,74.401686,GPRS,Airport Road
923451112233,923009998882,923451112233,410015832767822,35678901705589,2026-04-04 05:33:12,2026-04-04 05:33:12,INCOMING,4954444,5386,801,CELL-GLB-01,31.521044,74.35696,GPRS,Gulberg
923001110002,923009998888,923001110002,410015279500142,35678901773800,2026-04-17 14:58:02,2026-04-17 15:16:17,INCOMING,0,3458,721,CELL-LB-02,31.510577,74.343916,VOLTE,Liberty Market
923331234567,923009998883,923331234567,410014690210725,35678901235856,2026-04-13 03:55:16,2026-04-13 03:55:16,INCOMING,6765504,3058,871,CELL-ARP-08,31.519939,74.401715,GPRS,Airport Road
923001110003,923009998883,923001110003,410012844712918,35678901652687,2026-04-10 22:24:30,2026-04-10 22:24:30,INCOMING,0,8098,842,CELL-GLB-01,31.518501,74.357997,SMS,Gulberg
923461678183,923009998888,923461678183,410013839983968,35678901114340,2026-04-04 05:37:15,2026-04-04 05:37:15,INCOMING,7483558,4936,988,CELL-GLB-01,31.520488,74.35709,GPRS,Gulberg
923001110002,923009998884,923001110002,410014556305939,35678901474306,2026-04-06 11:16:17,2026-04-06 11:23:18,INCOMING,0,4659,855,CELL-ARP-08,31.519633,74.402788,VOLTE,Airport Road
923001110003,923009998885,923001110003,410014111598668,35678901931960,2026-04-15 09:54:43,2026-04-15 09:54:43,INCOMING,1032837,1593,728,CELL-MT-03,31.485127,74.321602,GPRS,Model Town
923331234567,923009998885,923331234567,410015825444330,35678901812549,2026-04-10 22:40:10,2026-04-10 22:40:10,INCOMING,7271966,9510,379,CELL-GLB-01,31.518648,74.356867,GPRS,Gulberg
923451112233,923451112233,923009998885,410014555414972,35678901335128,2026-04-10 22:44:52,2026-04-10 22:44:52,OUTGOING,6980416,6268,145,CELL-ARP-08,31.521732,74.402245,GPRS,Airport Road
923331234567,923331234567,923009998888,410013276841778,35678901999117,2026-04-08 17:06:14,2026-04-08 17:06:14,OUTGOING,4363863,6685,964,CELL-LB-02,31.510782,74.345414,GPRS,Liberty Market
923331234567,923331234567,923009998881,410014521212252,35678901588496,2026-04-13 04:35:09,2026-04-13 04:35:09,OUTGOING,0,9552,909,CELL-LB-02,31.510597,74.344527,SMS,Liberty Market
923461678183,923461678183,923009998886,410016091388175,35678901582897,2026-04-08 17:12:41,2026-04-08 17:32:43,OUTGOING,0,4407,908,CELL-MT-03,31.484697,74.324403,VOLTE,Model Town
923001110002,923001110002,923009998885,410019962043638,35678901761858,2026-04-08 17:15:17,2026-04-08 17:15:17,OUTGOING,1230750,1986,980,CELL-LB-02,31.511686,74.346074,GPRS,Liberty Market
923331234567,923331234567,923009998883,410015879404711,35678901375036,2026-04-17 16:22:50,2026-04-17 16:29:18,OUTGOING,0,4923,463,CELL-MT-03,31.482266,74.321008,CALL,Model Town
923001110002,923009998885,923001110002,410014114076334,35678901218133,2026-04-10 23:08:39,2026-04-10 23:08:39,INCOMING,3979334,1050,852,CELL-MT-03,31.484209,74.324517,GPRS,Model Town
923001110001,923001110001,923009998888,410014397098920,35678901921860,2026-04-15 10:48:41,2026-04-15 10:48:41,OUTGOING,0,6291,898,CELL-GLB-01,31.52036,74.360686,CALL,Gulberg
923001110003,923009998881,923001110003,410015441820835,35678901484273,2026-04-06 11:38:12,2026-04-06 12:02:00,INCOMING,0,2317,282,CELL-GLB-01,31.519026,74.357128,VOLTE,Gulberg
923331234567,923009998882,923331234567,410015748417706,35678901878110,2026-04-10 23:20:42,2026-04-10 23:20:42,INCOMING,2338499,6716,729,CELL-MT-03,31.483369,74.32207,GPRS,Model Town
923001110002,923001110002,923009998888,410014689115812,35678901625922,2026-04-10 23:24:59,2026-04-10 23:24:59,OUTGOING,7016422,8042,361,CELL-GLB-01,31.522168,74.360601,GPRS,Gulberg
923001110002,923001110002,923009998887,410017652921395,35678901295722,2026-04-08 17:36:30,2026-04-08 18:05:50,OUTGOING,0,4168,424,CELL-LB-02,31.511395,74.345493,CALL,Liberty Market
923451112233,923451112233,923009998881,410013005141092,35678901530780,2026-04-08 17:39:28,2026-04-08 17:39:28,OUTGOING,5076576,8462,133,CELL-DHA-05,31.46872,74.407783,GPRS,DHA Phase 5
923461678183,923461678183,923009998882,410019542688671,35678901254344,2026-04-10 23:36:43,2026-04-10 23:36:43,OUTGOING,0,6201,823,CELL-MT-03,31.483867,74.32172,SMS,Model Town
923001110001,923009998881,923001110001,410018095220303,35678901463268,2026-04-15 11:30:40,2026-04-15 11:30:40,INCOMING,0,8350,132,CELL-ARP-08,31.520255,74.404263,SMS,Airport Road
923001110003,923001110003,923009998886,410014135362915,35678901502822,2026-04-17 17:32:41,2026-04-17 17:32:41,OUTGOING,2767413,9688,667,CELL-ARP-08,31.520392,74.40321,GPRS,Airport Road
923461678183,923461678183,923009998884,410018608662764,35678901294956,2026-04-06 11:54:33,2026-04-06 12:18:28,OUTGOING,0,3829,925,CELL-ARP-08,31.523469,74.402555,CALL,Airport Road
923001110002,923009998886,923001110002,410018386893708,35678901509425,2026-04-13 05:50:34,2026-04-13 05:51:36,INCOMING,0,1001,599,CELL-DHA-05,31.469241,74.41169,VOLTE,DHA Phase 5
923001110002,923009998883,923001110002,410013943270824,35678901185496,2026-04-06 11:58:40,2026-04-06 11:58:40,INCOMING,3137180,6599,519,CELL-LB-02,31.508376,74.343325,GPRS,Liberty Market
923451112233,923009998884,923451112233,410016309826687,35678901782988,2026-04-08 18:00:00,2026-04-08 18:02:25,INCOMING,0,6634,729,CELL-LB-02,31.510069,74.345742,CALL,Liberty Market
923461678183,923009998883,923461678183,410017461602988,35678901478944,2026-04-13 06:05:35,2026-04-13 06:05:35,INCOMING,4910651,5247,884,CELL-LB-02,31.510041,74.343652,GPRS,Liberty Market
923331234567,923009998888,923331234567,410019394852931,35678901864102,2026-04-08 18:06:10,2026-04-08 18:06:10,INCOMING,3925982,5479,321,CELL-ARP-08,31.522934,74.404695,GPRS,Airport Road
923331234567,923009998886,923331234567,410014392450192,35678901602841,2026-04-17 18:21:38,2026-04-17 18:21:38,INCOMING,2275389,1151,169,CELL-GLB-01,31.52115,74.359625,GPRS,Gulberg
923461678183,923009998885,923461678183,410017664367073,35678901265965,2026-04-04 06:04:35,2026-04-04 06:04:35,INCOMING,7457430,3001,726,CELL-LB-02,31.509302,74.345393,GPRS,Liberty Market
923001110001,923009998883,923001110001,410015299729098,35678901518468,2026-04-08 18:15:53,2026-04-08 18:15:53,INCOMING,6816109,1506,349,CELL-MT-03,31.484986,74.323749,GPRS,Model Town
923331234567,923009998882,923331234567,410013643117343,35678901510344,2026-04-04 06:06:34,2026-04-04 06:06:34,INCOMING,4189132,8148,106,CELL-MT-03,31.483819,74.322831,GPRS,Model Town
923461678183,923009998887,923461678183,410013943253403,35678901480006,2026-04-13 06:35:54,2026-04-13 06:35:54,INCOMING,7364042,6319,912,CELL-LB-02,31.511649,74.344985,GPRS,Liberty Market
923001110003,923001110003,923009998887,410016418682425,35678901523676,2026-04-11 00:32:56,2026-04-11 00:32:56,OUTGOING,4645262,3064,678,CELL-GLB-01,31.520997,74.358802,GPRS,Gulberg
923461678183,923461678183,923009998883,410013522659362,35678901721546,2026-04-13 06:45:09,2026-04-13 06:45:09,OUTGOING,3017153,6206,163,CELL-MT-03,31.484421,74.323965,GPRS,Model Town
923461678183,923009998882,923461678183,410011730059858,35678901924829,2026-04-06 12:20:57,2026-04-06 12:49:47,INCOMING,0,4221,734,CELL-ARP-08,31.521029,74.404778,CALL,Airport Road
923331234567,923331234567,923009998886,410018570941294,35678901710876,2026-04-15 13:06:04,2026-04-15 13:17:26,OUTGOING,0,7588,631,CELL-LB-02,31.508787,74.342196,CALL,Liberty Market
923001110002,923009998885,923001110002,410018869786618,35678901918271,2026-04-13 07:00:22,2026-04-13 07:00:22,INCOMING,0,5979,705,CELL-MT-03,31.481553,74.322514,SMS,Model Town
923461678183,923461678183,923009998884,410016302917468,35678901667033,2026-04-13 07:05:41,2026-04-13 07:05:41,OUTGOING,1499178,1485,899,CELL-DHA-05,31.471509,74.409921,GPRS,DHA Phase 5
923331234567,923331234567,923009998885,410017155581238,35678901341513,2026-04-06 12:28:14,2026-04-06 12:28:14,OUTGOING,115933,8206,569,CELL-GLB-01,31.522247,74.359559,GPRS,Gulberg
923001110003,923001110003,923009998883,410014457506384,35678901586353,2026-04-15 13:30:03,2026-04-15 13:52:49,OUTGOING,0,5010,788,CELL-LB-02,31.509718,74.342235,CALL,Liberty Market
923001110003,923009998886,923001110003,410011058945040,35678901226591,2026-04-11 01:04:30,2026-04-11 01:04:30,INCOMING,1714434,7579,974,CELL-MT-03,31.481673,74.3244,GPRS,Model Town
923461678183,923461678183,923009998884,410016748136717,35678901244757,2026-04-04 06:17:13,2026-04-04 06:17:13,OUTGOING,557019,5065,417,CELL-GLB-01,31.521003,74.360008,GPRS,Gulberg
923461678183,923461678183,923009998885,410017307476055,35678901686638,2026-04-11 01:12:03,2026-04-11 01:12:03,OUTGOING,7644454,8636,759,CELL-ARP-08,31.521099,74.404418,GPRS,Airport Road
923331234567,923009998885,923331234567,410015610094841,35678901281661,2026-04-06 12:38:03,2026-04-06 12:52:35,INCOMING,0,2049,388,CELL-GLB-01,31.520341,74.356938,VOLTE,Gulberg
923461678183,923461678183,923009998884,410017508998627,35678901256890,2026-04-15 14:00:47,2026-04-15 14:00:47,OUTGOING,190099,7932,327,CELL-GLB-01,31.521283,74.359613,GPRS,Gulberg
923001110003,923001110003,923009998885,410018678719146,35678901864739,2026-04-06 12:42:29,2026-04-06 12:42:29,OUTGOING,0,7657,870,CELL-MT-03,31.481301,74.321239,SMS,Model Town
923451112233,923451112233,923009998881,410019035139011,35678901288361,2026-04-13 07:50:23,2026-04-13 07:50:23,OUTGOING,0,7171,399,CELL-ARP-08,31.522328,74.403141,VOLTE,Airport Road
923001110003,923001110003,923009998884,410012140525149,35678901487226,2026-04-13 07:55:57,2026-04-13 07:55:57,OUTGOING,3453543,9747,859,CELL-LB-02,31.510337,74.344938,GPRS,Liberty Market
923001110003,923009998883,923001110003,410012207511155,35678901106995,2026-04-13 08:00:06,2026-04-13 08:00:06,INCOMING,5318353,1049,197,CELL-MT-03,31.481225,74.322898,GPRS,Model Town
923331234567,923331234567,923009998887,410015446194347,35678901524454,2026-04-11 01:40:23,2026-04-11 01:40:23,OUTGOING,0,1183,122,CELL-LB-02,31.511839,74.342647,SMS,Liberty Market
923451112233,923009998888,923451112233,410016766287579,35678901737172,2026-04-04 06:26:09,2026-04-04 06:26:09,INCOMING,2813873,4699,223,CELL-DHA-05,31.46843,74.407887,GPRS,DHA Phase 5
923451112233,923451112233,923009998883,410018944033259,35678901691397,2026-04-08 19:21:25,2026-04-08 19:21:25,OUTGOING,0,4160,261,CELL-GLB-01,31.520602,74.358995,CALL,Gulberg
923001110001,923001110001,923009998887,410017008282489,35678901396232,2026-04-04 06:28:14,2026-04-04 06:35:08,OUTGOING,0,9527,960,CELL-LB-02,31.50923,74.344808,CALL,Liberty Market
923461678183,923461678183,923009998886,410019481732082,35678901328128,2026-04-13 08:25:52,2026-04-13 08:25:52,OUTGOING,2725831,7019,122,CELL-DHA-05,31.468537,74.410247,GPRS,DHA Phase 5
923001110001,923001110001,923009998885,410011368608962,35678901768342,2026-04-04 06:30:21,2026-04-04 06:30:21,OUTGOING,1588340,5437,749,CELL-ARP-08,31.521955,74.402582,GPRS,Airport Road
923001110003,923001110003,923009998881,410019512161475,35678901759067,2026-04-13 08:35:49,2026-04-13 08:35:49,OUTGOING,0,3076,938,CELL-MT-03,31.484748,74.323991,SMS,Model Town
923331234567,923009998888,923331234567,410016110504740,35678901220586,2026-04-04 06:32:22,2026-04-04 06:32:22,INCOMING,4910848,1181,804,CELL-ARP-08,31.520846,74.402797,GPRS,Airport Road
923001110003,923001110003,923009998885,410015233364983,35678901505845,2026-04-11 02:12:09,2026-04-11 02:12:09,OUTGOING,6606721,4620,182,CELL-ARP-08,31.52056,74.404694,GPRS,Airport Road
923451112233,923009998881,923451112233,410018082815788,35678901905652,2026-04-13 08:50:07,2026-04-13 08:50:07,INCOMING,4571635,1272,875,CELL-ARP-08,31.522131,74.404232,GPRS,Airport Road
923451112233,923009998888,923451112233,410011230419268,35678901822349,2026-04-04 06:35:43,2026-04-04 06:35:43,INCOMING,6838311,6962,185,CELL-GLB-01,31.518435,74.35854,GPRS,Gulberg
923331234567,923331234567,923009998888,410014862295480,35678901307172,2026-04-11 02:24:30,2026-04-11 02:24:30,OUTGOING,7806704,4364,116,CELL-GLB-01,31.520303,74.358288,GPRS,Gulberg
923451112233,923451112233,923009998883,410013821964101,35678901427684,2026-04-15 15:42:43,2026-04-15 15:42:43,OUTGOING,7621474,1598,776,CELL-MT-03,31.483991,74.324759,GPRS,Model Town
923461678183,923009998881,923461678183,410013259776702,35678901479940,2026-04-11 02:32:34,2026-04-11 02:32:34,INCOMING,0,6065,132,CELL-DHA-05,31.467764,74.408788,SMS,DHA Phase 5
923451112233,923009998884,923451112233,410011751168682,35678901692283,2026-04-13 09:15:08,2026-04-13 09:16:51,INCOMING,0,7066,786,CELL-MT-03,31.483704,74.32207,CALL,Model Town
923001110002,923001110002,923009998886,410017711109291,35678901769794,2026-04-15 16:00:52,2026-04-15 16:16:48,OUTGOING,0,9428,805,CELL-GLB-01,31.518492,74.359166,VOLTE,Gulberg
923451112233,923451112233,923009998883,410018579167062,35678901332607,2026-04-06 13:22:01,2026-04-06 13:22:01,OUTGOING,0,4692,431,CELL-GLB-01,31.520456,74.360086,SMS,Gulberg
923331234567,923331234567,923009998882,410015194918808,35678901232046,2026-04-06 13:24:00,2026-04-06 13:24:00,OUTGOING,0,1027,841,CELL-LB-02,31.511025,74.342713,CALL,Liberty Market
923001110002,923009998887,923001110002,410019292035961,35678901203192,2026-04-08 20:09:23,2026-04-08 20:09:23,INCOMING,2538031,7175,719,CELL-LB-02,31.510922,74.345107,GPRS,Liberty Market
923331234567,923009998884,923331234567,410019426435171,35678901204969,2026-04-11 02:56:16,2026-04-11 03:25:51,INCOMING,0,5006,465,CELL-DHA-05,31.469467,74.407767,CALL,DHA Phase 5
923001110001,923009998885,923001110001,410018557018071,35678901163585,2026-04-11 03:00:38,2026-04-11 03:00:38,INCOMING,0,5803,974,CELL-ARP-08,31.522389,74.405539,CALL,Airport Road
923451112233,923009998882,923451112233,410017235433678,35678901739844,2026-04-17 23:22:14,2026-04-17 23:22:14,INCOMING,1697209,1532,131,CELL-LB-02,31.508374,74.342824,GPRS,Liberty Market
923001110002,923009998886,923001110002,410017767247930,35678901156451,2026-04-04 06:47:15,2026-04-04 06:47:15,INCOMING,3762337,5982,622,CELL-LB-02,31.508321,74.343044,GPRS,Liberty Market
923001110001,923001110001,923009998888,410018461956267,35678901748553,2026-04-08 20:24:00,2026-04-08 20:24:00,OUTGOING,5026878,8605,611,CELL-ARP-08,31.520139,74.403895,GPRS,Airport Road
923001110003,923001110003,923009998884,410018428859196,35678901730876,2026-04-13 10:05:34,2026-04-13 10:30:41,OUTGOING,0,8969,528,CELL-MT-03,31.485151,74.322211,CALL,Model Town
923461678183,923009998886,923461678183,410014263409480,35678901350541,2026-04-13 10:10:47,2026-04-13 10:25:53,INCOMING,0,9915,603,CELL-MT-03,31.483189,74.323698,VOLTE,Model Town
923001110002,923009998881,923001110002,410019083375201,35678901837653,2026-04-08 20:33:26,2026-04-08 20:33:26,INCOMING,0,2609,425,CELL-LB-02,31.508292,74.342393,SMS,Liberty Market
923001110003,923009998884,923001110003,410019903390910,35678901783381,2026-04-13 10:20:41,2026-04-13 10:21:50,INCOMING,0,5807,637,CELL-GLB-01,31.521234,74.35968,VOLTE,Gulberg
923001110001,923001110001,923009998881,410019004666779,35678901764241,2026-04-18 00:11:20,2026-04-18 00:23:21,OUTGOING,0,1612,485,CELL-ARP-08,31.521902,74.405046,CALL,Airport Road
923451112233,923451112233,923009998888,410019869105254,35678901498872,2026-04-15 17:24:58,2026-04-15 17:24:58,OUTGOING,0,4074,723,CELL-LB-02,31.5114,74.343593,CALL,Liberty Market
923001110001,923001110001,923009998881,410019397923852,35678901141939,2026-04-18 00:25:39,2026-04-18 00:34:26,OUTGOING,0,2750,257,CELL-GLB-01,31.518679,74.358985,CALL,Gulberg
923451112233,923009998883,923451112233,410018656237080,35678901552028,2026-04-08 20:48:51,2026-04-08 20:48:51,INCOMING,7343221,5138,587,CELL-LB-02,31.509076,74.345721,GPRS,Liberty Market
923001110003,923001110003,923009998885,410018775528983,35678901826437,2026-04-15 17:42:15,2026-04-15 17:42:15,OUTGOING,2367080,2598,535,CELL-GLB-01,31.521948,74.360559,GPRS,Gulberg
923331234567,923331234567,923009998881,410019872339599,35678901666499,2026-04-08 20:54:30,2026-04-08 20:54:30,OUTGOING,0,1760,219,CELL-GLB-01,31.520281,74.357803,CALL,Gulberg
923001110001,923001110001,923009998883,410019009840454,35678901892426,2026-04-13 10:55:23,2026-04-13 10:55:23,OUTGOING,0,3803,646,CELL-DHA-05,31.467758,74.411381,SMS,DHA Phase 5
923001110003,923001110003,923009998887,410014427925339,35678901444206,2026-04-04 07:00:05,2026-04-04 07:00:05,OUTGOING,1459512,7532,969,CELL-MT-03,31.48358,74.32455,GPRS,Model Town
923001110003,923009998882,923001110003,410018810894179,35678901547143,2026-04-15 18:06:38,2026-04-15 18:06:38,INCOMING,7551975,7980,851,CELL-LB-02,31.511972,74.345739,GPRS,Liberty Market
923451112233,923009998888,923451112233,410017648741748,35678901639182,2026-04-15 18:12:37,2026-04-15 18:12:37,INCOMING,0,6461,601,CELL-MT-03,31.483939,74.321191,SMS,Model Town
923461678183,923009998883,923461678183,410011751351917,35678901215152,2026-04-13 11:15:46,2026-04-13 11:15:46,INCOMING,1361486,3835,104,CELL-MT-03,31.482543,74.324717,GPRS,Model Town
923001110001,923001110001,923009998887,410016967617055,35678901839370,2026-04-11 04:16:13,2026-04-11 04:40:48,OUTGOING,0,4140,204,CELL-LB-02,31.508361,74.34305,CALL,Liberty Market
923331234567,923009998882,923331234567,410016982738156,35678901159627,2026-04-08 21:15:30,2026-04-08 21:15:30,INCOMING,4054254,1813,706,CELL-GLB-01,31.520086,74.358731,GPRS,Gulberg
923451112233,923451112233,923009998885,410019058545606,35678901680078,2026-04-15 18:36:19,2026-04-15 18:36:19,OUTGOING,4698249,6106,750,CELL-ARP-08,31.522472,74.403962,GPRS,Airport Road
923001110001,923009998884,923001110001,410019503470546,35678901367633,2026-04-18 01:49:12,2026-04-18 01:57:37,INCOMING,0,6124,349,CELL-DHA-05,31.469123,74.408594,CALL,DHA Phase 5
923001110003,923009998887,923001110003,410014511987273,35678901747950,2026-04-11 04:32:12,2026-04-11 04:32:12,INCOMING,5622912,2590,394,CELL-ARP-08,31.521705,74.405083,GPRS,Airport Road
923331234567,923331234567,923009998882,410011797267723,35678901764280,2026-04-08 21:27:17,2026-04-08 21:27:17,OUTGOING,7607918,3323,600,CELL-DHA-05,31.469425,74.409314,GPRS,DHA Phase 5
923451112233,923451112233,923009998882,410019008289321,35678901128638,2026-04-13 11:50:42,2026-04-13 11:50:42,OUTGOING,1179763,6520,904,CELL-GLB-01,31.521282,74.358238,GPRS,Gulberg
923001110001,923001110001,923009998883,410014339872267,35678901300471,2026-04-15 19:06:03,2026-04-15 19:06:03,OUTGOING,4173998,6210,716,CELL-MT-03,31.48189,74.323216,GPRS,Model Town
923451112233,923009998884,923451112233,410019804215642,35678901542479,2026-04-06 14:24:05,2026-04-06 14:24:05,INCOMING,2264067,4069,497,CELL-MT-03,31.481872,74.323983,GPRS,Model Town
923001110002,923001110002,923009998887,410014919740100,35678901738989,2026-04-11 04:52:35,2026-04-11 04:52:35,OUTGOING,5040181,4840,404,CELL-LB-02,31.511799,74.342556,GPRS,Liberty Market
923001110001,923001110001,923009998886,410015195738627,35678901810923,2026-04-15 19:24:25,2026-04-15 19:26:02,OUTGOING,0,5557,360,CELL-MT-03,31.482026,74.322093,CALL,Model Town
923451112233,923009998887,923451112233,410017618935687,35678901383877,2026-04-06 14:30:22,2026-04-06 14:30:22,INCOMING,0,3653,203,CELL-DHA-05,31.468604,74.410807,SMS,DHA Phase 5
923331234567,923331234567,923009998887,410016602816954,35678901158924,2026-04-13 12:20:40,2026-04-13 12:20:40,OUTGOING,3866234,1616,844,CELL-MT-03,31.484821,74.321031,GPRS,Model Town
923001110001,923009998883,923001110001,410013094594769,35678901714427,2026-04-15 19:42:15,2026-04-15 19:42:15,INCOMING,6566873,5417,951,CELL-LB-02,31.509378,74.344407,GPRS,Liberty Market
923001110001,923009998882,923001110001,410013345409734,35678901589394,2026-04-08 21:54:28,2026-04-08 21:54:28,INCOMING,210816,3031,471,CELL-GLB-01,31.522232,74.360419,GPRS,Gulberg
923461678183,923461678183,923009998888,410016158472764,35678901315144,2026-04-15 19:54:25,2026-04-15 19:54:25,OUTGOING,5070151,7029,865,CELL-ARP-08,31.522692,74.40295,GPRS,Airport Road
923001110002,923009998881,923001110002,410017205315133,35678901830145,2026-04-04 07:20:12,2026-04-04 07:20:12,INCOMING,6996315,5347,572,CELL-MT-03,31.48235,74.321183,GPRS,Model Town
923451112233,923451112233,923009998881,410014511875626,35678901440368,2026-04-18 03:27:05,2026-04-18 03:27:05,OUTGOING,0,3629,896,CELL-MT-03,31.481837,74.323557,CALL,Model Town
923001110001,923009998888,923001110001,410018067780025,35678901285162,2026-04-15 20:12:03,2026-04-15 20:12:03,INCOMING,415852,7804,183,CELL-LB-02,31.509616,74.344883,GPRS,Liberty Market
923001110001,923001110001,923009998881,410016480136089,35678901642924,2026-04-13 12:55:21,2026-04-13 13:13:45,OUTGOING,0,5060,478,CELL-MT-03,31.48491,74.323874,CALL,Model Town
923451112233,923451112233,923009998882,410012432542771,35678901837399,2026-04-08 22:12:16,2026-04-08 22:12:16,OUTGOING,6729783,6257,335,CELL-ARP-08,31.521831,74.403872,GPRS,Airport Road
923461678183,923461678183,923009998881,410015845190792,35678901620092,2026-04-13 13:05:50,2026-04-13 13:05:50,OUTGOING,4100225,5503,156,CELL-DHA-05,31.469562,74.40855,GPRS,DHA Phase 5
923461678183,923461678183,923009998881,410018327731713,35678901570474,2026-04-06 14:52:45,2026-04-06 14:52:45,OUTGOING,0,6468,336,CELL-MT-03,31.485051,74.322695,SMS,Model Town
923001110001,923009998888,923001110001,410015945973109,35678901607516,2026-04-08 22:21:11,2026-04-08 22:21:11,INCOMING,0,9701,814,CELL-DHA-05,31.470744,74.410856,SMS,DHA Phase 5
923001110001,923009998883,923001110001,410019979577247,35678901475347,2026-04-04 07:28:02,2026-04-04 07:28:02,INCOMING,1959325,7714,799,CELL-LB-02,31.509686,74.344747,GPRS,Liberty Market
923001110002,923001110002,923009998886,410017586335935,35678901560046,2026-04-15 20:54:14,2026-04-15 20:54:14,OUTGOING,0,1828,680,CELL-MT-03,31.481501,74.324211,CALL,Model Town
923001110001,923001110001,923009998885,410015710965766,35678901205490,2026-04-18 04:30:10,2026-04-18 04:30:10,OUTGOING,6975885,4689,898,CELL-GLB-01,31.51925,74.358607,GPRS,Gulberg
923451112233,923009998882,923451112233,410013684759556,35678901793850,2026-04-04 07:31:47,2026-04-04 07:31:47,INCOMING,898791,8335,165,CELL-MT-03,31.484605,74.324166,GPRS,Model Town
923001110001,923001110001,923009998882,410014610575328,35678901221626,2026-04-11 06:08:30,2026-04-11 06:08:30,OUTGOING,4039462,6571,742,CELL-DHA-05,31.470338,74.409085,GPRS,DHA Phase 5
923451112233,923009998886,923451112233,410011293431361,35678901160550,2026-04-06 15:06:09,2026-04-06 15:06:09,INCOMING,0,5834,422,CELL-ARP-08,31.519856,74.404028,CALL,Airport Road
923001110002,923009998888,923001110002,410019145167838,35678901859691,2026-04-13 13:50:32,2026-04-13 13:50:32,INCOMING,2188882,5476,713,CELL-ARP-08,31.52356,74.403687,GPRS,Airport Road
923001110001,923009998884,923001110001,410013617448522,35678901853426,2026-04-08 22:45:48,2026-04-08 22:45:48,INCOMING,301068,8373,443,CELL-GLB-01,31.52004,74.358867,GPRS,Gulberg
923001110002,923009998883,923001110002,410011562735113,35678901213660,2026-04-13 14:00:41,2026-04-13 14:00:41,INCOMING,2881177,5170,307,CELL-ARP-08,31.522203,74.403838,GPRS,Airport Road
923461678183,923461678183,923009998886,410013474474265,35678901231112,2026-04-11 06:28:36,2026-04-11 06:28:36,OUTGOING,2659585,6351,612,CELL-DHA-05,31.468347,74.408418,GPRS,DHA Phase 5
923451112233,923451112233,923009998884,410013516416315,35678901754854,2026-04-04 07:38:03,2026-04-04 07:38:03,OUTGOING,6486920,6202,241,CELL-MT-03,31.48436,74.322829,GPRS,Model Town
923001110002,923001110002,923009998887,410019533235582,35678901191060,2026-04-15 21:54:47,2026-04-15 21:54:47,OUTGOING,1781717,3240,493,CELL-LB-02,31.50871,74.343946,GPRS,Liberty Market
923001110001,923001110001,923009998888,410013111493077,35678901584775,2026-04-13 14:20:55,2026-04-13 14:20:55,OUTGOING,6292363,2155,673,CELL-GLB-01,31.518788,74.360185,GPRS,Gulberg
923001110003,923001110003,923009998884,410016218547697,35678901779160,2026-04-18 05:47:51,2026-04-18 05:54:13,OUTGOING,0,5274,840,CELL-MT-03,31.481936,74.322667,VOLTE,Model Town
923001110002,923001110002,923009998888,410014113604359,35678901960531,2026-04-04 07:42:05,2026-04-04 07:42:05,OUTGOING,4467,5261,832,CELL-ARP-08,31.523107,74.404865,GPRS,Airport Road
923451112233,923451112233,923009998887,410015472579357,35678901178887,2026-04-15 22:18:36,2026-04-15 22:18:36,OUTGOING,0,9301,838,CELL-ARP-08,31.522803,74.403022,SMS,Airport Road
923451112233,923009998883,923451112233,410012070735389,35678901355465,2026-04-13 14:40:04,2026-04-13 14:40:04,INCOMING,7402870,6701,834,CELL-GLB-01,31.520633,74.35805,GPRS,Gulberg
923001110002,923001110002,923009998886,410012143752964,35678901564591,2026-04-04 07:45:31,2026-04-04 07:45:31,OUTGOING,3487125,5537,217,CELL-ARP-08,31.521825,74.404116,GPRS,Airport Road
923001110003,923001110003,923009998882,410011879144735,35678901676308,2026-04-04 07:46:56,2026-04-04 07:46:56,OUTGOING,0,3613,215,CELL-LB-02,31.509057,74.345429,CALL,Liberty Market
923001110002,923009998886,923001110002,410013517508255,35678901246465,2026-04-13 14:55:46,2026-04-13 15:01:09,INCOMING,0,4138,830,CELL-DHA-05,31.468976,74.408261,CALL,DHA Phase 5
923451112233,923451112233,923009998883,410013658507189,35678901425395,2026-04-13 15:00:50,2026-04-13 15:00:50,OUTGOING,0,8012,797,CELL-LB-02,31.510783,74.342731,SMS,Liberty Market
923451112233,923009998882,923451112233,410017435814586,35678901385353,2026-04-08 23:27:07,2026-04-08 23:27:07,INCOMING,0,8553,229,CELL-DHA-05,31.46879,74.410967,SMS,DHA Phase 5
923001110001,923009998882,923001110001,410014707416025,35678901759567,2026-04-15 23:00:28,2026-04-15 23:17:12,INCOMING,0,3912,517,CELL-GLB-01,31.520096,74.358437,VOLTE,Gulberg
923451112233,923451112233,923009998883,410016240152473,35678901944041,2026-04-13 15:15:26,2026-04-13 15:15:26,OUTGOING,3514148,4828,168,CELL-DHA-05,31.471012,74.408329,GPRS,DHA Phase 5
923451112233,923451112233,923009998886,410019926766188,35678901628159,2026-04-06 15:44:08,2026-04-06 15:44:08,OUTGOING,0,2143,623,CELL-DHA-05,31.470051,74.410747,SMS,DHA Phase 5
923001110001,923001110001,923009998886,410016623559367,35678901803645,2026-04-11 07:32:24,2026-04-11 07:46:34,OUTGOING,0,6854,285,CELL-DHA-05,31.470694,74.407889,VOLTE,DHA Phase 5
923001110003,923001110003,923009998881,410013384481347,35678901275657,2026-04-08 23:42:12,2026-04-08 23:42:12,OUTGOING,4604406,1418,601,CELL-MT-03,31.483658,74.322458,GPRS,Model Town
923001110001,923009998884,923001110001,410018139688096,35678901827753,2026-04-18 07:25:05,2026-04-18 07:40:55,INCOMING,0,9506,211,CELL-ARP-08,31.522723,74.403095,CALL,Airport Road
923461678183,923009998883,923461678183,410012160767952,35678901515489,2026-04-08 23:48:17,2026-04-08 23:48:17,INCOMING,0,8154,897,CELL-DHA-05,31.469714,74.411022,VOLTE,DHA Phase 5
923001110001,923001110001,923009998882,410019177622121,35678901808218,2026-04-11 07:48:58,2026-04-11 07:48:58,OUTGOING,0,5356,146,CELL-ARP-08,31.519792,74.405517,SMS,Airport Road
923331234567,923331234567,923009998882,410013580110607,35678901588749,2026-04-18 07:46:55,2026-04-18 08:10:40,OUTGOING,0,6257,736,CELL-ARP-08,31.522064,74.405226,VOLTE,Airport Road
923451112233,923009998884,923451112233,410013462266744,35678901242168,2026-04-04 07:59:02,2026-04-04 07:59:02,INCOMING,0,5585,535,CELL-ARP-08,31.520155,74.403415,SMS,Airport Road
923451112233,923009998888,923451112233,410014170120224,35678901112996,2026-04-16 00:00:05,2026-04-16 00:08:39,INCOMING,0,2464,991,CELL-LB-02,31.511905,74.343626,CALL,Liberty Market
923001110003,923009998886,923001110003,410011228993330,35678901358315,2026-04-09 00:03:44,2026-04-09 00:03:44,INCOMING,6120890,6105,829,CELL-GLB-01,31.519254,74.359174,GPRS,Gulberg
923001110003,923009998887,923001110003,410011069838684,35678901771640,2026-04-18 08:14:44,2026-04-18 08:14:44,INCOMING,4995864,2119,462,CELL-LB-02,31.510844,74.343907,GPRS,Liberty Market
923001110001,923009998888,923001110001,410016931184624,35678901403869,2026-04-04 08:03:57,2026-04-04 08:03:57,INCOMING,4691081,1844,949,CELL-MT-03,31.482342,74.324337,GPRS,Model Town
923451112233,923451112233,923009998882,410013411445370,35678901275304,2026-04-18 08:28:39,2026-04-18 08:54:19,OUTGOING,0,1918,878,CELL-DHA-05,31.469518,74.410955,CALL,DHA Phase 5
923001110003,923009998881,923001110003,410015355411543,35678901266332,2026-04-04 08:05:37,2026-04-04 08:05:37,INCOMING,260737,3636,267,CELL-DHA-05,31.471419,74.408247,GPRS,DHA Phase 5
923001110001,923001110001,923009998882,410014066684794,35678901283518,2026-04-04 08:06:05,2026-04-04 08:06:05,OUTGOING,5799492,2122,821,CELL-GLB-01,31.520194,74.356929,GPRS,Gulberg
923451112233,923009998884,923451112233,410015142313627,35678901205778,2026-04-18 08:49:54,2026-04-18 08:49:54,INCOMING,3283747,2654,473,CELL-LB-02,31.50939,74.3426,GPRS,Liberty Market
923001110001,923009998886,923001110001,410011843007350,35678901167334,2026-04-13 16:40:57,2026-04-13 16:40:57,INCOMING,4305924,2287,402,CELL-DHA-05,31.471568,74.409792,GPRS,DHA Phase 5
923451112233,923451112233,923009998882,410015124113890,35678901563561,2026-04-13 16:45:35,2026-04-13 16:45:35,OUTGOING,3936175,1486,708,CELL-MT-03,31.483848,74.323449,GPRS,Model Town
923461678183,923009998883,923461678183,410014805329163,35678901916256,2026-04-13 16:50:06,2026-04-13 17:09:05,INCOMING,0,5893,166,CELL-ARP-08,31.522901,74.401662,CALL,Airport Road
923461678183,923461678183,923009998888,410018754455262,35678901908266,2026-04-16 01:06:11,2026-04-16 01:06:11,OUTGOING,7760191,8311,807,CELL-GLB-01,31.521692,74.358881,GPRS,Gulberg
923461678183,923461678183,923009998881,410015518992271,35678901377774,2026-04-04 08:12:16,2026-04-04 08:12:16,OUTGOING,1822521,3055,805,CELL-LB-02,31.509541,74.343655,GPRS,Liberty Market
923001110002,923009998882,923001110002,410017207426922,35678901232517,2026-04-13 17:05:16,2026-04-13 17:05:16,INCOMING,1512443,6492,423,CELL-GLB-01,31.521139,74.357613,GPRS,Gulberg
923001110003,923009998886,923001110003,410017965074189,35678901203396,2026-04-06 16:28:49,2026-04-06 16:28:49,INCOMING,0,6584,673,CELL-GLB-01,31.519993,74.356796,SMS,Gulberg
923461678183,923461678183,923009998887,410017262306894,35678901543634,2026-04-13 17:15:18,2026-04-13 17:31:55,OUTGOING,0,2958,638,CELL-GLB-01,31.519767,74.358413,CALL,Gulberg
923461678183,923009998887,923461678183,410015739675859,35678901328271,2026-04-18 09:52:55,2026-04-18 09:52:55,INCOMING,3451946,5536,241,CELL-DHA-05,31.471562,74.408354,GPRS,DHA Phase 5
923001110003,923001110003,923009998884,410015877302127,35678901105616,2026-04-04 08:17:03,2026-04-04 08:23:02,OUTGOING,0,5645,241,CELL-GLB-01,31.520958,74.357874,VOLTE,Gulberg
923461678183,923461678183,923009998883,410013750403564,35678901237296,2026-04-18 10:06:36,2026-04-18 10:06:36,OUTGOING,0,3078,310,CELL-ARP-08,31.521904,74.403676,SMS,Airport Road
923331234567,923331234567,923009998887,410012863634269,35678901766566,2026-04-11 09:16:59,2026-04-11 09:16:59,OUTGOING,7027360,5139,492,CELL-MT-03,31.484149,74.321262,GPRS,Model Town
923001110003,923009998881,923001110003,410013169757079,35678901956226,2026-04-06 16:40:51,2026-04-06 16:46:02,INCOMING,0,3319,520,CELL-ARP-08,31.52283,74.40345,VOLTE,Airport Road
923451112233,923009998881,923451112233,410011894466628,35678901275148,2026-04-09 01:03:54,2026-04-09 01:03:54,INCOMING,0,4711,126,CELL-MT-03,31.482114,74.321887,SMS,Model Town
923001110002,923001110002,923009998886,410015672909513,35678901978700,2026-04-16 02:12:43,2026-04-16 02:37:32,OUTGOING,0,1496,315,CELL-ARP-08,31.521955,74.404301,CALL,Airport Road
923331234567,923009998882,923331234567,410011411709225,35678901674652,2026-04-09 01:09:42,2026-04-09 01:09:42,INCOMING,3609961,9145,751,CELL-LB-02,31.512156,74.343768,GPRS,Liberty Market
923461678183,923461678183,923009998886,410016941042118,35678901453973,2026-04-16 02:24:33,2026-04-16 02:32:55,OUTGOING,0,4348,218,CELL-DHA-05,31.471461,74.408582,CALL,DHA Phase 5
923001110002,923009998881,923001110002,410014570138881,35678901329911,2026-04-16 02:30:58,2026-04-16 02:30:58,INCOMING,1009610,8729,773,CELL-ARP-08,31.521259,74.404728,GPRS,Airport Road
923001110003,923009998882,923001110003,410016989631162,35678901234803,2026-04-09 01:18:35,2026-04-09 01:18:35,INCOMING,0,7572,462,CELL-MT-03,31.483946,74.321851,SMS,Model Town
923001110002,923009998885,923001110002,410012030393032,35678901834572,2026-04-09 01:21:03,2026-04-09 01:21:03,INCOMING,4752073,4928,315,CELL-ARP-08,31.522268,74.402054,GPRS,Airport Road
923331234567,923009998882,923331234567,410013262068809,35678901846702,2026-04-11 09:52:19,2026-04-11 10:02:20,INCOMING,0,1755,865,CELL-ARP-08,31.519922,74.404902,CALL,Airport Road
923461678183,923461678183,923009998886,410017657429573,35678901843318,2026-04-11 09:56:36,2026-04-11 09:56:36,OUTGOING,5863008,7556,459,CELL-DHA-05,31.469046,74.409458,GPRS,DHA Phase 5
923001110001,923009998885,923001110001,410018200340358,35678901127476,2026-04-13 18:30:19,2026-04-13 18:44:12,INCOMING,0,4596,759,CELL-GLB-01,31.5194,74.357256,VOLTE,Gulberg
923461678183,923461678183,923009998882,410016695540307,35678901305340,2026-04-04 08:31:46,2026-04-04 08:43:03,OUTGOING,0,8135,531,CELL-LB-02,31.509245,74.343665,CALL,Liberty Market
923001110002,923001110002,923009998886,410011016911734,35678901904245,2026-04-09 01:36:29,2026-04-09 01:36:29,OUTGOING,0,4551,336,CELL-DHA-05,31.469282,74.407985,SMS,DHA Phase 5
923451112233,923451112233,923009998887,410012028775041,35678901710327,2026-04-04 08:33:13,2026-04-04 08:33:13,OUTGOING,6972585,9990,536,CELL-MT-03,31.485122,74.321438,GPRS,Model Town
923001110003,923009998882,923001110003,410016272114985,35678901731152,2026-04-09 01:42:28,2026-04-09 01:42:28,INCOMING,0,1710,557,CELL-DHA-05,31.469282,74.408371,SMS,DHA Phase 5
923451112233,923009998883,923451112233,410014657630946,35678901199282,2026-04-06 17:10:35,2026-04-06 17:10:35,INCOMING,1664399,2594,348,CELL-GLB-01,31.522311,74.359559,GPRS,Gulberg
923001110001,923001110001,923009998883,410018090133292,35678901503944,2026-04-11 10:24:43,2026-04-11 10:24:43,OUTGOING,7207255,3075,294,CELL-DHA-05,31.470143,74.408242,GPRS,DHA Phase 5
923001110001,923009998884,923001110001,410015823327645,35678901517260,2026-04-06 17:14:51,2026-04-06 17:14:51,INCOMING,0,8394,771,CELL-GLB-01,31.518832,74.356737,SMS,Gulberg
923451112233,923451112233,923009998881,410014125431092,35678901420605,2026-04-13 19:10:25,2026-04-13 19:10:25,OUTGOING,5106787,1406,359,CELL-MT-03,31.481978,74.320914,GPRS,Model Town
923451112233,923009998888,923451112233,410016716497810,35678901651491,2026-04-13 19:15:03,2026-04-13 19:15:03,INCOMING,2375741,8518,278,CELL-ARP-08,31.52229,74.402449,GPRS,Airport Road
923001110001,923001110001,923009998882,410013690491214,35678901180923,2026-04-09 02:00:09,2026-04-09 02:00:09,OUTGOING,0,2032,605,CELL-DHA-05,31.469075,74.409278,SMS,DHA Phase 5
923451112233,923451112233,923009998882,410017974657915,35678901171123,2026-04-11 10:44:08,2026-04-11 10:44:08,OUTGOING,7073264,5096,373,CELL-ARP-08,31.522826,74.405069,GPRS,Airport Road
923001110002,923009998887,923001110002,410012957254979,35678901595384,2026-04-04 08:42:45,2026-04-04 08:42:45,INCOMING,0,4472,178,CELL-MT-03,31.483782,74.324254,SMS,Model Town
923001110001,923009998887,923001110001,410019239503568,35678901361655,2026-04-04 08:43:58,2026-04-04 09:13:19,INCOMING,0,7390,996,CELL-DHA-05,31.468777,74.411568,CALL,DHA Phase 5
923001110001,923001110001,923009998883,410014102214337,35678901598440,2026-04-18 13:08:09,2026-04-18 13:08:09,OUTGOING,3039028,7587,710,CELL-MT-03,31.484769,74.324295,GPRS,Model Town
923001110001,923001110001,923009998887,410017100114104,35678901711407,2026-04-13 19:45:32,2026-04-13 19:58:23,OUTGOING,0,2118,710,CELL-ARP-08,31.522887,74.40234,VOLTE,Airport Road
923001110003,923001110003,923009998888,410011425413545,35678901127037,2026-04-16 04:36:09,2026-04-16 04:36:09,OUTGOING,0,9940,503,CELL-ARP-08,31.522546,74.403127,VOLTE,Airport Road
923451112233,923009998885,923451112233,410011826536779,35678901605018,2026-04-06 17:34:13,2026-04-06 17:49:58,INCOMING,0,5548,500,CELL-DHA-05,31.470063,74.408799,CALL,DHA Phase 5
923451112233,923009998884,923451112233,410011978564264,35678901322682,2026-04-04 08:48:40,2026-04-04 08:48:40,INCOMING,6291058,9850,497,CELL-MT-03,31.484871,74.32293,GPRS,Model Town
923001110003,923001110003,923009998888,410017987244353,35678901438295,2026-04-09 02:27:45,2026-04-09 02:27:45,OUTGOING,2610407,5867,782,CELL-GLB-01,31.520074,74.358036,GPRS,Gulberg
923451112233,923451112233,923009998888,410012768780369,35678901557698,2026-04-04 08:50:13,2026-04-04 08:56:22,OUTGOING,0,3017,162,CELL-LB-02,31.510746,74.343337,CALL,Liberty Market
923331234567,923331234567,923009998885,410018303947731,35678901590166,2026-04-04 08:51:59,2026-04-04 08:51:59,OUTGOING,0,6617,226,CELL-LB-02,31.509609,74.342538,SMS,Liberty Market
923001110001,923001110001,923009998886,410016375645521,35678901868811,2026-04-09 02:36:31,2026-04-09 02:49:04,OUTGOING,0,4677,837,CELL-GLB-01,31.519142,74.359694,CALL,Gulberg
923001110003,923009998882,923001110003,410011742099254,35678901665605,2026-04-18 14:11:30,2026-04-18 14:15:29,INCOMING,0,1841,499,CELL-LB-02,31.511697,74.34578,VOLTE,Liberty Market
923331234567,923331234567,923009998884,410014042510420,35678901378480,2026-04-13 20:30:21,2026-04-13 20:30:21,OUTGOING,0,4625,871,CELL-GLB-01,31.52028,74.359193,SMS,Gulberg
923331234567,923009998881,923331234567,410013501247767,35678901239573,2026-04-11 11:40:42,2026-04-11 11:44:28,INCOMING,0,3999,492,CELL-MT-03,31.483782,74.321377,CALL,Model Town
923461678183,923461678183,923009998885,410015428651207,35678901679068,2026-04-13 20:40:27,2026-04-13 20:40:27,OUTGOING,3621303,6247,329,CELL-ARP-08,31.523122,74.404551,GPRS,Airport Road
923331234567,923331234567,923009998881,410019889274073,35678901110632,2026-04-13 20:45:39,2026-04-13 20:45:39,OUTGOING,751371,3884,931,CELL-LB-02,31.509345,74.345468,GPRS,Liberty Market
923461678183,923009998884,923461678183,410012028938773,35678901197340,2026-04-18 14:46:28,2026-04-18 15:06:40,INCOMING,0,6415,918,CELL-ARP-08,31.522359,74.401927,CALL,Airport Road
923461678183,923009998884,923461678183,410019986793846,35678901670903,2026-04-09 02:57:43,2026-04-09 02:57:43,INCOMING,822911,8059,984,CELL-LB-02,31.5091,74.3428,GPRS,Liberty Market
923001110002,923001110002,923009998884,410017935529121,35678901567169,2026-04-16 06:00:05,2026-04-16 06:00:05,OUTGOING,3617543,2039,193,CELL-GLB-01,31.520228,74.357702,GPRS,Gulberg
923001110002,923009998886,923001110002,410012255889268,35678901352143,2026-04-11 12:04:15,2026-04-11 12:04:15,INCOMING,0,8969,624,CELL-ARP-08,31.521273,74.405415,SMS,Airport Road
923331234567,923331234567,923009998884,410012484172741,35678901265606,2026-04-16 06:12:03,2026-04-16 06:12:03,OUTGOING,4808582,4930,301,CELL-DHA-05,31.471691,74.407869,GPRS,DHA Phase 5
923451112233,923451112233,923009998884,410014283128223,35678901498801,2026-04-13 21:15:09,2026-04-13 21:15:09,OUTGOING,1056068,9781,932,CELL-GLB-01,31.520112,74.35773,GPRS,Gulberg
923331234567,923009998881,923331234567,410011659446401,35678901152781,2026-04-09 03:12:15,2026-04-09 03:12:15,INCOMING,7375141,1234,620,CELL-MT-03,31.483768,74.324175,GPRS,Model Town
923451112233,923009998882,923451112233,410015820850358,35678901998234,2026-04-04 09:05:44,2026-04-04 09:12:13,INCOMING,0,5794,588,CELL-DHA-05,31.468777,74.410634,CALL,DHA Phase 5
923331234567,923331234567,923009998888,410017418664916,35678901791864,2026-04-04 09:06:57,2026-04-04 09:06:57,OUTGOING,6066836,5790,900,CELL-DHA-05,31.468906,74.410644,GPRS,DHA Phase 5
923331234567,923331234567,923009998888,410019969267772,35678901570157,2026-04-16 06:42:26,2026-04-16 07:04:16,OUTGOING,0,9860,932,CELL-MT-03,31.481393,74.323623,CALL,Model Town
923331234567,923009998885,923331234567,410011766841263,35678901952262,2026-04-18 15:56:08,2026-04-18 15:56:08,INCOMING,7951018,3752,544,CELL-ARP-08,31.520941,74.403629,GPRS,Airport Road
923461678183,923461678183,923009998882,410013740328902,35678901211437,2026-04-09 03:27:52,2026-04-09 03:27:52,OUTGOING,6047932,5054,666,CELL-ARP-08,31.523459,74.40164,GPRS,Airport Road
923001110001,923001110001,923009998881,410016732625603,35678901624594,2026-04-09 03:30:13,2026-04-09 03:30:13,OUTGOING,0,7357,992,CELL-GLB-01,31.520171,74.360588,SMS,Gulberg
923461678183,923461678183,923009998882,410015484961001,35678901797030,2026-04-04 09:11:27,2026-04-04 09:11:27,OUTGOING,3214491,8997,234,CELL-ARP-08,31.521036,74.403495,GPRS,Airport Road
923001110001,923009998885,923001110001,410017848076451,35678901979743,2026-04-04 09:12:48,2026-04-04 09:12:48,INCOMING,0,2836,420,CELL-LB-02,31.508457,74.342916,SMS,Liberty Market
923331234567,923009998888,923331234567,410016174410160,35678901156108,2026-04-13 22:05:04,2026-04-13 22:17:53,INCOMING,0,1681,662,CELL-MT-03,31.482732,74.323591,CALL,Model Town
923451112233,923451112233,923009998882,410014348854880,35678901470212,2026-04-06 18:28:48,2026-04-06 18:28:48,OUTGOING,7770820,9316,982,CELL-GLB-01,31.519158,74.359152,GPRS,Gulberg
923001110003,923009998882,923001110003,410018157615733,35678901948916,2026-04-09 03:45:01,2026-04-09 03:45:01,INCOMING,1405731,4574,788,CELL-ARP-08,31.52355,74.404192,GPRS,Airport Road
923451112233,923009998886,923451112233,410018722338277,35678901974781,2026-04-16 07:36:09,2026-04-16 07:36:09,INCOMING,0,1209,212,CELL-GLB-01,31.521735,74.358922,SMS,Gulberg
923461678183,923461678183,923009998883,410019862250133,35678901943596,2026-04-06 18:34:07,2026-04-06 18:34:07,OUTGOING,0,3139,787,CELL-LB-02,31.510024,74.344043,SMS,Liberty Market
923001110003,923001110003,923009998884,410017827543083,35678901529924,2026-04-04 09:18:32,2026-04-04 09:32:53,OUTGOING,0,2011,723,CELL-LB-02,31.508206,74.345083,CALL,Liberty Market
923001110003,923009998881,923001110003,410011048672054,35678901229181,2026-04-13 22:35:44,2026-04-13 22:35:44,INCOMING,2780164,6372,295,CELL-ARP-08,31.522621,74.402482,GPRS,Airport Road
923331234567,923009998885,923331234567,410019689240894,35678901715576,2026-04-13 22:40:28,2026-04-13 23:10:21,INCOMING,0,6048,704,CELL-ARP-08,31.522479,74.402969,VOLTE,Airport Road
923001110002,923009998882,923001110002,410019056350688,35678901558160,2026-04-13 22:45:31,2026-04-13 23:12:31,INCOMING,0,4673,203,CELL-DHA-05,31.470975,74.408373,VOLTE,DHA Phase 5
923451112233,923009998882,923451112233,410013767175483,35678901273568,2026-04-16 08:12:23,2026-04-16 08:12:23,INCOMING,492714,8926,123,CELL-DHA-05,31.469994,74.409776,GPRS,DHA Phase 5
923001110001,923009998886,923001110001,410016052969076,35678901841008,2026-04-09 04:09:53,2026-04-09 04:09:53,INCOMING,7916661,4954,593,CELL-ARP-08,31.522454,74.404299,GPRS,Airport Road
923451112233,923009998888,923451112233,410018396999431,35678901105735,2026-04-11 13:36:44,2026-04-11 13:43:47,INCOMING,0,8519,424,CELL-ARP-08,31.520564,74.40538,VOLTE,Airport Road
923461678183,923461678183,923009998883,410019038331763,35678901527585,2026-04-09 04:15:32,2026-04-09 04:15:32,OUTGOING,2545355,7018,757,CELL-ARP-08,31.522075,74.404938,GPRS,Airport Road
923461678183,923461678183,923009998882,410015622785109,35678901700113,2026-04-06 18:52:53,2026-04-06 18:52:53,OUTGOING,7800385,9892,805,CELL-MT-03,31.483996,74.321974,GPRS,Model Town
923001110003,923001110003,923009998888,410019981095752,35678901994627,2026-04-09 04:21:56,2026-04-09 04:21:56,OUTGOING,1946270,1849,700,CELL-ARP-08,31.523192,74.40547,GPRS,Airport Road
923001110001,923001110001,923009998882,410014945971442,35678901663794,2026-04-13 23:20:19,2026-04-13 23:20:19,OUTGOING,6409451,7583,221,CELL-GLB-01,31.518857,74.360043,GPRS,Gulberg
923001110003,923001110003,923009998883,410017649163553,35678901962811,2026-04-13 23:25:44,2026-04-13 23:25:44,OUTGOING,0,6286,222,CELL-LB-02,31.51058,74.342105,SMS,Liberty Market
923001110003,923001110003,923009998882,410011998832011,35678901770964,2026-04-16 09:00:37,2026-04-16 09:00:37,OUTGOING,2058116,9694,303,CELL-MT-03,31.481981,74.321482,GPRS,Model Town
923461678183,923461678183,923009998888,410011510232689,35678901906720,2026-04-13 23:35:46,2026-04-13 23:35:46,OUTGOING,2345255,5953,380,CELL-DHA-05,31.470319,74.408932,GPRS,DHA Phase 5
923331234567,923331234567,923009998881,410015501550207,35678901895821,2026-04-16 09:12:17,2026-04-16 09:12:17,OUTGOING,1038159,5412,846,CELL-ARP-08,31.519794,74.402442,GPRS,Airport Road
923001110001,923001110001,923009998887,410017668654811,35678901251140,2026-04-18 18:51:12,2026-04-18 18:51:12,OUTGOING,0,8151,873,CELL-ARP-08,31.520935,74.405326,SMS,Airport Road
923001110002,923009998888,923001110002,410011845547777,35678901965634,2026-04-13 23:50:34,2026-04-13 23:50:34,INCOMING,1705564,5464,673,CELL-ARP-08,31.521563,74.405272,GPRS,Airport Road
923001110003,923001110003,923009998885,410014272873795,35678901647766,2026-04-13 23:55:09,2026-04-13 23:55:09,OUTGOING,0,4190,478,CELL-LB-02,31.510577,74.344168,SMS,Liberty Market
923461678183,923009998885,923461678183,410018342154574,35678901735467,2026-04-16 09:36:40,2026-04-16 09:44:32,INCOMING,0,5657,446,CELL-DHA-05,31.470891,74.410289,CALL,DHA Phase 5
923001110003,923009998882,923001110003,410013206754167,35678901388249,2026-04-11 14:28:04,2026-04-11 14:28:04,INCOMING,0,8560,236,CELL-DHA-05,31.470811,74.410521,SMS,DHA Phase 5
923461678183,923461678183,923009998887,410018307332386,35678901729013,2026-04-14 00:10:00,2026-04-14 00:10:00,OUTGOING,6998088,9834,693,CELL-MT-03,31.48157,74.321613,GPRS,Model Town
923451112233,923009998886,923451112233,410015542588251,35678901628547,2026-04-11 14:36:50,2026-04-11 14:36:50,INCOMING,5659144,6355,904,CELL-LB-02,31.508388,74.345098,GPRS,Liberty Market
923331234567,923009998881,923331234567,410011618687079,35678901244387,2026-04-11 14:40:06,2026-04-11 14:40:06,INCOMING,5459736,2541,725,CELL-ARP-08,31.520084,74.402188,GPRS,Airport Road
923001110003,923009998881,923001110003,410018928301390,35678901932663,2026-04-14 00:25:09,2026-04-14 00:25:09,INCOMING,0,7858,584,CELL-LB-02,31.51219,74.345262,CALL,Liberty Market
923001110002,923001110002,923009998888,410017059556222,35678901479842,2026-04-14 00:30:26,2026-04-14 00:30:26,OUTGOING,7861967,3730,685,CELL-GLB-01,31.522098,74.357981,GPRS,Gulberg
923001110003,923001110003,923009998887,410014961946099,35678901788383,2026-04-18 20:01:58,2026-04-18 20:01:58,OUTGOING,6166030,2235,813,CELL-DHA-05,31.469868,74.411199,GPRS,DHA Phase 5
923001110002,923001110002,923009998881,410018700808583,35678901795082,2026-04-09 05:12:39,2026-04-09 05:12:39,OUTGOING,5662648,8880,653,CELL-ARP-08,31.523527,74.40429,GPRS,Airport Road
923461678183,923461678183,923009998888,410015478639394,35678901598731,2026-04-09 05:15:13,2026-04-09 05:15:13,OUTGOING,6215056,4821,680,CELL-DHA-05,31.469339,74.408843,GPRS,DHA Phase 5
923001110002,923001110002,923009998883,410017993044031,35678901520372,2026-04-18 20:22:09,2026-04-18 20:46:41,OUTGOING,0,4017,687,CELL-DHA-05,31.470773,74.408694,VOLTE,DHA Phase 5
923001110002,923001110002,923009998882,410014046707983,35678901585244,2026-04-14 00:55:16,2026-04-14 01:18:37,OUTGOING,0,9467,745,CELL-DHA-05,31.470614,74.409227,CALL,DHA Phase 5
923001110002,923001110002,923009998881,410011988915587,35678901810767,2026-04-16 10:48:11,2026-04-16 10:48:11,OUTGOING,5908693,6438,942,CELL-GLB-01,31.51895,74.357444,GPRS,Gulberg
923001110002,923009998888,923001110002,410016472360613,35678901994143,2026-04-06 19:38:30,2026-04-06 19:38:30,INCOMING,0,7570,716,CELL-LB-02,31.508319,74.344395,SMS,Liberty Market
923001110003,923009998887,923001110003,410017984134107,35678901750397,2026-04-09 05:30:59,2026-04-09 05:46:40,INCOMING,0,9130,579,CELL-GLB-01,31.519903,74.360464,CALL,Gulberg
923001110002,923009998883,923001110002,410019626792361,35678901315571,2026-04-06 19:42:00,2026-04-06 19:42:00,INCOMING,1349367,8145,213,CELL-DHA-05,31.471167,74.411599,GPRS,DHA Phase 5
923451112233,923451112233,923009998888,410018632138567,35678901883476,2026-04-11 15:28:45,2026-04-11 15:45:32,OUTGOING,0,4590,574,CELL-MT-03,31.481817,74.321181,VOLTE,Model Town
923001110002,923009998888,923001110002,410017480338431,35678901393933,2026-04-06 19:46:50,2026-04-06 19:46:50,INCOMING,1732520,9933,498,CELL-DHA-05,31.468146,74.409085,GPRS,DHA Phase 5
923451112233,923451112233,923009998885,410019064921497,35678901501609,2026-04-18 21:18:22,2026-04-18 21:18:22,OUTGOING,4805480,3876,524,CELL-ARP-08,31.521711,74.403639,GPRS,Airport Road
923451112233,923009998881,923451112233,410017541845889,35678901575526,2026-04-06 19:50:20,2026-04-06 19:50:20,INCOMING,3497426,4911,833,CELL-LB-02,31.508349,74.344561,GPRS,Liberty Market
923451112233,923451112233,923009998882,410012792398619,35678901308256,2026-04-09 05:48:08,2026-04-09 05:48:08,OUTGOING,4318925,4676,100,CELL-LB-02,31.511824,74.345607,GPRS,Liberty Market
923001110003,923009998887,923001110003,410019784318866,35678901350666,2026-04-04 09:57:54,2026-04-04 09:57:54,INCOMING,5375910,2418,595,CELL-LB-02,31.511954,74.345696,GPRS,Liberty Market
923001110001,923001110001,923009998882,410015708131971,35678901592439,2026-04-16 11:48:58,2026-04-16 11:48:58,OUTGOING,1246349,8111,386,CELL-DHA-05,31.471055,74.410194,GPRS,DHA Phase 5
923331234567,923009998885,923331234567,410016300600940,35678901995861,2026-04-11 15:56:56,2026-04-11 15:56:56,INCOMING,7937652,4263,992,CELL-LB-02,31.511897,74.345826,GPRS,Liberty Market
923001110002,923001110002,923009998883,410014056126451,35678901951024,2026-04-16 12:00:04,2026-04-16 12:00:04,OUTGOING,6289263,9674,801,CELL-GLB-01,31.520851,74.359351,GPRS,Gulberg
923331234567,923009998884,923331234567,410017886911106,35678901551029,2026-04-18 22:07:34,2026-04-18 22:27:21,INCOMING,0,5946,393,CELL-GLB-01,31.520822,74.357383,CALL,Gulberg
923331234567,923009998884,923331234567,410011197062323,35678901474800,2026-04-16 12:12:44,2026-04-16 12:12:44,INCOMING,1231052,3382,922,CELL-GLB-01,31.519869,74.359595,GPRS,Gulberg
923001110003,923001110003,923009998885,410019193612568,35678901223539,2026-04-04 10:03:00,2026-04-04 10:03:00,OUTGOING,3633614,7884,753,CELL-LB-02,31.510928,74.344165,GPRS,Liberty Market
923001110003,923009998885,923001110003,410013071876180,35678901324163,2026-04-04 10:04:33,2026-04-04 10:04:33,INCOMING,0,5779,865,CELL-MT-03,31.482401,74.324033,SMS,Model Town
923001110001,923001110001,923009998882,410015163178501,35678901173034,2026-04-16 12:30:26,2026-04-16 12:30:26,OUTGOING,5204734,3263,990,CELL-LB-02,31.50979,74.344764,GPRS,Liberty Market
923001110002,923009998888,923001110002,410012763028014,35678901623974,2026-04-18 22:42:10,2026-04-18 22:53:24,INCOMING,0,3451,859,CELL-GLB-01,31.519478,74.35957,CALL,Gulberg
923451112233,923451112233,923009998887,410018472923935,35678901413801,2026-04-18 22:49:44,2026-04-18 22:58:34,OUTGOING,0,6505,248,CELL-ARP-08,31.521074,74.402135,CALL,Airport Road
923451112233,923009998881,923451112233,410014173637460,35678901845669,2026-04-16 12:48:58,2026-04-16 12:50:44,INCOMING,0,1985,131,CELL-LB-02,31.511848,74.345456,CALL,Liberty Market
923001110001,923009998888,923001110001,410011158247854,35678901512493,2026-04-14 02:45:45,2026-04-14 02:45:45,INCOMING,7643126,9711,273,CELL-LB-02,31.509853,74.345018,GPRS,Liberty Market
923451112233,923451112233,923009998884,410011453152559,35678901717778,2026-04-09 06:30:10,2026-04-09 06:30:10,OUTGOING,0,3425,430,CELL-ARP-08,31.52078,74.401877,CALL,Airport Road
923451112233,923009998884,923451112233,410011666709001,35678901682472,2026-04-14 02:55:38,2026-04-14 02:55:38,INCOMING,5300137,7543,303,CELL-DHA-05,31.471272,74.407873,GPRS,DHA Phase 5
923001110003,923009998882,923001110003,410018980665302,35678901779499,2026-04-18 23:24:29,2026-04-18 23:24:29,INCOMING,3936801,3234,183,CELL-MT-03,31.484743,74.321469,GPRS,Model Town
923001110002,923009998881,923001110002,410017481529855,35678901203400,2026-04-18 23:31:02,2026-04-18 23:31:02,INCOMING,5332216,2180,571,CELL-LB-02,31.509648,74.345726,GPRS,Liberty Market
923001110003,923009998881,923001110003,410013350768343,35678901731860,2026-04-09 06:42:51,2026-04-09 06:42:51,INCOMING,0,8227,666,CELL-ARP-08,31.523555,74.403471,SMS,Airport Road
923451112233,923451112233,923009998884,410018126696493,35678901688828,2026-04-18 23:45:27,2026-04-18 23:45:27,OUTGOING,5984969,2228,922,CELL-MT-03,31.482763,74.322543,GPRS,Model Town
923001110002,923009998883,923001110002,410013012600541,35678901462751,2026-04-11 17:04:30,2026-04-11 17:04:30,INCOMING,4813570,8686,841,CELL-GLB-01,31.52135,74.358553,GPRS,Gulberg
923001110003,923009998888,923001110003,410011891097280,35678901989970,2026-04-04 10:17:15,2026-04-04 10:17:15,INCOMING,6594595,6225,754,CELL-DHA-05,31.471465,74.411553,GPRS,DHA Phase 5
923451112233,923009998885,923451112233,410014942814733,35678901897405,2026-04-19 00:06:57,2026-04-19 00:06:57,INCOMING,7598394,8231,938,CELL-ARP-08,31.520902,74.402358,GPRS,Airport Road
923451112233,923451112233,923009998885,410019063880740,35678901365948,2026-04-16 13:54:15,2026-04-16 13:54:15,OUTGOING,7865582,2775,615,CELL-MT-03,31.482635,74.322225,GPRS,Model Town
923451112233,923451112233,923009998885,410017393252206,35678901847800,2026-04-11 17:20:22,2026-04-11 17:20:22,OUTGOING,6750115,4254,611,CELL-LB-02,31.509549,74.344437,GPRS,Liberty Market
923001110003,923009998881,923001110003,410013078087402,35678901231587,2026-04-04 10:21:10,2026-04-04 10:21:10,INCOMING,0,4538,463,CELL-ARP-08,31.521713,74.403043,SMS,Airport Road
923461678183,923461678183,923009998884,410014325296358,35678901560586,2026-04-06 20:44:53,2026-04-06 20:44:53,OUTGOING,0,8889,254,CELL-DHA-05,31.469742,74.408859,SMS,DHA Phase 5
923451112233,923451112233,923009998882,410018360775539,35678901258338,2026-04-09 07:09:56,2026-04-09 07:21:57,OUTGOING,0,6512,784,CELL-DHA-05,31.467824,74.411178,VOLTE,DHA Phase 5
923461678183,923009998887,923461678183,410017107809190,35678901288459,2026-04-14 04:00:49,2026-04-14 04:00:49,INCOMING,7862970,6869,972,CELL-LB-02,31.510373,74.344844,GPRS,Liberty Market
923001110002,923001110002,923009998886,410016411437452,35678901996511,2026-04-04 10:25:41,2026-04-04 10:25:41,OUTGOING,7852348,6690,620,CELL-MT-03,31.483723,74.324891,GPRS,Model Town
923001110002,923001110002,923009998881,410012379178122,35678901553252,2026-04-09 07:18:17,2026-04-09 07:18:17,OUTGOING,0,3571,843,CELL-GLB-01,31.518806,74.35963,SMS,Gulberg
923001110001,923009998881,923001110001,410011182456880,35678901102644,2026-04-19 01:09:49,2026-04-19 01:09:49,INCOMING,0,6701,884,CELL-GLB-01,31.519424,74.359126,CALL,Gulberg
923001110001,923009998887,923001110001,410014818061798,35678901720751,2026-04-11 17:52:43,2026-04-11 18:07:11,INCOMING,0,6473,713,CELL-GLB-01,31.520391,74.358908,VOLTE,Gulberg
923331234567,923009998887,923331234567,410015474532248,35678901425979,2026-04-16 14:54:03,2026-04-16 14:54:03,INCOMING,1856667,8603,898,CELL-ARP-08,31.519866,74.401709,GPRS,Airport Road
923001110002,923001110002,923009998881,410013255385082,35678901355009,2026-04-11 18:00:59,2026-04-11 18:00:59,OUTGOING,828456,6490,190,CELL-DHA-05,31.468741,74.408081,GPRS,DHA Phase 5
923001110003,923009998882,923001110003,410016119801054,35678901821256,2026-04-16 15:06:07,2026-04-16 15:06:07,INCOMING,97254,6091,235,CELL-GLB-01,31.519428,74.356812,GPRS,Gulberg
923001110001,923001110001,923009998886,410019782036544,35678901564393,2026-04-04 10:32:22,2026-04-04 10:32:22,OUTGOING,2514011,8599,290,CELL-LB-02,31.512077,74.345274,GPRS,Liberty Market
923001110001,923009998881,923001110001,410015679163002,35678901998948,2026-04-19 01:51:03,2026-04-19 01:53:32,INCOMING,0,2371,695,CELL-DHA-05,31.469235,74.408026,VOLTE,DHA Phase 5
923331234567,923331234567,923009998886,410017627465618,35678901868739,2026-04-19 01:58:20,2026-04-19 01:58:20,OUTGOING,7798876,5995,740,CELL-DHA-05,31.470677,74.41143,GPRS,DHA Phase 5
923451112233,923009998888,923451112233,410017839464901,35678901497064,2026-04-11 18:20:28,2026-04-11 18:20:28,INCOMING,2544327,5282,183,CELL-ARP-08,31.523099,74.403113,GPRS,Airport Road
923001110002,923009998884,923001110002,410015405320546,35678901720304,2026-04-11 18:24:18,2026-04-11 18:24:18,INCOMING,1437253,5066,363,CELL-ARP-08,31.521665,74.404211,GPRS,Airport Road
923001110001,923009998884,923001110001,410016116934612,35678901642491,2026-04-19 02:19:44,2026-04-19 02:19:44,INCOMING,2246758,3284,393,CELL-DHA-05,31.469054,74.40775,GPRS,DHA Phase 5
923331234567,923331234567,923009998881,410015103681714,35678901179969,2026-04-11 18:32:44,2026-04-11 18:32:44,OUTGOING,7144176,1947,784,CELL-MT-03,31.484745,74.321833,GPRS,Model Town
923461678183,923009998886,923461678183,410017175965668,35678901934908,2026-04-09 07:57:46,2026-04-09 07:57:46,INCOMING,0,2252,820,CELL-LB-02,31.511531,74.343109,SMS,Liberty Market
923001110001,923009998882,923001110001,410014824325023,35678901278430,2026-04-16 16:00:40,2026-04-16 16:05:10,INCOMING,0,9189,224,CELL-MT-03,31.482023,74.321684,VOLTE,Model Town
923461678183,923461678183,923009998886,410017951259323,35678901534480,2026-04-19 02:47:25,2026-04-19 02:47:25,OUTGOING,0,1058,946,CELL-GLB-01,31.520846,74.358097,SMS,Gulberg
923001110003,923009998883,923001110003,410018243436549,35678901595745,2026-04-16 16:12:45,2026-04-16 16:29:40,INCOMING,0,2343,190,CELL-GLB-01,31.522221,74.359217,VOLTE,Gulberg
923001110001,923009998881,923001110001,410017179809225,35678901890457,2026-04-04 10:43:03,2026-04-04 10:43:03,INCOMING,3736555,9719,664,CELL-MT-03,31.484541,74.324583,GPRS,Model Town
923451112233,923009998884,923451112233,410011404030249,35678901100334,2026-04-11 18:56:25,2026-04-11 18:56:25,INCOMING,5436787,9423,225,CELL-DHA-05,31.47079,74.411409,GPRS,DHA Phase 5
923001110003,923009998887,923001110003,410013729492820,35678901361406,2026-04-19 03:15:06,2026-04-19 03:15:06,INCOMING,7550906,1193,190,CELL-GLB-01,31.518667,74.358458,GPRS,Gulberg
923001110002,923009998888,923001110002,410014428342559,35678901551425,2026-04-19 03:22:16,2026-04-19 03:49:27,INCOMING,0,7939,824,CELL-LB-02,31.510178,74.343648,VOLTE,Liberty Market
923331234567,923331234567,923009998884,410018648133550,35678901491936,2026-04-06 21:34:54,2026-04-06 21:34:54,OUTGOING,0,7801,929,CELL-MT-03,31.483598,74.322966,CALL,Model Town
923001110002,923001110002,923009998885,410012458806572,35678901167269,2026-04-16 16:48:28,2026-04-16 16:48:28,OUTGOING,3289381,4718,973,CELL-MT-03,31.483916,74.322246,GPRS,Model Town
923001110003,923009998885,923001110003,410013263392230,35678901156024,2026-04-06 21:38:59,2026-04-06 21:38:59,INCOMING,5594700,7470,285,CELL-DHA-05,31.469188,74.409174,GPRS,DHA Phase 5
923001110001,923001110001,923009998884,410012044811476,35678901364835,2026-04-11 19:20:22,2026-04-11 19:20:22,OUTGOING,0,5204,200,CELL-LB-02,31.510449,74.345411,SMS,Liberty Market
923001110003,923001110003,923009998881,410017320733709,35678901649755,2026-04-09 08:33:35,2026-04-09 08:45:38,OUTGOING,0,9810,563,CELL-ARP-08,31.522825,74.405126,CALL,Airport Road
923001110001,923009998886,923001110001,410012343397231,35678901736824,2026-04-19 04:04:41,2026-04-19 04:04:41,INCOMING,3514133,7946,349,CELL-MT-03,31.483903,74.321054,GPRS,Model Town
923461678183,923461678183,923009998886,410019899233678,35678901873927,2026-04-11 19:32:35,2026-04-11 19:32:35,OUTGOING,3075348,5276,719,CELL-MT-03,31.48318,74.323146,GPRS,Model Town
923461678183,923461678183,923009998884,410014868164964,35678901796953,2026-04-14 06:30:27,2026-04-14 06:30:27,OUTGOING,1893939,1388,809,CELL-DHA-05,31.469451,74.407955,GPRS,DHA Phase 5
923451112233,923451112233,923009998884,410013490762332,35678901674918,2026-04-04 10:55:52,2026-04-04 11:12:36,OUTGOING,0,3331,413,CELL-LB-02,31.511821,74.344922,VOLTE,Liberty Market
923001110003,923009998885,923001110003,410011332057930,35678901548213,2026-04-19 04:32:59,2026-04-19 04:32:59,INCOMING,6019450,3906,127,CELL-ARP-08,31.520497,74.402348,GPRS,Airport Road
923451112233,923451112233,923009998887,410011569318788,35678901314226,2026-04-14 06:45:20,2026-04-14 06:45:20,OUTGOING,7617796,1288,184,CELL-LB-02,31.50945,74.343389,GPRS,Liberty Market
923451112233,923451112233,923009998884,410015598330154,35678901521405,2026-04-11 19:52:25,2026-04-11 19:52:25,OUTGOING,6749874,4727,327,CELL-MT-03,31.483417,74.323042,GPRS,Model Town
923001110003,923009998888,923001110003,410018563405488,35678901594750,2026-04-11 19:56:46,2026-04-11 20:06:29,INCOMING,0,8667,117,CELL-MT-03,31.482695,74.324188,CALL,Model Town
923001110003,923001110003,923009998883,410012124951441,35678901640812,2026-04-06 22:00:38,2026-04-06 22:00:38,OUTGOING,6692758,8100,712,CELL-MT-03,31.481523,74.322578,GPRS,Model Town
923461678183,923461678183,923009998887,410017906599806,35678901737452,2026-04-09 09:03:53,2026-04-09 09:13:23,OUTGOING,0,5110,497,CELL-GLB-01,31.520179,74.3582,VOLTE,Gulberg
923001110001,923001110001,923009998883,410019274415309,35678901789455,2026-04-09 09:06:36,2026-04-09 09:06:36,OUTGOING,7876478,3179,830,CELL-MT-03,31.484925,74.32441,GPRS,Model Town
923001110003,923009998888,923001110003,410012360503069,35678901423951,2026-04-14 07:15:50,2026-04-14 07:37:14,INCOMING,0,5036,598,CELL-DHA-05,31.470201,74.409058,CALL,DHA Phase 5
923461678183,923009998883,923461678183,410016954236450,35678901481975,2026-04-04 11:04:28,2026-04-04 11:22:12,INCOMING,0,7883,305,CELL-GLB-01,31.519417,74.35754,VOLTE,Gulberg
923001110001,923009998882,923001110001,410013652628558,35678901721974,2026-04-11 20:20:39,2026-04-11 20:22:18,INCOMING,0,6344,145,CELL-ARP-08,31.523041,74.402707,VOLTE,Airport Road
923001110001,923001110001,923009998888,410012311569839,35678901104825,2026-04-04 11:06:20,2026-04-04 11:09:51,OUTGOING,0,2822,499,CELL-DHA-05,31.471689,74.4088,CALL,DHA Phase 5
923001110002,923001110002,923009998884,410011709601495,35678901390728,2026-04-06 22:14:55,2026-04-06 22:14:55,OUTGOING,3082943,5268,357,CELL-MT-03,31.484321,74.324088,GPRS,Model Town
923001110003,923009998887,923001110003,410015970966873,35678901557100,2026-04-04 11:08:44,2026-04-04 11:08:44,INCOMING,839372,7146,787,CELL-DHA-05,31.470066,74.410197,GPRS,DHA Phase 5
923331234567,923331234567,923009998887,410014339483956,35678901184420,2026-04-04 11:09:12,2026-04-04 11:09:12,OUTGOING,0,5909,116,CELL-MT-03,31.482293,74.321269,SMS,Model Town
923461678183,923461678183,923009998884,410017828066309,35678901467441,2026-04-14 07:50:51,2026-04-14 07:50:51,OUTGOING,0,3675,645,CELL-DHA-05,31.469134,74.408599,SMS,DHA Phase 5
923001110001,923009998886,923001110001,410019029660637,35678901962941,2026-04-11 20:44:29,2026-04-11 20:44:29,INCOMING,418795,9269,584,CELL-MT-03,31.484932,74.324021,GPRS,Model Town
923001110001,923001110001,923009998883,410018296112463,35678901918634,2026-04-19 06:24:06,2026-04-19 06:24:06,OUTGOING,0,6021,326,CELL-ARP-08,31.52286,74.402854,SMS,Airport Road
923001110003,923001110003,923009998885,410018837773886,35678901576656,2026-04-04 11:13:09,2026-04-04 11:13:09,OUTGOING,6007388,3930,157,CELL-MT-03,31.481403,74.322719,GPRS,Model Town
923331234567,923331234567,923009998885,410018036326176,35678901488636,2026-04-06 22:28:14,2026-04-06 22:28:53,OUTGOING,0,2332,516,CELL-DHA-05,31.470823,74.410521,VOLTE,DHA Phase 5
923451112233,923451112233,923009998886,410011588430569,35678901485007,2026-04-04 11:15:58,2026-04-04 11:15:58,OUTGOING,6080861,4268,848,CELL-LB-02,31.509054,74.342102,GPRS,Liberty Market
923001110003,923009998881,923001110003,410013814403458,35678901782331,2026-04-11 21:04:07,2026-04-11 21:04:07,INCOMING,0,2550,142,CELL-DHA-05,31.471438,74.4104,SMS,DHA Phase 5
923451112233,923451112233,923009998884,410019167482289,35678901423396,2026-04-11 21:08:48,2026-04-11 21:15:36,OUTGOING,0,2971,659,CELL-DHA-05,31.468387,74.410892,CALL,DHA Phase 5
923331234567,923009998882,923331234567,410019244663779,35678901889882,2026-04-06 22:36:48,2026-04-06 22:36:48,INCOMING,0,5080,856,CELL-LB-02,31.511863,74.343031,SMS,Liberty Market
923001110002,923009998883,923001110002,410017575121166,35678901406212,2026-04-11 21:16:09,2026-04-11 21:16:09,INCOMING,4074889,9914,497,CELL-DHA-05,31.468365,74.410167,GPRS,DHA Phase 5
923331234567,923331234567,923009998888,410016065663522,35678901901709,2026-04-16 20:00:59,2026-04-16 20:00:59,OUTGOING,836095,4538,788,CELL-GLB-01,31.522145,74.357931,GPRS,Gulberg
923331234567,923009998882,923331234567,410011820402972,35678901723699,2026-04-06 22:42:29,2026-04-06 22:42:29,INCOMING,4412697,3660,670,CELL-ARP-08,31.521407,74.405082,GPRS,Airport Road
923001110003,923001110003,923009998885,410016142531680,35678901605724,2026-04-11 21:28:01,2026-04-11 21:28:01,OUTGOING,4186641,2074,240,CELL-GLB-01,31.518995,74.359032,GPRS,Gulberg
923001110002,923009998888,923001110002,410015250841808,35678901226198,2026-04-14 08:55:46,2026-04-14 08:55:46,INCOMING,4239299,5863,589,CELL-LB-02,31.511274,74.345902,GPRS,Liberty Market
923001110001,923009998887,923001110001,410015168363727,35678901254362,2026-04-19 07:48:39,2026-04-19 08:05:29,INCOMING,0,1594,608,CELL-LB-02,31.509182,74.345883,VOLTE,Liberty Market
923331234567,923009998883,923331234567,410015782638714,35678901882736,2026-04-11 21:40:02,2026-04-11 21:40:02,INCOMING,0,9364,181,CELL-GLB-01,31.522117,74.359242,SMS,Gulberg
923461678183,923461678183,923009998884,410012600324949,35678901979033,2026-04-16 20:36:42,2026-04-16 20:37:26,OUTGOING,0,8454,706,CELL-MT-03,31.482441,74.321972,CALL,Model Town
923001110002,923009998883,923001110002,410018808186962,35678901808465,2026-04-09 10:21:31,2026-04-09 10:21:31,INCOMING,0,6299,749,CELL-LB-02,31.511601,74.343076,SMS,Liberty Market
923461678183,923461678183,923009998887,410013797186478,35678901818018,2026-04-06 22:56:53,2026-04-06 22:56:53,OUTGOING,4848601,5438,169,CELL-GLB-01,31.518429,74.357583,GPRS,Gulberg
923001110002,923001110002,923009998882,410016129958789,35678901664349,2026-04-04 11:29:49,2026-04-04 11:32:41,OUTGOING,0,4413,453,CELL-ARP-08,31.522784,74.40195,CALL,Airport Road
923461678183,923009998882,923461678183,410016631397357,35678901827587,2026-04-11 22:00:43,2026-04-11 22:00:43,INCOMING,1591346,1704,865,CELL-DHA-05,31.469757,74.410494,GPRS,DHA Phase 5
923001110001,923001110001,923009998886,410011849509625,35678901121374,2026-04-06 23:02:05,2026-04-06 23:02:05,OUTGOING,5753958,1374,209,CELL-DHA-05,31.468399,74.409349,GPRS,DHA Phase 5
923001110003,923001110003,923009998884,410015508445506,35678901262458,2026-04-11 22:08:07,2026-04-11 22:08:07,OUTGOING,5855906,2581,136,CELL-DHA-05,31.470322,74.411435,GPRS,DHA Phase 5
923001110003,923009998887,923001110003,410017223737715,35678901935239,2026-04-14 09:45:22,2026-04-14 09:45:22,INCOMING,4754163,3974,568,CELL-GLB-01,31.521622,74.360179,GPRS,Gulberg
923451112233,923451112233,923009998886,410018698207210,35678901394573,2026-04-11 22:16:13,2026-04-11 22:16:13,OUTGOING,6919097,9968,269,CELL-ARP-08,31.520086,74.402892,GPRS,Airport Road
923001110002,923001110002,923009998883,410013358436183,35678901620569,2026-04-16 21:30:35,2026-04-16 21:30:35,OUTGOING,4692444,7757,351,CELL-ARP-08,31.52002,74.401839,GPRS,Airport Road
923461678183,923009998881,923461678183,410017549517970,35678901696363,2026-04-16 21:36:00,2026-04-16 21:36:00,INCOMING,779905,6926,758,CELL-ARP-08,31.523314,74.403799,GPRS,Airport Road
923001110003,923001110003,923009998885,410017563597273,35678901537141,2026-04-14 10:05:32,2026-04-14 10:05:32,OUTGOING,0,2011,459,CELL-MT-03,31.484801,74.323309,VOLTE,Model Town
923451112233,923009998887,923451112233,410013083706288,35678901575430,2026-04-14 10:10:26,2026-04-14 10:10:26,INCOMING,2772305,2520,447,CELL-ARP-08,31.522797,74.402575,GPRS,Airport Road
923461678183,923461678183,923009998885,410015593375104,35678901363347,2026-04-11 22:36:22,2026-04-11 22:36:22,OUTGOING,7878344,1787,647,CELL-DHA-05,31.468414,74.40878,GPRS,DHA Phase 5
923331234567,923331234567,923009998883,410011436445449,35678901668536,2026-04-11 22:40:08,2026-04-11 22:40:08,OUTGOING,4255624,1324,746,CELL-DHA-05,31.468857,74.411571,GPRS,DHA Phase 5
923451112233,923451112233,923009998887,410016979402942,35678901473135,2026-04-11 22:44:54,2026-04-11 22:44:54,OUTGOING,5277317,1716,994,CELL-LB-02,31.508691,74.342718,GPRS,Liberty Market
923001110002,923009998884,923001110002,410017980479989,35678901131368,2026-04-14 10:30:59,2026-04-14 10:30:59,INCOMING,4698479,5435,726,CELL-MT-03,31.483491,74.322203,GPRS,Model Town
923001110002,923009998882,923001110002,410012888325704,35678901872721,2026-04-16 22:18:46,2026-04-16 22:18:46,INCOMING,4498588,1903,271,CELL-DHA-05,31.469252,74.411018,GPRS,DHA Phase 5
923461678183,923009998885,923461678183,410015673192041,35678901593397,2026-04-14 10:40:20,2026-04-14 10:50:06,INCOMING,0,6231,271,CELL-DHA-05,31.467749,74.41113,CALL,DHA Phase 5
923001110003,923009998881,923001110003,410011976993450,35678901393734,2026-04-09 11:15:57,2026-04-09 11:15:57,INCOMING,337927,9045,762,CELL-GLB-01,31.520265,74.357812,GPRS,Gulberg
923461678183,923009998881,923461678183,410012825905874,35678901619496,2026-04-04 11:46:50,2026-04-04 12:16:47,INCOMING,0,9435,787,CELL-LB-02,31.508645,74.344373,VOLTE,Liberty Market
923451112233,923009998887,923451112233,410014595126148,35678901471262,2026-04-11 23:08:59,2026-04-11 23:37:32,INCOMING,0,2670,998,CELL-LB-02,31.510154,74.343993,VOLTE,Liberty Market
923451112233,923009998888,923451112233,410014140335668,35678901625814,2026-04-09 11:24:42,2026-04-09 11:24:42,INCOMING,0,7671,800,CELL-ARP-08,31.520127,74.40251,SMS,Airport Road
923451112233,923009998885,923451112233,410012614704575,35678901219114,2026-04-06 23:38:41,2026-04-06 23:38:41,INCOMING,0,9761,866,CELL-DHA-05,31.469453,74.410987,SMS,DHA Phase 5
923001110003,923009998882,923001110003,410019546070997,35678901277923,2026-04-19 10:50:42,2026-04-19 10:50:42,INCOMING,3075732,8657,427,CELL-MT-03,31.481452,74.322177,GPRS,Model Town
923451112233,923009998881,923451112233,410012268081739,35678901882981,2026-04-16 23:06:39,2026-04-16 23:06:39,INCOMING,0,9391,843,CELL-GLB-01,31.52227,74.359483,SMS,Gulberg
923451112233,923009998885,923451112233,410019404283088,35678901118258,2026-04-16 23:12:24,2026-04-16 23:12:24,INCOMING,2670753,1220,369,CELL-ARP-08,31.521198,74.402704,GPRS,Airport Road
923331234567,923009998886,923331234567,410012187292934,35678901536651,2026-04-19 11:11:07,2026-04-19 11:11:07,INCOMING,0,4587,240,CELL-LB-02,31.50873,74.342636,SMS,Liberty Market
923001110002,923001110002,923009998885,410019108557611,35678901800788,2026-04-09 11:42:24,2026-04-09 11:42:24,OUTGOING,2024370,2163,447,CELL-MT-03,31.482836,74.322101,GPRS,Model Town
923461678183,923009998882,923461678183,410011716284782,35678901429454,2026-04-16 23:30:59,2026-04-16 23:53:33,INCOMING,0,3129,462,CELL-ARP-08,31.523594,74.404703,CALL,Airport Road
923331234567,923009998884,923331234567,410018376181118,35678901429540,2026-04-11 23:44:56,2026-04-11 23:46:39,INCOMING,0,7934,234,CELL-MT-03,31.483994,74.322819,CALL,Model Town
923001110001,923001110001,923009998881,410018887044265,35678901137407,2026-04-19 11:39:08,2026-04-19 11:39:08,OUTGOING,5720789,4079,499,CELL-MT-03,31.48166,74.321354,GPRS,Model Town
923001110001,923009998883,923001110001,410016720340366,35678901491828,2026-04-16 23:48:29,2026-04-16 23:58:37,INCOMING,0,1732,395,CELL-DHA-05,31.467843,74.408648,CALL,DHA Phase 5
923461678183,923009998884,923461678183,410014377074513,35678901225601,2026-04-14 11:55:23,2026-04-14 11:55:23,INCOMING,6215500,2194,248,CELL-DHA-05,31.469919,74.40862,GPRS,DHA Phase 5
923451112233,923009998887,923451112233,410019287996905,35678901395807,2026-04-12 00:00:21,2026-04-12 00:00:21,INCOMING,1548869,2032,554,CELL-MT-03,31.48312,74.323529,GPRS,Model Town
923001110003,923009998888,923001110003,410019077393407,35678901643496,2026-04-14 12:05:26,2026-04-14 12:05:26,INCOMING,1897304,8673,349,CELL-DHA-05,31.470456,74.408816,GPRS,DHA Phase 5
923451112233,923451112233,923009998888,410017545477374,35678901640829,2026-04-17 00:12:12,2026-04-17 00:12:12,OUTGOING,7205760,8648,612,CELL-MT-03,31.48251,74.32425,GPRS,Model Town
923001110002,923009998882,923001110002,410013595144685,35678901419482,2026-04-04 12:03:48,2026-04-04 12:03:48,INCOMING,4303950,8444,850,CELL-MT-03,31.482229,74.324004,GPRS,Model Town
923461678183,923009998884,923461678183,410019964203136,35678901486050,2026-04-17 00:24:49,2026-04-17 00:24:49,INCOMING,1975493,6604,593,CELL-LB-02,31.50845,74.344989,GPRS,Liberty Market
923461678183,923009998886,923461678183,410017753583241,35678901115386,2026-04-14 12:25:24,2026-04-14 12:25:24,INCOMING,7470773,1552,283,CELL-MT-03,31.484028,74.321889,GPRS,Model Town
923461678183,923461678183,923009998882,410013881705289,35678901402351,2026-04-09 12:18:29,2026-04-09 12:37:31,OUTGOING,0,5847,301,CELL-ARP-08,31.522672,74.403694,VOLTE,Airport Road
923001110002,923009998885,923001110002,410014480543605,35678901486571,2026-04-09 12:21:45,2026-04-09 12:21:45,INCOMING,0,7484,232,CELL-MT-03,31.48321,74.322902,SMS,Model Town
923461678183,923461678183,923009998887,410015375307197,35678901965143,2026-04-17 00:48:00,2026-04-17 00:48:00,OUTGOING,0,6230,532,CELL-LB-02,31.510299,74.344501,SMS,Liberty Market
923001110003,923009998882,923001110003,410018043948078,35678901324775,2026-04-04 12:09:55,2026-04-04 12:09:55,INCOMING,6242855,2841,958,CELL-DHA-05,31.468606,74.409845,GPRS,DHA Phase 5
923001110001,923001110001,923009998885,410013636563449,35678901533157,2026-04-04 12:10:10,2026-04-04 12:10:10,OUTGOING,5589100,1157,113,CELL-DHA-05,31.47129,74.410175,GPRS,DHA Phase 5
923331234567,923331234567,923009998881,410019356385638,35678901591721,2026-04-04 12:11:32,2026-04-04 12:11:32,OUTGOING,7433421,6698,932,CELL-ARP-08,31.520066,74.403696,GPRS,Airport Road
923001110001,923001110001,923009998884,410018223756657,35678901512926,2026-04-14 13:00:35,2026-04-14 13:00:35,OUTGOING,0,8159,387,CELL-LB-02,31.509558,74.343105,SMS,Liberty Market
923001110001,923001110001,923009998887,410015384448139,35678901238035,2026-04-17 01:18:30,2026-04-17 01:37:47,OUTGOING,0,6183,179,CELL-ARP-08,31.51984,74.402871,CALL,Airport Road
923001110003,923001110003,923009998881,410014175967137,35678901368355,2026-04-19 13:38:54,2026-04-19 13:48:32,OUTGOING,0,6024,865,CELL-DHA-05,31.468584,74.410305,VOLTE,DHA Phase 5
923001110002,923009998888,923001110002,410012040792912,35678901444593,2026-04-17 01:30:43,2026-04-17 01:46:13,INCOMING,0,9588,825,CELL-DHA-05,31.468471,74.408715,VOLTE,DHA Phase 5
923001110001,923009998881,923001110001,410013086289658,35678901519887,2026-04-12 01:04:02,2026-04-12 01:04:02,INCOMING,1142206,8192,726,CELL-DHA-05,31.469651,74.408437,GPRS,DHA Phase 5
923001110002,923009998883,923001110002,410013769998032,35678901768801,2026-04-19 13:59:06,2026-04-19 13:59:06,INCOMING,0,5019,848,CELL-MT-03,31.481387,74.321752,SMS,Model Town
923001110002,923001110002,923009998886,410011066311840,35678901495824,2026-04-09 12:54:37,2026-04-09 12:54:37,OUTGOING,49626,5585,875,CELL-GLB-01,31.520276,74.359978,GPRS,Gulberg
923331234567,923331234567,923009998885,410015880303362,35678901557653,2026-04-17 01:54:14,2026-04-17 01:54:14,OUTGOING,615840,7521,164,CELL-ARP-08,31.51977,74.404936,GPRS,Airport Road
923331234567,923009998885,923331234567,410011599596335,35678901917310,2026-04-09 13:00:40,2026-04-09 13:20:50,INCOMING,0,1359,232,CELL-ARP-08,31.523597,74.402511,VOLTE,Airport Road
923001110003,923009998886,923001110003,410017742335141,35678901586479,2026-04-17 02:06:05,2026-04-17 02:29:59,INCOMING,0,7677,270,CELL-MT-03,31.481439,74.321299,CALL,Model Town
923001110002,923001110002,923009998883,410012356793690,35678901288226,2026-04-14 13:50:44,2026-04-14 13:50:44,OUTGOING,1910515,2251,880,CELL-MT-03,31.483571,74.324031,GPRS,Model Town
923461678183,923009998882,923461678183,410019941951358,35678901410950,2026-04-19 14:41:33,2026-04-19 15:07:53,INCOMING,0,6783,867,CELL-MT-03,31.48367,74.323292,CALL,Model Town
923331234567,923009998884,923331234567,410016137896805,35678901562678,2026-04-04 12:24:50,2026-04-04 12:40:49,INCOMING,0,1847,978,CELL-LB-02,31.51177,74.346048,VOLTE,Liberty Market
923001110001,923001110001,923009998887,410017785056481,35678901546820,2026-04-14 14:05:36,2026-04-14 14:09:31,OUTGOING,0,2977,482,CELL-DHA-05,31.469008,74.411693,CALL,DHA Phase 5
923331234567,923331234567,923009998886,410015017364975,35678901412049,2026-04-07 00:52:56,2026-04-07 00:52:56,OUTGOING,2049339,4182,555,CELL-LB-02,31.508509,74.345105,GPRS,Liberty Market
923001110001,923009998886,923001110001,410016541494706,35678901485883,2026-04-04 12:27:48,2026-04-04 12:27:48,INCOMING,6640471,7053,219,CELL-LB-02,31.508493,74.344191,GPRS,Liberty Market
923001110003,923001110003,923009998884,410019999768410,35678901965227,2026-04-14 14:20:08,2026-04-14 14:20:08,OUTGOING,5263010,2593,916,CELL-MT-03,31.481794,74.321566,GPRS,Model Town
923001110003,923001110003,923009998888,410011495120232,35678901242457,2026-04-12 01:56:44,2026-04-12 01:56:44,OUTGOING,2796129,9749,942,CELL-ARP-08,31.522736,74.403779,GPRS,Airport Road
923461678183,923461678183,923009998882,410011333184254,35678901146954,2026-04-09 13:30:57,2026-04-09 13:30:57,OUTGOING,3831221,7356,510,CELL-GLB-01,31.520433,74.359883,GPRS,Gulberg
923001110002,923001110002,923009998883,410019632722455,35678901832255,2026-04-07 01:02:40,2026-04-07 01:02:40,OUTGOING,0,7775,492,CELL-LB-02,31.508354,74.345051,SMS,Liberty Market
923001110001,923009998887,923001110001,410015111147509,35678901823883,2026-04-09 13:36:29,2026-04-09 13:36:29,INCOMING,2577875,8063,493,CELL-DHA-05,31.46952,74.410846,GPRS,DHA Phase 5
923331234567,923331234567,923009998885,410011845880212,35678901578313,2026-04-12 02:12:45,2026-04-12 02:30:14,OUTGOING,0,1392,569,CELL-GLB-01,31.519929,74.357041,CALL,Gulberg
923001110001,923001110001,923009998883,410014286979227,35678901992154,2026-04-12 02:16:01,2026-04-12 02:16:01,OUTGOING,3143836,7646,670,CELL-GLB-01,31.51873,74.359522,GPRS,Gulberg
923001110002,923009998888,923001110002,410019441441981,35678901170289,2026-04-19 16:05:58,2026-04-19 16:05:58,INCOMING,0,2771,420,CELL-ARP-08,31.522755,74.405357,SMS,Airport Road
923001110002,923001110002,923009998882,410012574376535,35678901100423,2026-04-07 01:12:45,2026-04-07 01:38:43,OUTGOING,0,1669,333,CELL-MT-03,31.483182,74.323939,VOLTE,Model Town
923001110001,923009998885,923001110001,410017380043206,35678901457917,2026-04-07 01:14:38,2026-04-07 01:22:13,INCOMING,0,3795,410,CELL-LB-02,31.508573,74.342629,VOLTE,Liberty Market
923331234567,923009998884,923331234567,410011874778398,35678901698541,2026-04-12 02:32:50,2026-04-12 02:32:50,INCOMING,1732634,4706,930,CELL-GLB-01,31.518534,74.358675,GPRS,Gulberg
923451112233,923451112233,923009998885,410019804615860,35678901184547,2026-04-19 16:33:21,2026-04-19 16:33:21,OUTGOING,5054102,4940,721,CELL-DHA-05,31.471181,74.41111,GPRS,DHA Phase 5
923451112233,923451112233,923009998885,410019829446805,35678901337138,2026-04-12 02:40:29,2026-04-12 03:04:48,OUTGOING,0,5206,146,CELL-DHA-05,31.47092,74.40854,VOLTE,DHA Phase 5
923001110003,923001110003,923009998884,410019907005494,35678901773370,2026-04-09 14:03:26,2026-04-09 14:03:26,OUTGOING,1683436,3417,340,CELL-LB-02,31.509451,74.343822,GPRS,Liberty Market
923001110001,923009998883,923001110001,410012073454065,35678901967289,2026-04-17 04:12:02,2026-04-17 04:12:02,INCOMING,7787968,2321,129,CELL-ARP-08,31.521137,74.404807,GPRS,Airport Road
923461678183,923461678183,923009998882,410016022138387,35678901920995,2026-04-19 17:01:53,2026-04-19 17:26:04,OUTGOING,0,2442,418,CELL-MT-03,31.481769,74.322957,CALL,Model Town
923461678183,923009998885,923461678183,410011408877256,35678901251072,2026-04-17 04:24:38,2026-04-17 04:40:00,INCOMING,0,6909,449,CELL-MT-03,31.483248,74.321761,VOLTE,Model Town
923461678183,923009998883,923461678183,410014762605919,35678901405805,2026-04-09 14:15:40,2026-04-09 14:24:40,INCOMING,0,4642,677,CELL-MT-03,31.484185,74.322856,CALL,Model Town
923001110003,923001110003,923009998887,410016412842305,35678901138039,2026-04-09 14:18:04,2026-04-09 14:18:04,OUTGOING,0,4104,283,CELL-ARP-08,31.523423,74.402927,SMS,Airport Road
923331234567,923331234567,923009998882,410015885908024,35678901919004,2026-04-12 03:08:06,2026-04-12 03:08:06,OUTGOING,2258849,7356,269,CELL-ARP-08,31.523388,74.402827,GPRS,Airport Road
923001110001,923001110001,923009998887,410012526266104,35678901109368,2026-04-12 03:12:57,2026-04-12 03:12:57,OUTGOING,3301913,7921,473,CELL-GLB-01,31.520066,74.358428,GPRS,Gulberg
923001110001,923001110001,923009998887,410016903521438,35678901328100,2026-04-12 03:16:43,2026-04-12 03:16:43,OUTGOING,66814,2770,817,CELL-GLB-01,31.520003,74.360166,GPRS,Gulberg
923461678183,923461678183,923009998887,410013270988290,35678901291799,2026-04-14 16:10:26,2026-04-14 16:14:57,OUTGOING,0,9150,410,CELL-ARP-08,31.521101,74.402481,CALL,Airport Road
923461678183,923461678183,923009998886,410017590195747,35678901106403,2026-04-04 12:51:11,2026-04-04 12:51:11,OUTGOING,0,5315,156,CELL-LB-02,31.509324,74.344601,SMS,Liberty Market
923001110003,923001110003,923009998884,410016703469298,35678901659722,2026-04-14 16:20:46,2026-04-14 16:20:46,OUTGOING,920840,1141,562,CELL-GLB-01,31.519623,74.358205,GPRS,Gulberg
923001110002,923001110002,923009998882,410019545953962,35678901726061,2026-04-19 18:11:13,2026-04-19 18:11:13,OUTGOING,7230889,2442,463,CELL-MT-03,31.481609,74.324707,GPRS,Model Town
923001110003,923001110003,923009998886,410011602763808,35678901512729,2026-04-14 16:30:23,2026-04-14 16:30:23,OUTGOING,5157898,9543,588,CELL-MT-03,31.485146,74.32097,GPRS,Model Town
923451112233,923009998882,923451112233,410017301627045,35678901563038,2026-04-17 05:30:01,2026-04-17 05:30:01,INCOMING,6583866,7816,199,CELL-DHA-05,31.467825,74.408095,GPRS,DHA Phase 5
923001110001,923001110001,923009998883,410014849824304,35678901457944,2026-04-09 14:48:29,2026-04-09 14:53:59,OUTGOING,0,3288,306,CELL-GLB-01,31.522099,74.358649,CALL,Gulberg
923461678183,923009998884,923461678183,410016500359564,35678901610017,2026-04-09 14:51:47,2026-04-09 14:58:27,INCOMING,0,8944,985,CELL-ARP-08,31.52151,74.403661,CALL,Airport Road
923001110001,923009998881,923001110001,410017334537071,35678901784673,2026-04-12 03:52:57,2026-04-12 03:56:52,INCOMING,0,7336,795,CELL-ARP-08,31.523238,74.404875,VOLTE,Airport Road
923001110003,923001110003,923009998888,410018364896167,35678901193824,2026-04-04 12:59:52,2026-04-04 12:59:52,OUTGOING,5877164,8925,814,CELL-ARP-08,31.520909,74.404352,GPRS,Airport Road
923001110003,923001110003,923009998881,410018054003846,35678901783123,2026-04-19 19:00:12,2026-04-19 19:00:12,OUTGOING,560878,5496,197,CELL-ARP-08,31.520968,74.40534,GPRS,Airport Road
923331234567,923009998883,923331234567,410014878522234,35678901838508,2026-04-19 19:07:34,2026-04-19 19:11:08,INCOMING,0,1206,855,CELL-LB-02,31.508348,74.342189,CALL,Liberty Market
923331234567,923009998881,923331234567,410019960048552,35678901430219,2026-04-14 17:10:40,2026-04-14 17:10:40,INCOMING,0,6662,720,CELL-DHA-05,31.470669,74.409821,SMS,DHA Phase 5
923461678183,923009998883,923461678183,410018566636549,35678901929056,2026-04-17 06:18:42,2026-04-17 06:40:26,INCOMING,0,1685,600,CELL-GLB-01,31.519836,74.359515,VOLTE,Gulberg
923451112233,923009998887,923451112233,410016816707013,35678901408253,2026-04-19 19:28:29,2026-04-19 19:28:29,INCOMING,1132285,4117,232,CELL-ARP-08,31.520979,74.404861,GPRS,Airport Road
923001110001,923001110001,923009998885,410014418974738,35678901996454,2026-04-19 19:35:41,2026-04-19 19:35:41,OUTGOING,0,9337,640,CELL-LB-02,31.510249,74.342149,SMS,Liberty Market
923331234567,923331234567,923009998885,410014259714867,35678901479262,2026-04-04 13:06:18,2026-04-04 13:06:18,OUTGOING,7194563,6709,293,CELL-LB-02,31.508204,74.343735,GPRS,Liberty Market
923001110001,923001110001,923009998888,410018839199088,35678901777941,2026-04-09 15:21:57,2026-04-09 15:21:57,OUTGOING,7395067,3585,116,CELL-ARP-08,31.523343,74.403163,GPRS,Airport Road
923331234567,923009998881,923331234567,410018977716514,35678901943143,2026-04-17 06:48:22,2026-04-17 06:48:22,INCOMING,7011303,4744,870,CELL-ARP-08,31.521029,74.402157,GPRS,Airport Road
923001110001,923001110001,923009998887,410017364606039,35678901943223,2026-04-09 15:27:00,2026-04-09 15:27:00,OUTGOING,0,3976,976,CELL-MT-03,31.484061,74.323033,SMS,Model Town
923001110002,923009998884,923001110002,410017753555193,35678901772270,2026-04-07 02:20:37,2026-04-07 02:31:15,INCOMING,0,7363,433,CELL-LB-02,31.510631,74.344282,CALL,Liberty Market
923001110002,923009998885,923001110002,410015595369115,35678901762349,2026-04-09 15:33:03,2026-04-09 15:51:26,INCOMING,0,4630,237,CELL-LB-02,31.511896,74.345508,CALL,Liberty Market
923331234567,923009998882,923331234567,410019925948611,35678901547469,2026-04-17 07:12:32,2026-04-17 07:12:32,INCOMING,55544,6198,241,CELL-MT-03,31.484178,74.322625,GPRS,Model Town
923331234567,923009998887,923331234567,410017041240552,35678901828931,2026-04-14 18:05:48,2026-04-14 18:05:59,INCOMING,0,3773,727,CELL-LB-02,31.511365,74.344161,CALL,Liberty Market
923451112233,923451112233,923009998887,410011814064257,35678901258498,2026-04-07 02:28:56,2026-04-07 02:29:06,OUTGOING,0,4209,357,CELL-LB-02,31.510252,74.345338,VOLTE,Liberty Market
923331234567,923009998883,923331234567,410014536932152,35678901493228,2026-04-09 15:45:53,2026-04-09 15:45:53,INCOMING,5583874,2974,982,CELL-MT-03,31.482469,74.322682,GPRS,Model Town
923001110003,923001110003,923009998881,410016875921875,35678901178952,2026-04-04 13:16:03,2026-04-04 13:28:10,OUTGOING,0,2934,801,CELL-MT-03,31.483885,74.3247,VOLTE,Model Town
923001110002,923001110002,923009998885,410013455583759,35678901345256,2026-04-14 18:25:59,2026-04-14 18:25:59,OUTGOING,14323,1818,896,CELL-MT-03,31.48176,74.324017,GPRS,Model Town
923001110001,923009998882,923001110001,410015749144867,35678901138481,2026-04-14 18:30:36,2026-04-14 18:30:36,INCOMING,0,8166,927,CELL-LB-02,31.511856,74.342655,SMS,Liberty Market
923331234567,923009998886,923331234567,410015451422245,35678901534570,2026-04-14 18:35:53,2026-04-14 18:35:53,INCOMING,3689607,7041,970,CELL-DHA-05,31.469513,74.407996,GPRS,DHA Phase 5
923001110002,923009998882,923001110002,410011679582045,35678901141508,2026-04-19 21:20:28,2026-04-19 21:20:28,INCOMING,1153573,6156,740,CELL-MT-03,31.484366,74.32114,GPRS,Model Town
923001110003,923009998888,923001110003,410015403900955,35678901981517,2026-04-14 18:45:19,2026-04-14 18:45:19,INCOMING,0,2267,546,CELL-ARP-08,31.521035,74.404243,SMS,Airport Road
923461678183,923461678183,923009998886,410013745789643,35678901523201,2026-04-07 02:44:13,2026-04-07 02:44:13,OUTGOING,0,1026,379,CELL-LB-02,31.509231,74.345738,SMS,Liberty Market
923451112233,923009998886,923451112233,410011644771226,35678901342971,2026-04-14 18:55:31,2026-04-14 18:55:31,INCOMING,283461,9979,944,CELL-LB-02,31.510659,74.34308,GPRS,Liberty Market
923331234567,923009998884,923331234567,410019586280787,35678901320464,2026-04-17 08:24:27,2026-04-17 08:24:27,INCOMING,0,2084,108,CELL-GLB-01,31.521306,74.356956,SMS,Gulberg
923331234567,923331234567,923009998888,410014460017945,35678901919237,2026-04-12 05:40:48,2026-04-12 05:40:48,OUTGOING,3057360,2223,111,CELL-LB-02,31.509628,74.343446,GPRS,Liberty Market
923001110003,923001110003,923009998887,410011507650913,35678901917109,2026-04-19 22:02:26,2026-04-19 22:02:26,OUTGOING,1891373,2997,431,CELL-ARP-08,31.523343,74.403012,GPRS,Airport Road
923001110002,923009998888,923001110002,410011097987759,35678901600177,2026-04-12 05:48:44,2026-04-12 05:48:44,INCOMING,2551127,8990,304,CELL-ARP-08,31.521974,74.405285,GPRS,Airport Road
923451112233,923451112233,923009998884,410013127307552,35678901158527,2026-04-19 22:16:23,2026-04-19 22:16:23,OUTGOING,3881857,8116,965,CELL-MT-03,31.483108,74.323817,GPRS,Model Town
923001110001,923009998885,923001110001,410013371638678,35678901841488,2026-04-07 02:58:14,2026-04-07 02:58:14,INCOMING,0,4240,778,CELL-LB-02,31.508796,74.345391,CALL,Liberty Market
923001110002,923001110002,923009998881,410019177997511,35678901344251,2026-04-09 16:30:26,2026-04-09 16:44:02,OUTGOING,0,2032,563,CELL-DHA-05,31.46951,74.408097,CALL,DHA Phase 5
923001110002,923001110002,923009998886,410014286085764,35678901516176,2026-04-04 13:31:27,2026-04-04 13:31:27,OUTGOING,2144640,5984,638,CELL-LB-02,31.510339,74.345962,GPRS,Liberty Market
923451112233,923009998885,923451112233,410019143971485,35678901944928,2026-04-12 06:08:23,2026-04-12 06:38:19,INCOMING,0,2630,418,CELL-MT-03,31.482539,74.321124,VOLTE,Model Town
923001110002,923001110002,923009998887,410013793899389,35678901657697,2026-04-09 16:39:40,2026-04-09 16:39:40,OUTGOING,6667276,1180,514,CELL-DHA-05,31.468775,74.410687,GPRS,DHA Phase 5
923331234567,923009998886,923331234567,410018110613506,35678901484307,2026-04-17 09:24:37,2026-04-17 09:24:37,INCOMING,5425643,4340,483,CELL-MT-03,31.482848,74.324387,GPRS,Model Town
923001110003,923009998887,923001110003,410011748159914,35678901910236,2026-04-19 23:05:49,2026-04-19 23:05:49,INCOMING,3583202,3658,230,CELL-DHA-05,31.471209,74.409767,GPRS,DHA Phase 5
923451112233,923451112233,923009998885,410011434285938,35678901814317,2026-04-12 06:24:37,2026-04-12 06:24:37,OUTGOING,0,4777,779,CELL-DHA-05,31.468536,74.411262,SMS,DHA Phase 5
923001110001,923001110001,923009998881,410016159134561,35678901825160,2026-04-14 20:05:07,2026-04-14 20:05:07,OUTGOING,661756,3129,275,CELL-MT-03,31.483062,74.321019,GPRS,Model Town
923451112233,923451112233,923009998888,410016651577269,35678901470339,2026-04-07 03:16:14,2026-04-07 03:29:42,OUTGOING,0,5182,666,CELL-LB-02,31.50972,74.344477,CALL,Liberty Market
923001110001,923001110001,923009998881,410016080916393,35678901679536,2026-04-19 23:33:56,2026-04-19 23:43:38,OUTGOING,0,5334,313,CELL-DHA-05,31.470411,74.410772,CALL,DHA Phase 5
923001110001,923009998886,923001110001,410016102503048,35678901580810,2026-04-14 20:20:27,2026-04-14 20:20:27,INCOMING,1786897,3973,975,CELL-ARP-08,31.520451,74.402712,GPRS,Airport Road
923331234567,923331234567,923009998884,410012113971601,35678901740434,2026-04-09 17:03:32,2026-04-09 17:07:02,OUTGOING,0,3529,386,CELL-LB-02,31.510589,74.342478,VOLTE,Liberty Market
923001110001,923009998885,923001110001,410015469735759,35678901415980,2026-04-09 17:06:17,2026-04-09 17:06:17,INCOMING,7163130,2588,381,CELL-GLB-01,31.520633,74.358947,GPRS,Gulberg
923001110002,923009998883,923001110002,410011126254890,35678901387033,2026-04-14 20:35:24,2026-04-14 20:35:24,INCOMING,3447103,5009,108,CELL-MT-03,31.483797,74.323745,GPRS,Model Town
923451112233,923451112233,923009998881,410013688131324,35678901975688,2026-04-04 13:44:01,2026-04-04 14:13:02,OUTGOING,0,7206,996,CELL-DHA-05,31.470363,74.411573,VOLTE,DHA Phase 5
923331234567,923331234567,923009998885,410017201748272,35678901638377,2026-04-12 07:00:24,2026-04-12 07:00:24,OUTGOING,429246,7375,115,CELL-GLB-01,31.519502,74.358876,GPRS,Gulberg
923001110003,923001110003,923009998887,410012762132292,35678901192143,2026-04-09 17:18:20,2026-04-09 17:18:20,OUTGOING,7494968,6818,149,CELL-LB-02,31.509066,74.344881,GPRS,Liberty Market
923331234567,923331234567,923009998886,410013227241881,35678901253489,2026-04-07 03:34:09,2026-04-07 04:00:13,OUTGOING,0,6369,404,CELL-DHA-05,31.469663,74.411212,VOLTE,DHA Phase 5
923001110003,923001110003,923009998888,410012180584861,35678901775759,2026-04-09 17:24:37,2026-04-09 17:24:37,OUTGOING,3935507,8510,783,CELL-GLB-01,31.519984,74.359452,GPRS,Gulberg
923331234567,923331234567,923009998886,410014806072381,35678901268104,2026-04-12 07:16:42,2026-04-12 07:16:42,OUTGOING,2611168,7266,847,CELL-LB-02,31.510694,74.343774,GPRS,Liberty Market
923331234567,923331234567,923009998881,410013131243834,35678901119059,2026-04-04 13:50:59,2026-04-04 13:50:59,OUTGOING,1483877,3131,654,CELL-LB-02,31.510167,74.3422,GPRS,Liberty Market
923001110001,923001110001,923009998886,410019914476154,35678901963787,2026-04-07 03:42:45,2026-04-07 03:42:45,OUTGOING,6161601,3933,255,CELL-GLB-01,31.51982,74.357285,GPRS,Gulberg
923001110001,923009998887,923001110001,410017450859561,35678901379558,2026-04-04 13:52:42,2026-04-04 13:52:42,INCOMING,5932280,9952,661,CELL-DHA-05,31.470051,74.40928,GPRS,DHA Phase 5
923001110003,923001110003,923009998885,410013939875729,35678901505803,2026-04-20 01:11:20,2026-04-20 01:11:20,OUTGOING,5522846,3720,764,CELL-DHA-05,31.471553,74.410265,GPRS,DHA Phase 5
923331234567,923331234567,923009998888,410015518102422,35678901510044,2026-04-17 11:24:49,2026-04-17 11:24:49,OUTGOING,4097958,4719,944,CELL-ARP-08,31.522247,74.404176,GPRS,Airport Road
923001110003,923001110003,923009998884,410017987243803,35678901174970,2026-04-09 17:45:52,2026-04-09 17:53:24,OUTGOING,0,8799,427,CELL-GLB-01,31.519781,74.359188,CALL,Gulberg
923451112233,923451112233,923009998884,410017384714837,35678901631770,2026-04-07 03:52:23,2026-04-07 03:58:29,OUTGOING,0,2909,464,CELL-ARP-08,31.5231,74.402557,VOLTE,Airport Road
923001110003,923009998881,923001110003,410011075451697,35678901837176,2026-04-14 21:45:57,2026-04-14 22:08:27,INCOMING,0,5463,382,CELL-GLB-01,31.518955,74.360639,CALL,Gulberg
923461678183,923009998886,923461678183,410012138773093,35678901117436,2026-04-09 17:54:01,2026-04-09 17:54:01,INCOMING,0,9603,504,CELL-MT-03,31.481558,74.32174,CALL,Model Town
923001110003,923001110003,923009998884,410011338794392,35678901856491,2026-04-07 03:58:54,2026-04-07 03:58:54,OUTGOING,1834859,6805,113,CELL-DHA-05,31.470737,74.41111,GPRS,DHA Phase 5
923331234567,923331234567,923009998887,410014355661130,35678901172719,2026-04-12 08:00:49,2026-04-12 08:18:46,OUTGOING,0,1752,308,CELL-MT-03,31.48235,74.323328,VOLTE,Model Town
923331234567,923009998882,923331234567,410018254783763,35678901873889,2026-04-04 14:01:24,2026-04-04 14:01:24,INCOMING,2990589,8783,653,CELL-GLB-01,31.521987,74.357659,GPRS,Gulberg
923331234567,923009998883,923331234567,410014428952995,35678901962620,2026-04-14 22:10:34,2026-04-14 22:10:34,INCOMING,2390060,8877,384,CELL-LB-02,31.510499,74.344557,GPRS,Liberty Market
923001110001,923001110001,923009998886,410012901781951,35678901986006,2026-04-20 02:21:00,2026-04-20 02:21:00,OUTGOING,4796306,6909,978,CELL-MT-03,31.481782,74.323066,GPRS,Model Town
923001110001,923009998882,923001110001,410011773618058,35678901556473,2026-04-04 14:04:53,2026-04-04 14:04:53,INCOMING,1475402,5974,981,CELL-DHA-05,31.469573,74.41129,GPRS,DHA Phase 5
923001110002,923009998887,923001110002,410013685633049,35678901817908,2026-04-09 18:15:00,2026-04-09 18:15:00,INCOMING,7960200,3642,415,CELL-MT-03,31.482955,74.324685,GPRS,Model Town
923451112233,923451112233,923009998884,410017737461029,35678901458867,2026-04-07 04:12:47,2026-04-07 04:12:47,OUTGOING,0,6001,560,CELL-LB-02,31.511101,74.342611,SMS,Liberty Market
923331234567,923331234567,923009998886,410018495077129,35678901192676,2026-04-14 22:35:18,2026-04-14 23:01:09,OUTGOING,0,5088,432,CELL-DHA-05,31.468344,74.411348,CALL,DHA Phase 5
923001110001,923001110001,923009998882,410013241085482,35678901918043,2026-04-04 14:08:11,2026-04-04 14:08:11,OUTGOING,1044910,2078,940,CELL-LB-02,31.511569,74.344614,GPRS,Liberty Market
923001110002,923001110002,923009998881,410018921128673,35678901960147,2026-04-14 22:45:45,2026-04-14 22:45:45,OUTGOING,2799364,2452,351,CELL-DHA-05,31.468407,74.411234,GPRS,DHA Phase 5
923461678183,923009998885,923461678183,410013779487345,35678901493874,2026-04-07 04:20:13,2026-04-07 04:20:13,INCOMING,1918767,5579,946,CELL-GLB-01,31.520747,74.358885,GPRS,Gulberg
923451112233,923009998888,923451112233,410013395349111,35678901227784,2026-04-20 03:17:28,2026-04-20 03:42:06,INCOMING,0,9610,699,CELL-GLB-01,31.519326,74.359352,CALL,Gulberg
923451112233,923451112233,923009998885,410015107235298,35678901463360,2026-04-12 08:48:18,2026-04-12 08:48:18,OUTGOING,158592,4732,925,CELL-LB-02,31.512086,74.345081,GPRS,Liberty Market
923001110002,923009998884,923001110002,410015102522072,35678901652225,2026-04-09 18:39:58,2026-04-09 19:05:47,INCOMING,0,9256,618,CELL-ARP-08,31.519743,74.402321,VOLTE,Airport Road
923451112233,923009998888,923451112233,410019531612978,35678901162818,2026-04-07 04:28:01,2026-04-07 04:28:01,INCOMING,0,8816,246,CELL-GLB-01,31.521528,74.358645,SMS,Gulberg
923331234567,923331234567,923009998882,410019225001857,35678901151932,2026-04-07 04:30:00,2026-04-07 04:43:35,OUTGOING,0,6134,350,CELL-ARP-08,31.522858,74.4016,CALL,Airport Road
923001110002,923001110002,923009998884,410016222924536,35678901453369,2026-04-07 04:32:31,2026-04-07 04:32:31,OUTGOING,6817557,8340,821,CELL-DHA-05,31.46885,74.410685,GPRS,DHA Phase 5
923461678183,923461678183,923009998883,410019496659774,35678901932285,2026-04-14 23:25:34,2026-04-14 23:25:34,OUTGOING,5237905,7455,197,CELL-GLB-01,31.522104,74.36049,GPRS,Gulberg
923331234567,923009998887,923331234567,410017416766144,35678901915522,2026-04-17 13:48:18,2026-04-17 13:48:18,INCOMING,6406064,4434,777,CELL-MT-03,31.482541,74.32438,GPRS,Model Town
923001110002,923001110002,923009998886,410016597318453,35678901965558,2026-04-12 09:16:45,2026-04-12 09:16:45,OUTGOING,0,8834,814,CELL-GLB-01,31.522203,74.357102,SMS,Gulberg
923001110001,923001110001,923009998887,410018691793543,35678901790188,2026-04-07 04:40:23,2026-04-07 04:40:23,OUTGOING,0,4920,707,CELL-LB-02,31.509643,74.344644,SMS,Liberty Market
923331234567,923331234567,923009998882,410013736463826,35678901142753,2026-04-07 04:42:26,2026-04-07 04:42:26,OUTGOING,0,7852,668,CELL-LB-02,31.511018,74.344682,SMS,Liberty Market
923451112233,923451112233,923009998884,410012205401318,35678901840337,2026-04-14 23:50:26,2026-04-14 23:50:26,OUTGOING,0,6056,782,CELL-MT-03,31.484766,74.324871,VOLTE,Model Town
923461678183,923009998884,923461678183,410018904494816,35678901449852,2026-04-12 09:32:16,2026-04-12 09:32:16,INCOMING,4617238,8957,384,CELL-DHA-05,31.468456,74.409946,GPRS,DHA Phase 5
923461678183,923009998888,923461678183,410018953749912,35678901825200,2026-04-20 04:48:44,2026-04-20 04:48:44,INCOMING,1054132,1250,512,CELL-DHA-05,31.470582,74.411081,GPRS,DHA Phase 5
923001110003,923009998887,923001110003,410019632921965,35678901799451,2026-04-20 04:55:47,2026-04-20 05:10:27,INCOMING,0,4416,406,CELL-ARP-08,31.520428,74.405141,CALL,Airport Road
923001110002,923001110002,923009998887,410012656043018,35678901877294,2026-04-17 14:36:29,2026-04-17 14:36:29,OUTGOING,4632278,5306,764,CELL-MT-03,31.483273,74.323372,GPRS,Model Town
923461678183,923009998886,923461678183,410015300081646,35678901630256,2026-04-17 14:42:16,2026-04-17 14:48:02,INCOMING,0,5914,541,CELL-GLB-01,31.522276,74.359166,VOLTE,Gulberg
923331234567,923009998884,923331234567,410013252818466,35678901425170,2026-04-15 00:20:10,2026-04-15 00:20:10,INCOMING,6951328,4009,402,CELL-MT-03,31.482317,74.321928,GPRS,Model Town
923001110001,923001110001,923009998882,410019439803550,35678901390456,2026-04-20 05:23:56,2026-04-20 05:23:56,OUTGOING,1829730,5480,489,CELL-MT-03,31.485103,74.322243,GPRS,Model Town
923001110001,923009998881,923001110001,410012952472612,35678901965357,2026-04-20 05:30:10,2026-04-20 05:30:10,INCOMING,0,2490,567,CELL-GLB-01,31.51946,74.358574,SMS,Gulberg
923001110002,923001110002,923009998888,410013706490420,35678901327861,2026-04-07 05:02:00,2026-04-07 05:02:00,OUTGOING,310036,1327,969,CELL-ARP-08,31.522172,74.403191,GPRS,Airport Road
923331234567,923009998884,923331234567,410017339185448,35678901278752,2026-04-07 05:04:50,2026-04-07 05:04:50,INCOMING,5980874,2997,393,CELL-MT-03,31.485186,74.321204,GPRS,Model Town
923001110002,923001110002,923009998888,410018968237853,35678901318180,2026-04-04 14:33:38,2026-04-04 14:33:38,OUTGOING,0,7208,152,CELL-DHA-05,31.471292,74.410739,SMS,DHA Phase 5
923001110002,923001110002,923009998882,410015668414929,35678901932262,2026-04-17 15:24:48,2026-04-17 15:24:48,OUTGOING,6328605,7750,220,CELL-LB-02,31.509863,74.344461,GPRS,Liberty Market
923001110002,923009998882,923001110002,410011243960872,35678901214649,2026-04-17 15:30:34,2026-04-17 15:30:34,INCOMING,494223,5709,174,CELL-LB-02,31.510209,74.343114,GPRS,Liberty Market
923001110003,923001110003,923009998887,410016955845703,35678901845041,2026-04-09 19:48:02,2026-04-09 19:56:07,OUTGOING,0,8172,894,CELL-MT-03,31.483708,74.324385,CALL,Model Town
923331234567,923331234567,923009998884,410016726450552,35678901293206,2026-04-20 06:19:47,2026-04-20 06:19:47,OUTGOING,0,5521,188,CELL-ARP-08,31.52246,74.405189,VOLTE,Airport Road
923461678183,923009998887,923461678183,410013313620709,35678901274633,2026-04-12 10:32:14,2026-04-12 10:32:14,INCOMING,1702506,8842,854,CELL-MT-03,31.483401,74.323046,GPRS,Model Town
923001110003,923001110003,923009998887,410018193315416,35678901298149,2026-04-12 10:36:36,2026-04-12 10:36:36,OUTGOING,6185791,7320,558,CELL-DHA-05,31.471128,74.411276,GPRS,DHA Phase 5
923451112233,923451112233,923009998882,410015311065171,35678901121248,2026-04-20 06:40:19,2026-04-20 06:40:19,OUTGOING,4107078,1324,151,CELL-DHA-05,31.469062,74.411395,GPRS,DHA Phase 5
923451112233,923451112233,923009998884,410014591754750,35678901998491,2026-04-07 05:22:39,2026-04-07 05:50:05,OUTGOING,0,4262,800,CELL-ARP-08,31.523427,74.402162,CALL,Airport Road
923451112233,923451112233,923009998888,410014565295725,35678901710156,2026-04-17 16:12:40,2026-04-17 16:12:40,OUTGOING,6204924,9863,643,CELL-MT-03,31.483821,74.323145,GPRS,Model Town
923001110001,923009998881,923001110001,410012599740308,35678901295239,2026-04-15 01:35:28,2026-04-15 01:35:42,INCOMING,0,6167,941,CELL-GLB-01,31.519439,74.357075,CALL,Gulberg
923461678183,923461678183,923009998887,410014723168239,35678901747462,2026-04-17 16:24:50,2026-04-17 16:53:09,OUTGOING,0,5996,958,CELL-GLB-01,31.519327,74.360373,VOLTE,Gulberg
923451112233,923009998887,923451112233,410016374598799,35678901472116,2026-04-12 11:00:17,2026-04-12 11:00:17,INCOMING,4300044,2911,818,CELL-LB-02,31.510114,74.343562,GPRS,Liberty Market
923001110003,923009998881,923001110003,410015660160801,35678901409348,2026-04-20 07:22:59,2026-04-20 07:22:59,INCOMING,0,4255,303,CELL-LB-02,31.50838,74.345743,SMS,Liberty Market
923001110003,923009998886,923001110003,410018157663453,35678901419248,2026-04-12 11:08:24,2026-04-12 11:24:05,INCOMING,0,1964,101,CELL-GLB-01,31.52159,74.358077,VOLTE,Gulberg
923001110002,923009998888,923001110002,410018472831700,35678901770722,2026-04-04 14:48:37,2026-04-04 14:48:37,INCOMING,34252,9067,927,CELL-ARP-08,31.52215,74.405372,GPRS,Airport Road
923331234567,923009998888,923331234567,410015787629870,35678901493161,2026-04-12 11:16:51,2026-04-12 11:16:51,INCOMING,1092505,1884,496,CELL-DHA-05,31.47129,74.408355,GPRS,DHA Phase 5
923001110002,923009998883,923001110002,410012891821744,35678901372637,2026-04-20 07:50:14,2026-04-20 07:50:14,INCOMING,7976627,1347,104,CELL-DHA-05,31.467911,74.411232,GPRS,DHA Phase 5
923331234567,923009998881,923331234567,410012719284859,35678901597239,2026-04-09 20:33:49,2026-04-09 20:33:49,INCOMING,6636939,3942,941,CELL-LB-02,31.510551,74.343463,GPRS,Liberty Market
923451112233,923451112233,923009998883,410016087481497,35678901796491,2026-04-20 08:04:45,2026-04-20 08:25:27,OUTGOING,0,6552,705,CELL-MT-03,31.482489,74.323512,CALL,Model Town
923451112233,923009998882,923451112233,410012611560952,35678901475249,2026-04-04 14:53:57,2026-04-04 15:21:34,INCOMING,0,1373,314,CELL-DHA-05,31.47159,74.411335,CALL,DHA Phase 5
923001110003,923001110003,923009998884,410015279507763,35678901249195,2026-04-17 17:24:23,2026-04-17 17:24:23,OUTGOING,0,6436,909,CELL-ARP-08,31.520525,74.405269,SMS,Airport Road
923001110002,923001110002,923009998881,410018595319422,35678901916079,2026-04-09 20:45:10,2026-04-09 20:45:10,OUTGOING,4269447,5708,104,CELL-GLB-01,31.521695,74.356895,GPRS,Gulberg
923001110002,923001110002,923009998882,410016549863476,35678901350679,2026-04-07 05:52:19,2026-04-07 06:03:41,OUTGOING,0,7563,860,CELL-GLB-01,31.518429,74.359231,VOLTE,Gulberg
923331234567,923331234567,923009998882,410011541089271,35678901167316,2026-04-07 05:54:40,2026-04-07 05:54:40,OUTGOING,1194017,9004,545,CELL-DHA-05,31.47082,74.408064,GPRS,DHA Phase 5
923461678183,923461678183,923009998881,410018770275771,35678901256731,2026-04-07 05:56:35,2026-04-07 05:56:35,OUTGOING,0,8183,580,CELL-LB-02,31.511158,74.34483,SMS,Liberty Market
923461678183,923009998884,923461678183,410012304308344,35678901868766,2026-04-20 08:53:03,2026-04-20 08:53:03,INCOMING,7522027,6129,881,CELL-LB-02,31.50916,74.342198,GPRS,Liberty Market
923461678183,923009998882,923461678183,410015970541997,35678901279786,2026-04-12 12:00:16,2026-04-12 12:00:16,INCOMING,3467574,3086,592,CELL-DHA-05,31.469611,74.409538,GPRS,DHA Phase 5
923001110002,923001110002,923009998884,410017738329684,35678901616151,2026-04-12 12:04:18,2026-04-12 12:04:18,OUTGOING,0,5492,375,CELL-ARP-08,31.522907,74.402916,SMS,Airport Road
923001110003,923001110003,923009998888,410016905189001,35678901707599,2026-04-15 03:10:57,2026-04-15 03:10:57,OUTGOING,1517363,5924,955,CELL-GLB-01,31.520035,74.356905,GPRS,Gulberg
923001110003,923009998883,923001110003,410016037397147,35678901860549,2026-04-15 03:15:56,2026-04-15 03:15:56,INCOMING,0,6667,694,CELL-GLB-01,31.521449,74.360356,SMS,Gulberg
923461678183,923461678183,923009998881,410014329577944,35678901448015,2026-04-15 03:20:06,2026-04-15 03:20:06,OUTGOING,0,9752,149,CELL-DHA-05,31.470042,74.4077,SMS,DHA Phase 5
923001110002,923009998881,923001110002,410014350740858,35678901718473,2026-04-20 09:35:14,2026-04-20 09:35:14,INCOMING,7756585,9545,651,CELL-GLB-01,31.522303,74.359059,GPRS,Gulberg
923001110001,923009998884,923001110001,410017205707835,35678901371288,2026-04-20 09:42:06,2026-04-20 09:44:02,INCOMING,0,9824,913,CELL-DHA-05,31.470566,74.408016,CALL,DHA Phase 5
923001110002,923009998881,923001110002,410013992514089,35678901154323,2026-04-15 03:35:06,2026-04-15 03:36:42,INCOMING,0,4697,697,CELL-MT-03,31.483863,74.321548,VOLTE,Model Town
923461678183,923461678183,923009998885,410016352954089,35678901999585,2026-04-17 18:48:16,2026-04-17 18:48:16,OUTGOING,0,2119,626,CELL-GLB-01,31.521293,74.358829,VOLTE,Gulberg
923001110002,923009998884,923001110002,410015674870291,35678901746131,2026-04-12 12:36:59,2026-04-12 12:53:38,INCOMING,0,4888,335,CELL-ARP-08,31.520407,74.402125,VOLTE,Airport Road
923001110003,923001110003,923009998888,410016095301105,35678901436958,2026-04-20 10:10:43,2026-04-20 10:10:43,OUTGOING,952924,3404,934,CELL-ARP-08,31.519631,74.404897,GPRS,Airport Road
923451112233,923009998887,923451112233,410012826149092,35678901972564,2026-04-20 10:17:04,2026-04-20 10:17:04,INCOMING,0,4161,399,CELL-MT-03,31.484663,74.324225,SMS,Model Town
923461678183,923461678183,923009998884,410013523151219,35678901130213,2026-04-09 21:36:27,2026-04-09 21:36:27,OUTGOING,0,4402,779,CELL-ARP-08,31.521792,74.40474,SMS,Airport Road
923001110002,923009998888,923001110002,410012930364397,35678901437645,2026-04-04 15:13:15,2026-04-04 15:13:15,INCOMING,5180197,2450,820,CELL-LB-02,31.508451,74.34588,GPRS,Liberty Market
923451112233,923451112233,923009998884,410013204490821,35678901338695,2026-04-20 10:38:06,2026-04-20 10:38:06,OUTGOING,4958,5521,743,CELL-LB-02,31.511639,74.345296,GPRS,Liberty Market
923451112233,923451112233,923009998881,410013024252720,35678901828218,2026-04-09 21:45:04,2026-04-09 21:45:04,OUTGOING,6415130,6031,799,CELL-MT-03,31.482803,74.322219,GPRS,Model Town
923331234567,923331234567,923009998881,410015806793051,35678901787773,2026-04-09 21:48:03,2026-04-09 22:00:11,OUTGOING,0,5187,825,CELL-DHA-05,31.470408,74.411213,CALL,DHA Phase 5
923001110003,923001110003,923009998886,410016954884020,35678901503538,2026-04-04 15:17:53,2026-04-04 15:17:53,OUTGOING,0,7859,701,CELL-LB-02,31.510835,74.343196,CALL,Liberty Market
923461678183,923009998883,923461678183,410017165207857,35678901284796,2026-04-17 19:48:02,2026-04-17 20:14:34,INCOMING,0,8644,746,CELL-LB-02,31.509701,74.344281,CALL,Liberty Market
923451112233,923451112233,923009998884,410014080898821,35678901973495,2026-04-07 06:38:39,2026-04-07 06:38:39,OUTGOING,0,5813,785,CELL-GLB-01,31.520882,74.360513,SMS,Gulberg
923001110001,923001110001,923009998884,410013980117372,35678901133185,2026-04-09 22:00:16,2026-04-09 22:00:16,OUTGOING,5848309,1678,531,CELL-MT-03,31.484308,74.322782,GPRS,Model Town
923331234567,923009998886,923331234567,410011057383736,35678901470285,2026-04-20 11:27:39,2026-04-20 11:27:39,INCOMING,3692594,3760,948,CELL-GLB-01,31.520153,74.359094,GPRS,Gulberg
923461678183,923461678183,923009998888,410013525068946,35678901911546,2026-04-15 04:50:45,2026-04-15 04:50:45,OUTGOING,1849019,6697,586,CELL-MT-03,31.48437,74.324587,GPRS,Model Town
923001110003,923009998888,923001110003,410015463790211,35678901262338,2026-04-12 13:32:02,2026-04-12 13:51:40,INCOMING,0,7760,318,CELL-ARP-08,31.523102,74.403492,VOLTE,Airport Road
923001110003,923009998883,923001110003,410014288377652,35678901919217,2026-04-20 11:48:36,2026-04-20 12:04:12,INCOMING,0,2256,499,CELL-GLB-01,31.520754,74.359206,CALL,Gulberg
923451112233,923451112233,923009998884,410016459799788,35678901402982,2026-04-04 15:25:16,2026-04-04 15:25:16,OUTGOING,0,7770,898,CELL-ARP-08,31.52289,74.401641,SMS,Airport Road
923001110001,923001110001,923009998881,410013526108731,35678901210707,2026-04-15 05:10:39,2026-04-15 05:10:39,OUTGOING,354850,8242,303,CELL-GLB-01,31.521423,74.360207,GPRS,Gulberg
923461678183,923009998883,923461678183,410014836753439,35678901610063,2026-04-12 13:48:15,2026-04-12 13:48:15,INCOMING,7101293,8635,352,CELL-DHA-05,31.470567,74.408621,GPRS,DHA Phase 5
923461678183,923009998883,923461678183,410014907417650,35678901224113,2026-04-15 05:20:27,2026-04-15 05:20:27,INCOMING,808593,8330,182,CELL-LB-02,31.508777,74.34345,GPRS,Liberty Market
923461678183,923009998881,923461678183,410013832405641,35678901152252,2026-04-12 13:56:09,2026-04-12 13:56:09,INCOMING,0,7878,586,CELL-MT-03,31.481209,74.322923,SMS,Model Town
923331234567,923009998888,923331234567,410018764979182,35678901124287,2026-04-15 05:30:09,2026-04-15 05:30:09,INCOMING,0,1768,386,CELL-DHA-05,31.471221,74.408627,SMS,DHA Phase 5
923461678183,923461678183,923009998881,410019040720747,35678901241061,2026-04-09 22:33:31,2026-04-09 22:33:31,OUTGOING,6753071,3870,556,CELL-DHA-05,31.469134,74.407924,GPRS,DHA Phase 5
923331234567,923331234567,923009998881,410017911127535,35678901825626,2026-04-20 12:44:58,2026-04-20 12:52:39,OUTGOING,0,6395,172,CELL-LB-02,31.510371,74.346012,VOLTE,Liberty Market
923461678183,923461678183,923009998885,410011196159908,35678901265920,2026-04-07 07:06:36,2026-04-07 07:18:11,OUTGOING,0,9478,369,CELL-ARP-08,31.522721,74.405087,CALL,Airport Road
923001110002,923009998883,923001110002,410018879080761,35678901512042,2026-04-15 05:50:50,2026-04-15 05:50:50,INCOMING,7021765,8978,764,CELL-GLB-01,31.520626,74.357068,GPRS,Gulberg
923001110003,923009998886,923001110003,410011349170704,35678901430357,2026-04-09 22:45:38,2026-04-09 22:45:38,INCOMING,7485510,2403,800,CELL-GLB-01,31.519942,74.359697,GPRS,Gulberg
923001110003,923001110003,923009998883,410015507987401,35678901596428,2026-04-12 14:24:08,2026-04-12 14:26:36,OUTGOING,0,5827,726,CELL-MT-03,31.483325,74.32117,CALL,Model Town
923451112233,923009998884,923451112233,410012867842970,35678901920456,2026-04-17 21:42:08,2026-04-17 21:42:08,INCOMING,4584816,4417,635,CELL-ARP-08,31.519633,74.404368,GPRS,Airport Road
923001110001,923009998885,923001110001,410019495207642,35678901470070,2026-04-17 21:48:49,2026-04-17 21:48:49,INCOMING,4947553,7331,831,CELL-DHA-05,31.468832,74.410947,GPRS,DHA Phase 5
923451112233,923451112233,923009998885,410016859323293,35678901829424,2026-04-17 21:54:02,2026-04-17 21:54:02,OUTGOING,2341191,9898,691,CELL-GLB-01,31.520428,74.359945,GPRS,Gulberg
923001110001,923009998887,923001110001,410016533541775,35678901385444,2026-04-15 06:20:02,2026-04-15 06:20:02,INCOMING,6835526,8185,511,CELL-GLB-01,31.519674,74.357855,GPRS,Gulberg
923001110003,923009998884,923001110003,410012564755237,35678901946464,2026-04-15 06:25:13,2026-04-15 06:25:13,INCOMING,868241,7878,382,CELL-GLB-01,31.51894,74.358934,GPRS,Gulberg
923001110001,923009998884,923001110001,410013491429994,35678901875335,2026-04-20 13:54:48,2026-04-20 13:54:48,INCOMING,2586049,4052,919,CELL-DHA-05,31.469274,74.409257,GPRS,DHA Phase 5
923331234567,923331234567,923009998881,410016736684293,35678901587486,2026-04-09 23:09:47,2026-04-09 23:16:18,OUTGOING,0,4828,762,CELL-DHA-05,31.471366,74.409313,VOLTE,DHA Phase 5
923461678183,923009998883,923461678183,410015481558128,35678901768177,2026-04-12 14:56:22,2026-04-12 15:25:03,INCOMING,0,2688,187,CELL-LB-02,31.512051,74.344554,CALL,Liberty Market
923001110001,923009998882,923001110001,410019137113211,35678901722669,2026-04-17 22:30:52,2026-04-17 22:30:52,INCOMING,1397469,5083,706,CELL-LB-02,31.510278,74.34304,GPRS,Liberty Market
923001110001,923009998888,923001110001,410011508168037,35678901992063,2026-04-17 22:36:25,2026-04-17 22:50:55,INCOMING,0,1063,253,CELL-ARP-08,31.519625,74.402485,CALL,Airport Road
923451112233,923451112233,923009998884,410018548610301,35678901322553,2026-04-17 22:42:33,2026-04-17 22:42:33,OUTGOING,375317,3627,516,CELL-DHA-05,31.470427,74.411516,GPRS,DHA Phase 5
923001110002,923009998886,923001110002,410012312616138,35678901290596,2026-04-09 23:24:38,2026-04-09 23:24:38,INCOMING,0,3649,305,CELL-LB-02,31.5104,74.34566,SMS,Liberty Market
923451112233,923451112233,923009998884,410014631581974,35678901100240,2026-04-17 22:54:07,2026-04-17 22:54:07,OUTGOING,6018568,2879,439,CELL-GLB-01,31.520285,74.358514,GPRS,Gulberg
923461678183,923461678183,923009998885,410011034943640,35678901780817,2026-04-04 15:50:48,2026-04-04 16:01:58,OUTGOING,0,9861,864,CELL-ARP-08,31.521187,74.403345,CALL,Airport Road
923001110002,923001110002,923009998888,410013679797935,35678901914572,2026-04-15 07:15:53,2026-04-15 07:15:53,OUTGOING,2645047,4290,414,CELL-DHA-05,31.468048,74.409647,GPRS,DHA Phase 5
923001110002,923001110002,923009998888,410013753062670,35678901798127,2026-04-17 23:12:48,2026-04-17 23:40:24,OUTGOING,0,7691,539,CELL-DHA-05,31.467971,74.408705,CALL,DHA Phase 5
923001110002,923009998887,923001110002,410016411309040,35678901143770,2026-04-09 23:39:39,2026-04-09 23:49:16,INCOMING,0,6120,973,CELL-MT-03,31.481744,74.324613,CALL,Model Town
923331234567,923331234567,923009998884,410012201931569,35678901889350,2026-04-15 07:30:58,2026-04-15 07:50:21,OUTGOING,0,2005,375,CELL-DHA-05,31.46933,74.41042,CALL,DHA Phase 5
923451112233,923451112233,923009998883,410011160415824,35678901637731,2026-04-09 23:45:09,2026-04-09 23:45:09,OUTGOING,636736,1056,386,CELL-GLB-01,31.519794,74.357491,GPRS,Gulberg
923451112233,923451112233,923009998886,410014083507933,35678901244569,2026-04-15 07:40:10,2026-04-15 07:40:10,OUTGOING,0,2227,891,CELL-LB-02,31.512054,74.345453,CALL,Liberty Market
923451112233,923009998882,923451112233,410012254042997,35678901306838,2026-04-17 23:42:26,2026-04-17 23:42:26,INCOMING,1875988,6267,189,CELL-MT-03,31.481354,74.322987,GPRS,Model Town
923001110001,923001110001,923009998885,410015969397197,35678901951594,2026-04-09 23:54:03,2026-04-09 23:54:03,OUTGOING,7817761,4743,622,CELL-GLB-01,31.51889,74.359907,GPRS,Gulberg
923461678183,923009998888,923461678183,410015428714814,35678901500621,2026-04-09 23:57:38,2026-04-09 23:57:38,INCOMING,7231118,1590,557,CELL-DHA-05,31.468512,74.409667,GPRS,DHA Phase 5
923331234567,923009998887,923331234567,410016740273514,35678901151486,2026-04-07 08:00:27,2026-04-07 08:00:27,INCOMING,0,5556,730,CELL-MT-03,31.483381,74.321842,SMS,Model Town
923461678183,923461678183,923009998885,410019972200863,35678901613118,2026-04-15 08:05:05,2026-04-15 08:14:12,OUTGOING,0,6530,457,CELL-LB-02,31.508723,74.343719,CALL,Liberty Market
923001110002,923009998887,923001110002,410018613518520,35678901718345,2026-04-18 00:12:36,2026-04-18 00:12:36,INCOMING,0,8915,774,CELL-ARP-08,31.520394,74.403636,SMS,Airport Road
923001110001,923001110001,923009998883,410012367486584,35678901487497,2026-04-07 08:06:58,2026-04-07 08:06:58,OUTGOING,0,4961,755,CELL-LB-02,31.508555,74.343007,SMS,Liberty Market
923451112233,923009998884,923451112233,410012257123416,35678901198981,2026-04-12 16:16:28,2026-04-12 16:16:28,INCOMING,0,5238,492,CELL-ARP-08,31.522469,74.405414,SMS,Airport Road
923001110001,923009998885,923001110001,410014297888691,35678901638036,2026-04-20 16:35:00,2026-04-20 16:35:00,INCOMING,1925686,8149,278,CELL-MT-03,31.485042,74.321352,GPRS,Model Town
923451112233,923009998886,923451112233,410012927129967,35678901586429,2026-04-12 16:24:40,2026-04-12 16:24:40,INCOMING,1442587,4048,176,CELL-DHA-05,31.467865,74.411491,GPRS,DHA Phase 5
923001110003,923009998886,923001110003,410011986182830,35678901975709,2026-04-15 08:35:05,2026-04-15 08:35:05,INCOMING,0,5458,868,CELL-DHA-05,31.470775,74.409014,SMS,DHA Phase 5
923001110001,923001110001,923009998884,410015881687268,35678901648647,2026-04-10 00:24:53,2026-04-10 00:24:53,OUTGOING,7493357,6586,180,CELL-ARP-08,31.520617,74.404884,GPRS,Airport Road
923331234567,923331234567,923009998883,410015038020990,35678901834815,2026-04-20 17:03:47,2026-04-20 17:03:47,OUTGOING,0,8363,795,CELL-DHA-05,31.468684,74.41131,VOLTE,DHA Phase 5
923451112233,923009998885,923451112233,410012686991986,35678901352645,2026-04-20 17:10:50,2026-04-20 17:10:50,INCOMING,0,3370,446,CELL-ARP-08,31.523166,74.40408,SMS,Airport Road
923451112233,923009998884,923451112233,410014740262508,35678901982371,2026-04-15 08:55:48,2026-04-15 08:55:48,INCOMING,2270028,1183,311,CELL-ARP-08,31.523347,74.402809,GPRS,Airport Road
923461678183,923461678183,923009998884,410014466364281,35678901401034,2026-04-18 01:12:14,2026-04-18 01:12:14,OUTGOING,0,7786,987,CELL-MT-03,31.482751,74.323797,CALL,Model Town
923451112233,923451112233,923009998888,410019147577089,35678901742778,2026-04-20 17:31:10,2026-04-20 17:31:10,OUTGOING,4343101,8050,317,CELL-MT-03,31.482904,74.324221,GPRS,Model Town
923461678183,923461678183,923009998886,410013204381153,35678901326432,2026-04-12 16:56:38,2026-04-12 16:56:38,OUTGOING,0,8902,333,CELL-LB-02,31.511821,74.343472,CALL,Liberty Market
923451112233,923009998888,923451112233,410014194633722,35678901731095,2026-04-18 01:30:18,2026-04-18 01:30:18,INCOMING,7962421,4226,689,CELL-ARP-08,31.520394,74.404073,GPRS,Airport Road
923461678183,923009998882,923461678183,410017240391401,35678901390776,2026-04-18 01:36:47,2026-04-18 01:36:47,INCOMING,7654828,2809,125,CELL-DHA-05,31.471617,74.411247,GPRS,DHA Phase 5
923001110002,923009998888,923001110002,410012221976286,35678901630094,2026-04-18 01:42:20,2026-04-18 01:42:20,INCOMING,4349482,3502,466,CELL-DHA-05,31.470985,74.409001,GPRS,DHA Phase 5
923001110003,923009998888,923001110003,410014648283718,35678901226784,2026-04-20 18:06:23,2026-04-20 18:12:58,INCOMING,0,7986,766,CELL-GLB-01,31.520596,74.35944,CALL,Gulberg
923331234567,923009998884,923331234567,410018996045839,35678901353423,2026-04-04 16:19:26,2026-04-04 16:19:26,INCOMING,3810142,4257,388,CELL-DHA-05,31.470578,74.409413,GPRS,DHA Phase 5
923001110001,923001110001,923009998886,410013136491565,35678901538130,2026-04-04 16:20:21,2026-04-04 16:20:21,OUTGOING,6572052,8369,547,CELL-DHA-05,31.469811,74.410373,GPRS,DHA Phase 5
923001110003,923001110003,923009998886,410019263029528,35678901515125,2026-04-10 01:03:28,2026-04-10 01:20:34,OUTGOING,0,8171,136,CELL-ARP-08,31.520831,74.404347,VOLTE,Airport Road
923001110003,923009998881,923001110003,410018139225341,35678901117086,2026-04-07 08:44:55,2026-04-07 08:51:42,INCOMING,0,6240,836,CELL-LB-02,31.510574,74.344663,VOLTE,Liberty Market
923001110002,923001110002,923009998886,410019703093987,35678901537914,2026-04-07 08:46:45,2026-04-07 08:46:45,OUTGOING,0,6688,794,CELL-ARP-08,31.519903,74.402543,VOLTE,Airport Road
923001110003,923001110003,923009998882,410016646417283,35678901117991,2026-04-07 08:48:57,2026-04-07 08:48:57,OUTGOING,3151351,5388,833,CELL-LB-02,31.51115,74.343021,GPRS,Liberty Market
923331234567,923009998887,923331234567,410019364056824,35678901801471,2026-04-12 17:40:31,2026-04-12 17:44:19,INCOMING,0,3301,134,CELL-ARP-08,31.520156,74.403155,VOLTE,Airport Road
923331234567,923331234567,923009998885,410015835463287,35678901844840,2026-04-07 08:52:58,2026-04-07 08:52:58,OUTGOING,3145655,9548,669,CELL-DHA-05,31.467887,74.409547,GPRS,DHA Phase 5
923461678183,923009998886,923461678183,410017868701382,35678901333841,2026-04-04 16:27:21,2026-04-04 16:27:21,INCOMING,5956826,2229,527,CELL-LB-02,31.510849,74.344456,GPRS,Liberty Market
923001110001,923001110001,923009998882,410015468258146,35678901653149,2026-04-10 01:24:01,2026-04-10 01:24:01,OUTGOING,0,8032,585,CELL-LB-02,31.511567,74.345215,CALL,Liberty Market
923451112233,923009998888,923451112233,410015306218604,35678901139069,2026-04-15 10:25:26,2026-04-15 10:25:26,INCOMING,5314313,4936,453,CELL-LB-02,31.508989,74.344983,GPRS,Liberty Market
923451112233,923451112233,923009998883,410018813511352,35678901652259,2026-04-15 10:30:48,2026-04-15 10:30:48,OUTGOING,1410495,5439,893,CELL-ARP-08,31.523237,74.402557,GPRS,Airport Road
923001110002,923001110002,923009998887,410014147767586,35678901987083,2026-04-07 09:02:24,2026-04-07 09:02:24,OUTGOING,5567840,7939,313,CELL-MT-03,31.48364,74.321108,GPRS,Model Town
923331234567,923331234567,923009998882,410013502145439,35678901614731,2026-04-10 01:36:12,2026-04-10 01:36:12,OUTGOING,1610703,1187,439,CELL-LB-02,31.508375,74.344336,GPRS,Liberty Market
923331234567,923331234567,923009998881,410018778195081,35678901670106,2026-04-18 03:18:36,2026-04-18 03:18:36,OUTGOING,7560238,4310,301,CELL-LB-02,31.508482,74.342653,GPRS,Liberty Market
923001110001,923009998888,923001110001,410014015807901,35678901943108,2026-04-04 16:34:08,2026-04-04 16:48:53,INCOMING,0,5924,940,CELL-MT-03,31.482867,74.32287,CALL,Model Town
923331234567,923009998886,923331234567,410014450759346,35678901634668,2026-04-18 03:30:26,2026-04-18 03:30:26,INCOMING,514283,4513,654,CELL-LB-02,31.509065,74.343707,GPRS,Liberty Market
923001110001,923001110001,923009998884,410012148038674,35678901774284,2026-04-20 20:12:45,2026-04-20 20:12:45,OUTGOING,0,8517,350,CELL-DHA-05,31.469743,74.409289,CALL,DHA Phase 5
923001110002,923009998885,923001110002,410012000558691,35678901283519,2026-04-12 18:28:30,2026-04-12 18:28:30,INCOMING,642362,4244,373,CELL-LB-02,31.51042,74.342154,GPRS,Liberty Market
923451112233,923009998883,923451112233,410017230562146,35678901269835,2026-04-12 18:32:30,2026-04-12 18:32:30,INCOMING,5677470,6947,946,CELL-ARP-08,31.520855,74.402769,GPRS,Airport Road
923461678183,923009998883,923461678183,410018733013536,35678901822334,2026-04-15 11:15:42,2026-04-15 11:15:42,INCOMING,633012,5520,622,CELL-GLB-01,31.51974,74.359656,GPRS,Gulberg
923001110002,923001110002,923009998884,410018872968430,35678901572776,2026-04-04 16:40:05,2026-04-04 16:40:05,OUTGOING,0,4462,347,CELL-ARP-08,31.523315,74.402629,SMS,Airport Road
923461678183,923461678183,923009998887,410011293587871,35678901210945,2026-04-10 02:03:02,2026-04-10 02:03:02,OUTGOING,1947547,5008,998,CELL-LB-02,31.510453,74.343695,GPRS,Liberty Market
923001110003,923009998888,923001110003,410011145852236,35678901951936,2026-04-18 04:12:26,2026-04-18 04:12:26,INCOMING,0,1091,615,CELL-GLB-01,31.522191,74.358577,CALL,Gulberg
923001110001,923001110001,923009998885,410012161786035,35678901554275,2026-04-04 16:43:13,2026-04-04 16:43:13,OUTGOING,0,6588,478,CELL-DHA-05,31.469972,74.410749,SMS,DHA Phase 5
923001110003,923009998884,923001110003,410016045582513,35678901879942,2026-04-04 16:44:25,2026-04-04 16:44:25,INCOMING,0,9728,891,CELL-DHA-05,31.469151,74.408416,SMS,DHA Phase 5
923461678183,923461678183,923009998886,410012696049124,35678901865130,2026-04-15 11:45:14,2026-04-15 11:45:14,OUTGOING,4023733,1144,854,CELL-ARP-08,31.522362,74.403526,GPRS,Airport Road
923001110003,923009998883,923001110003,410016686839079,35678901561036,2026-04-07 09:32:22,2026-04-07 09:32:22,INCOMING,2779558,9146,943,CELL-LB-02,31.510154,74.345606,GPRS,Liberty Market
923451112233,923451112233,923009998883,410011586082810,35678901598973,2026-04-18 04:42:09,2026-04-18 04:42:09,OUTGOING,4640887,5817,190,CELL-ARP-08,31.521091,74.40223,GPRS,Airport Road
923001110002,923009998885,923001110002,410012630083636,35678901455897,2026-04-04 16:48:37,2026-04-04 16:54:08,INCOMING,0,5230,824,CELL-MT-03,31.483656,74.322737,CALL,Model Town
923001110003,923009998886,923001110003,410011513130447,35678901113851,2026-04-10 02:27:11,2026-04-10 02:27:11,INCOMING,0,8871,868,CELL-MT-03,31.484442,74.322285,SMS,Model Town
923001110001,923009998883,923001110001,410013485118147,35678901703315,2026-04-20 21:50:16,2026-04-20 21:50:16,INCOMING,2393002,8073,599,CELL-GLB-01,31.520659,74.359351,GPRS,Gulberg
923451112233,923009998885,923451112233,410016093940865,35678901692451,2026-04-18 05:06:27,2026-04-18 05:27:33,INCOMING,0,3098,630,CELL-GLB-01,31.51911,74.359196,CALL,Gulberg
923001110001,923009998881,923001110001,410014276023093,35678901328214,2026-04-10 02:36:23,2026-04-10 02:36:23,INCOMING,1775453,7280,188,CELL-DHA-05,31.470687,74.409177,GPRS,DHA Phase 5
923001110002,923009998881,923001110002,410016781959529,35678901358476,2026-04-18 05:18:50,2026-04-18 05:18:50,INCOMING,7975537,8728,649,CELL-DHA-05,31.469717,74.408505,GPRS,DHA Phase 5
923001110003,923009998888,923001110003,410015622201092,35678901791399,2026-04-20 22:18:27,2026-04-20 22:18:27,INCOMING,467201,6284,534,CELL-LB-02,31.511149,74.344671,GPRS,Liberty Market
923001110003,923001110003,923009998885,410018380095055,35678901462229,2026-04-18 05:30:22,2026-04-18 05:30:58,OUTGOING,0,9647,877,CELL-DHA-05,31.470808,74.409519,VOLTE,DHA Phase 5
923001110001,923001110001,923009998883,410012167224174,35678901700499,2026-04-07 09:52:37,2026-04-07 10:13:51,OUTGOING,0,3314,240,CELL-MT-03,31.482937,74.324375,VOLTE,Model Town
923331234567,923009998883,923331234567,410015651164371,35678901922895,2026-04-18 05:42:15,2026-04-18 05:42:15,INCOMING,3447073,5850,824,CELL-GLB-01,31.521413,74.357386,GPRS,Gulberg
923001110001,923001110001,923009998885,410016865721549,35678901886655,2026-04-10 02:54:47,2026-04-10 02:54:47,OUTGOING,0,6367,325,CELL-LB-02,31.508469,74.343357,SMS,Liberty Market
923001110002,923001110002,923009998884,410013844752390,35678901703946,2026-04-10 02:57:29,2026-04-10 02:57:29,OUTGOING,0,2860,671,CELL-GLB-01,31.522373,74.360563,SMS,Gulberg
923001110001,923001110001,923009998881,410015795197360,35678901109374,2026-04-10 03:00:44,2026-04-10 03:12:35,OUTGOING,0,9787,594,CELL-LB-02,31.509399,74.345243,VOLTE,Liberty Market
923451112233,923009998884,923451112233,410014884947051,35678901101940,2026-04-15 13:05:31,2026-04-15 13:05:31,INCOMING,2964738,7687,597,CELL-GLB-01,31.519318,74.358315,GPRS,Gulberg
923331234567,923331234567,923009998884,410011124191497,35678901964310,2026-04-20 23:14:53,2026-04-20 23:14:53,OUTGOING,3677415,9463,509,CELL-MT-03,31.484203,74.324396,GPRS,Model Town
923331234567,923331234567,923009998883,410016256387172,35678901276282,2026-04-20 23:21:07,2026-04-20 23:21:07,OUTGOING,4084679,9412,952,CELL-GLB-01,31.518818,74.35977,GPRS,Gulberg
923001110003,923001110003,923009998887,410018413034230,35678901524062,2026-04-15 13:20:22,2026-04-15 13:33:13,OUTGOING,0,6256,678,CELL-DHA-05,31.469162,74.409635,CALL,DHA Phase 5
923001110001,923009998884,923001110001,410012104980502,35678901334501,2026-04-15 13:25:39,2026-04-15 13:25:39,INCOMING,7271327,2047,186,CELL-DHA-05,31.469877,74.407985,GPRS,DHA Phase 5
923451112233,923451112233,923009998888,410016045119371,35678901155553,2026-04-15 13:30:28,2026-04-15 13:30:28,OUTGOING,6781464,4580,306,CELL-GLB-01,31.520664,74.356948,GPRS,Gulberg
923001110001,923001110001,923009998884,410015996449599,35678901890038,2026-04-20 23:49:07,2026-04-20 23:49:07,OUTGOING,7052472,3275,732,CELL-GLB-01,31.52014,74.359885,GPRS,Gulberg
923001110002,923009998888,923001110002,410013581931356,35678901745710,2026-04-10 03:24:50,2026-04-10 03:24:50,INCOMING,0,1331,602,CELL-ARP-08,31.523071,74.401767,VOLTE,Airport Road
923461678183,923461678183,923009998881,410015654382286,35678901104048,2026-04-15 13:45:55,2026-04-15 14:11:46,OUTGOING,0,1577,581,CELL-GLB-01,31.518437,74.358241,VOLTE,Gulberg
923001110001,923001110001,923009998887,410017651815339,35678901548415,2026-04-07 10:20:40,2026-04-07 10:20:40,OUTGOING,4238138,7975,838,CELL-MT-03,31.482095,74.324145,GPRS,Model Town
923001110003,923009998886,923001110003,410016632094632,35678901704531,2026-04-12 20:44:21,2026-04-12 20:44:21,INCOMING,1041081,2818,433,CELL-LB-02,31.511826,74.34311,GPRS,Liberty Market
923001110003,923001110003,923009998881,410012874545557,35678901841481,2026-04-21 00:24:32,2026-04-21 00:54:08,OUTGOING,0,8069,333,CELL-LB-02,31.508348,74.34463,CALL,Liberty Market
923461678183,923009998885,923461678183,410018146446307,35678901167680,2026-04-07 10:26:51,2026-04-07 10:26:51,INCOMING,1752772,9473,766,CELL-GLB-01,31.521895,74.360052,GPRS,Gulberg
923001110001,923009998887,923001110001,410013319840656,35678901645197,2026-04-12 20:56:53,2026-04-12 20:56:53,INCOMING,3376267,1300,527,CELL-DHA-05,31.467973,74.408668,GPRS,DHA Phase 5
923001110003,923009998885,923001110003,410018410302316,35678901582341,2026-04-12 21:00:58,2026-04-12 21:00:58,INCOMING,6289899,8695,931,CELL-DHA-05,31.469676,74.407729,GPRS,DHA Phase 5
923461678183,923009998882,923461678183,410012648672140,35678901584252,2026-04-18 07:36:07,2026-04-18 07:36:45,INCOMING,0,5426,757,CELL-GLB-01,31.520381,74.359412,CALL,Gulberg
923001110001,923001110001,923009998885,410013487895001,35678901435898,2026-04-18 07:42:17,2026-04-18 07:42:17,OUTGOING,0,9983,337,CELL-DHA-05,31.471566,74.40903,SMS,DHA Phase 5
923001110002,923009998881,923001110002,410017001479220,35678901889255,2026-04-15 14:30:53,2026-04-15 14:42:58,INCOMING,0,6929,659,CELL-GLB-01,31.520307,74.360155,CALL,Gulberg
923331234567,923009998886,923331234567,410018845462116,35678901476881,2026-04-04 17:19:08,2026-04-04 17:19:08,INCOMING,7495250,1495,619,CELL-ARP-08,31.521645,74.404692,GPRS,Airport Road
923461678183,923461678183,923009998884,410019789108225,35678901430578,2026-04-04 17:20:35,2026-04-04 17:20:35,OUTGOING,4423896,7492,588,CELL-LB-02,31.511508,74.345727,GPRS,Liberty Market
923331234567,923331234567,923009998883,410013401493840,35678901342813,2026-04-10 04:03:30,2026-04-10 04:08:16,OUTGOING,0,4106,394,CELL-ARP-08,31.521767,74.404807,VOLTE,Airport Road
923331234567,923331234567,923009998888,410016294589804,35678901864102,2026-04-15 14:50:48,2026-04-15 14:50:48,OUTGOING,2528754,5585,270,CELL-MT-03,31.483945,74.323399,GPRS,Model Town
923331234567,923009998888,923331234567,410011264155252,35678901773986,2026-04-07 10:46:38,2026-04-07 10:46:38,INCOMING,4612169,6272,631,CELL-DHA-05,31.47065,74.409756,GPRS,DHA Phase 5
923001110001,923009998886,923001110001,410016538882255,35678901188324,2026-04-18 08:24:27,2026-04-18 08:24:27,INCOMING,0,6366,844,CELL-LB-02,31.509289,74.343952,SMS,Liberty Market
923461678183,923009998888,923461678183,410011043534537,35678901474935,2026-04-04 17:25:42,2026-04-04 17:25:42,INCOMING,5280887,8601,108,CELL-LB-02,31.512053,74.345063,GPRS,Liberty Market
923001110002,923009998882,923001110002,410011633937861,35678901723361,2026-04-04 17:26:30,2026-04-04 17:37:35,INCOMING,0,6641,808,CELL-DHA-05,31.469175,74.408746,VOLTE,DHA Phase 5
923331234567,923009998886,923331234567,410015612411634,35678901265247,2026-04-10 04:21:16,2026-04-10 04:21:16,INCOMING,5540018,6497,143,CELL-ARP-08,31.522965,74.403674,GPRS,Airport Road
923331234567,923009998887,923331234567,410013573020026,35678901779832,2026-04-12 21:52:01,2026-04-12 21:52:01,INCOMING,7946669,5419,902,CELL-GLB-01,31.51881,74.359324,GPRS,Gulberg
923001110003,923001110003,923009998882,410017461558311,35678901403638,2026-04-04 17:29:08,2026-04-04 17:29:08,OUTGOING,5407575,3080,192,CELL-ARP-08,31.520419,74.403594,GPRS,Airport Road
923461678183,923009998883,923461678183,410011513217356,35678901112765,2026-04-12 22:00:10,2026-04-12 22:00:10,INCOMING,797366,7459,566,CELL-LB-02,31.511197,74.344582,GPRS,Liberty Market
923461678183,923461678183,923009998881,410012546530564,35678901324585,2026-04-12 22:04:55,2026-04-12 22:26:57,OUTGOING,0,4252,158,CELL-MT-03,31.481646,74.323458,CALL,Model Town
923461678183,923009998886,923461678183,410012590961110,35678901661789,2026-04-21 02:44:07,2026-04-21 02:44:07,INCOMING,0,9356,452,CELL-GLB-01,31.52039,74.359818,SMS,Gulberg
923451112233,923009998882,923451112233,410017390384566,35678901702679,2026-04-21 02:51:12,2026-04-21 02:51:12,INCOMING,5848631,5885,706,CELL-ARP-08,31.520041,74.405422,GPRS,Airport Road
923001110002,923009998883,923001110002,410017004212323,35678901571412,2026-04-04 17:34:08,2026-04-04 17:34:08,INCOMING,0,7690,336,CELL-ARP-08,31.520776,74.402504,SMS,Airport Road
923461678183,923461678183,923009998885,410018483878540,35678901835437,2026-04-12 22:20:02,2026-04-12 22:20:02,OUTGOING,5468827,5563,423,CELL-DHA-05,31.47124,74.40907,GPRS,DHA Phase 5
923001110002,923001110002,923009998882,410016243139200,35678901491330,2026-04-15 16:00:30,2026-04-15 16:00:30,OUTGOING,5527530,3836,180,CELL-MT-03,31.483019,74.321264,GPRS,Model Town
923001110002,923009998881,923001110002,410017224268816,35678901990322,2026-04-04 17:37:48,2026-04-04 17:37:48,INCOMING,4446108,5771,954,CELL-LB-02,31.511714,74.345955,GPRS,Liberty Market
923331234567,923009998885,923331234567,410012163547463,35678901731108,2026-04-10 04:54:29,2026-04-10 04:54:29,INCOMING,1976686,9823,283,CELL-ARP-08,31.523295,74.404756,GPRS,Airport Road
923001110001,923001110001,923009998883,410015676166926,35678901388513,2026-04-21 03:33:22,2026-04-21 03:47:52,OUTGOING,0,7163,461,CELL-GLB-01,31.521529,74.359112,VOLTE,Gulberg
923461678183,923461678183,923009998881,410015670566268,35678901613470,2026-04-12 22:40:03,2026-04-12 22:40:03,OUTGOING,5595351,4582,982,CELL-ARP-08,31.52211,74.404665,GPRS,Airport Road
923451112233,923451112233,923009998885,410016087328322,35678901307236,2026-04-21 03:47:02,2026-04-21 03:47:02,OUTGOING,263421,8897,601,CELL-MT-03,31.484813,74.32345,GPRS,Model Town
923461678183,923009998886,923461678183,410018013034020,35678901815794,2026-04-15 16:30:29,2026-04-15 16:30:29,INCOMING,5182808,6062,874,CELL-MT-03,31.482923,74.322859,GPRS,Model Town
923451112233,923451112233,923009998881,410011754228367,35678901714723,2026-04-12 22:52:31,2026-04-12 22:52:31,OUTGOING,2236598,6699,202,CELL-DHA-05,31.470535,74.411673,GPRS,DHA Phase 5
923001110003,923009998883,923001110003,410016122308263,35678901475209,2026-04-04 17:44:43,2026-04-04 17:45:14,INCOMING,0,9801,619,CELL-MT-03,31.481761,74.323144,VOLTE,Model Town
923001110003,923009998883,923001110003,410015060510099,35678901982394,2026-04-07 11:30:32,2026-04-07 11:30:32,INCOMING,0,4023,423,CELL-MT-03,31.482084,74.324105,SMS,Model Town
923461678183,923009998882,923461678183,410011738309584,35678901167370,2026-04-10 05:18:57,2026-04-10 05:18:57,INCOMING,1939446,7060,700,CELL-ARP-08,31.520385,74.404872,GPRS,Airport Road
923451112233,923009998883,923451112233,410011170477950,35678901328744,2026-04-15 16:55:31,2026-04-15 17:22:38,INCOMING,0,8088,472,CELL-LB-02,31.511518,74.343015,CALL,Liberty Market
923461678183,923009998886,923461678183,410011091292075,35678901763296,2026-04-04 17:48:08,2026-04-04 18:10:20,INCOMING,0,6630,741,CELL-ARP-08,31.522668,74.404759,CALL,Airport Road
923001110002,923009998887,923001110002,410015676466395,35678901201330,2026-04-04 17:49:35,2026-04-04 17:49:35,INCOMING,5016107,6713,291,CELL-MT-03,31.484735,74.322169,GPRS,Model Town
923001110002,923001110002,923009998881,410012684140753,35678901956445,2026-04-04 17:50:47,2026-04-04 17:50:47,OUTGOING,7532365,2240,752,CELL-LB-02,31.510814,74.343395,GPRS,Liberty Market
923331234567,923009998887,923331234567,410015848584689,35678901372760,2026-04-15 17:15:42,2026-04-15 17:15:42,INCOMING,7616162,9291,270,CELL-GLB-01,31.521122,74.359793,GPRS,Gulberg
923451112233,923009998885,923451112233,410012205152364,35678901368691,2026-04-21 05:04:00,2026-04-21 05:04:00,INCOMING,1113055,1638,752,CELL-GLB-01,31.518415,74.358703,GPRS,Gulberg
923461678183,923461678183,923009998883,410012126890626,35678901965669,2026-04-15 17:25:11,2026-04-15 17:25:11,OUTGOING,7941498,5805,645,CELL-GLB-01,31.519919,74.358325,GPRS,Gulberg
923001110002,923009998888,923001110002,410014179858550,35678901157816,2026-04-15 17:30:59,2026-04-15 17:30:59,INCOMING,0,9308,716,CELL-DHA-05,31.468335,74.408697,SMS,DHA Phase 5
923461678183,923009998881,923461678183,410012543438986,35678901577002,2026-04-10 05:45:51,2026-04-10 05:45:51,INCOMING,5096432,6031,362,CELL-DHA-05,31.471219,74.411657,GPRS,DHA Phase 5
923461678183,923009998885,923461678183,410013424405141,35678901366511,2026-04-12 23:44:03,2026-04-12 23:44:03,INCOMING,6029025,9811,795,CELL-DHA-05,31.468596,74.408201,GPRS,DHA Phase 5
923331234567,923331234567,923009998881,410018983695782,35678901918089,2026-04-07 11:54:00,2026-04-07 11:54:00,OUTGOING,2986674,5541,453,CELL-MT-03,31.483683,74.324584,GPRS,Model Town
923461678183,923461678183,923009998884,410014710167003,35678901488328,2026-04-04 17:58:40,2026-04-04 17:58:40,OUTGOING,6072402,1965,377,CELL-DHA-05,31.471153,74.411694,GPRS,DHA Phase 5
923461678183,923009998882,923461678183,410013852373100,35678901580689,2026-04-12 23:56:24,2026-04-13 00:05:59,INCOMING,0,5304,490,CELL-ARP-08,31.520332,74.403288,CALL,Airport Road
923001110003,923001110003,923009998885,410012119308791,35678901540860,2026-04-07 12:00:09,2026-04-07 12:00:09,OUTGOING,4821551,2520,214,CELL-MT-03,31.485074,74.320992,GPRS,Model Town
923461678183,923461678183,923009998884,410013640017559,35678901939937,2026-04-21 06:07:13,2026-04-21 06:32:16,OUTGOING,0,8052,938,CELL-ARP-08,31.52289,74.403256,VOLTE,Airport Road
923001110002,923009998883,923001110002,410011522744205,35678901518099,2026-04-13 00:08:34,2026-04-13 00:08:34,INCOMING,3050051,1149,685,CELL-GLB-01,31.521459,74.359387,GPRS,Gulberg
923001110003,923001110003,923009998881,410013511301249,35678901874504,2026-04-21 06:21:02,2026-04-21 06:46:30,OUTGOING,0,4918,249,CELL-ARP-08,31.523549,74.402661,VOLTE,Airport Road
923331234567,923009998885,923331234567,410018430323684,35678901697143,2026-04-10 06:12:47,2026-04-10 06:12:47,INCOMING,0,4998,195,CELL-GLB-01,31.518903,74.357203,VOLTE,Gulberg
923001110003,923009998887,923001110003,410015588930803,35678901847156,2026-04-15 18:25:06,2026-04-15 18:25:06,INCOMING,1673730,6647,552,CELL-LB-02,31.511837,74.343203,GPRS,Liberty Market
923001110002,923001110002,923009998884,410017825135423,35678901488215,2026-04-15 18:30:36,2026-04-15 18:30:36,OUTGOING,0,1419,181,CELL-LB-02,31.509934,74.345796,SMS,Liberty Market
923331234567,923331234567,923009998884,410013330054382,35678901956805,2026-04-10 06:21:14,2026-04-10 06:21:14,OUTGOING,3791208,9775,461,CELL-DHA-05,31.469,74.40911,GPRS,DHA Phase 5
923461678183,923009998883,923461678183,410016376653910,35678901227626,2026-04-21 06:56:22,2026-04-21 06:56:22,INCOMING,6787224,2859,556,CELL-GLB-01,31.520656,74.358071,GPRS,Gulberg
923001110002,923009998888,923001110002,410012639737355,35678901656617,2026-04-21 07:03:38,2026-04-21 07:23:04,INCOMING,0,3043,109,CELL-LB-02,31.508595,74.34548,CALL,Liberty Market
923331234567,923331234567,923009998887,410017314357138,35678901123303,2026-04-10 06:30:27,2026-04-10 06:30:27,OUTGOING,0,5875,632,CELL-DHA-05,31.469811,74.409236,SMS,DHA Phase 5
923461678183,923009998883,923461678183,410011360944026,35678901691946,2026-04-07 12:22:22,2026-04-07 12:22:22,INCOMING,347403,4718,688,CELL-MT-03,31.483427,74.324353,GPRS,Model Town
923461678183,923461678183,923009998883,410014450525412,35678901941162,2026-04-13 00:48:02,2026-04-13 00:48:02,OUTGOING,6494018,9524,601,CELL-GLB-01,31.521728,74.358935,GPRS,Gulberg
923461678183,923009998885,923461678183,410015001146943,35678901888226,2026-04-07 12:26:37,2026-04-07 12:26:37,INCOMING,7755595,7680,735,CELL-GLB-01,31.521788,74.360681,GPRS,Gulberg
923001110001,923001110001,923009998886,410016680275925,35678901414850,2026-04-04 18:14:39,2026-04-04 18:14:39,OUTGOING,5253226,2097,348,CELL-DHA-05,31.471161,74.409347,GPRS,DHA Phase 5
923001110002,923009998881,923001110002,410017331318186,35678901926970,2026-04-07 12:30:42,2026-04-07 12:48:44,INCOMING,0,5043,313,CELL-GLB-01,31.519118,74.359885,CALL,Gulberg
923451112233,923009998886,923451112233,410016952697321,35678901214051,2026-04-21 07:52:09,2026-04-21 07:52:29,INCOMING,0,8826,613,CELL-MT-03,31.482124,74.322582,VOLTE,Model Town
923001110001,923009998882,923001110001,410018952504242,35678901189336,2026-04-13 01:08:25,2026-04-13 01:31:55,INCOMING,0,7259,611,CELL-LB-02,31.511031,74.343344,VOLTE,Liberty Market
923001110003,923009998884,923001110003,410013233197677,35678901901158,2026-04-21 08:06:51,2026-04-21 08:06:51,INCOMING,0,9950,741,CELL-LB-02,31.511152,74.34259,SMS,Liberty Market
923461678183,923009998882,923461678183,410015423616002,35678901655646,2026-04-10 06:57:17,2026-04-10 07:01:07,INCOMING,0,7331,138,CELL-MT-03,31.48152,74.321924,CALL,Model Town
923001110002,923009998882,923001110002,410018642864849,35678901140872,2026-04-13 01:20:56,2026-04-13 01:20:56,INCOMING,0,5157,733,CELL-GLB-01,31.518418,74.359661,SMS,Gulberg
923451112233,923009998885,923451112233,410014749802953,35678901741539,2026-04-04 18:21:17,2026-04-04 18:21:17,INCOMING,0,8549,144,CELL-DHA-05,31.470316,74.408808,SMS,DHA Phase 5
923331234567,923331234567,923009998881,410013954005942,35678901229336,2026-04-18 14:12:20,2026-04-18 14:13:51,OUTGOING,0,2242,147,CELL-GLB-01,31.521659,74.357509,VOLTE,Gulberg
923001110003,923001110003,923009998888,410018160398094,35678901227719,2026-04-15 19:55:54,2026-04-15 19:55:54,OUTGOING,5495940,2324,466,CELL-ARP-08,31.521402,74.404388,GPRS,Airport Road
923001110001,923009998885,923001110001,410012043941932,35678901132761,2026-04-10 07:12:05,2026-04-10 07:12:05,INCOMING,0,7119,662,CELL-MT-03,31.483171,74.323316,SMS,Model Town
923331234567,923009998884,923331234567,410017698790852,35678901639919,2026-04-13 01:40:33,2026-04-13 01:40:33,INCOMING,0,2435,400,CELL-MT-03,31.483374,74.323234,SMS,Model Town
923461678183,923461678183,923009998881,410014530029949,35678901965718,2026-04-18 14:36:53,2026-04-18 14:36:53,OUTGOING,3601224,6703,939,CELL-ARP-08,31.519754,74.403267,GPRS,Airport Road
923001110002,923009998888,923001110002,410016065951621,35678901965965,2026-04-18 14:42:55,2026-04-18 14:42:55,INCOMING,0,4051,814,CELL-LB-02,31.510007,74.343068,SMS,Liberty Market
923001110001,923009998887,923001110001,410017683656281,35678901506306,2026-04-04 18:28:56,2026-04-04 18:28:56,INCOMING,4029072,9337,637,CELL-LB-02,31.511475,74.344351,GPRS,Liberty Market
923451112233,923009998883,923451112233,410017658979124,35678901892999,2026-04-21 09:23:57,2026-04-21 09:23:57,INCOMING,0,4272,873,CELL-GLB-01,31.52069,74.356775,SMS,Gulberg
923451112233,923009998888,923451112233,410013633261303,35678901343730,2026-04-15 20:30:09,2026-04-15 20:30:09,INCOMING,6372641,8322,924,CELL-MT-03,31.484745,74.321257,GPRS,Model Town
923331234567,923009998887,923331234567,410013565175820,35678901298242,2026-04-07 13:02:05,2026-04-07 13:02:05,INCOMING,2360437,7090,575,CELL-GLB-01,31.521328,74.358342,GPRS,Gulberg
923001110002,923009998885,923001110002,410018306858721,35678901161362,2026-04-04 18:32:29,2026-04-04 18:52:10,INCOMING,0,7550,332,CELL-MT-03,31.482664,74.321072,CALL,Model Town
923001110001,923001110001,923009998885,410016316769250,35678901180291,2026-04-18 15:18:33,2026-04-18 15:18:33,OUTGOING,1771509,4393,363,CELL-ARP-08,31.520583,74.403316,GPRS,Airport Road
923001110003,923009998882,923001110003,410017961260152,35678901251439,2026-04-07 13:08:30,2026-04-07 13:08:30,INCOMING,0,5218,426,CELL-LB-02,31.511466,74.345749,SMS,Liberty Market
923001110001,923001110001,923009998885,410019186941003,35678901556922,2026-04-07 13:10:26,2026-04-07 13:10:26,OUTGOING,6364953,7984,873,CELL-GLB-01,31.520647,74.35941,GPRS,Gulberg
923461678183,923461678183,923009998883,410017951021232,35678901816827,2026-04-07 13:12:58,2026-04-07 13:12:58,OUTGOING,7043156,6054,137,CELL-MT-03,31.483591,74.321245,GPRS,Model Town
923001110001,923009998883,923001110001,410019778065429,35678901910901,2026-04-18 15:42:06,2026-04-18 15:42:06,INCOMING,3348179,3149,532,CELL-ARP-08,31.520661,74.404314,GPRS,Airport Road
923331234567,923009998883,923331234567,410013138383140,35678901228066,2026-04-15 21:10:24,2026-04-15 21:10:24,INCOMING,0,3333,356,CELL-GLB-01,31.518964,74.359337,SMS,Gulberg
923001110001,923009998888,923001110001,410017836431736,35678901722787,2026-04-21 10:33:00,2026-04-21 10:33:00,INCOMING,3598188,2163,607,CELL-MT-03,31.481445,74.321189,GPRS,Model Town
923451112233,923009998881,923451112233,410016384311307,35678901335868,2026-04-15 21:20:47,2026-04-15 21:20:47,INCOMING,0,4072,658,CELL-MT-03,31.484888,74.321628,SMS,Model Town
923331234567,923009998886,923331234567,410011350678487,35678901997425,2026-04-21 10:47:50,2026-04-21 10:59:53,INCOMING,0,6219,975,CELL-ARP-08,31.521706,74.405177,CALL,Airport Road
923001110003,923001110003,923009998883,410014663378722,35678901521836,2026-04-13 02:48:12,2026-04-13 02:48:12,OUTGOING,4543734,3565,686,CELL-DHA-05,31.470663,74.410831,GPRS,DHA Phase 5
923001110001,923001110001,923009998887,410013359349651,35678901513466,2026-04-13 02:52:14,2026-04-13 02:52:14,OUTGOING,5311117,7856,797,CELL-GLB-01,31.51986,74.359123,GPRS,Gulberg
923001110003,923001110003,923009998887,410012997145624,35678901553647,2026-04-18 16:24:50,2026-04-18 16:24:50,OUTGOING,4631104,8984,527,CELL-MT-03,31.482628,74.322842,GPRS,Model Town
923001110001,923009998883,923001110001,410012847501609,35678901967001,2026-04-10 08:15:01,2026-04-10 08:15:01,INCOMING,6814411,1271,195,CELL-DHA-05,31.470278,74.410866,GPRS,DHA Phase 5
923001110002,923001110002,923009998881,410019277185151,35678901830090,2026-04-15 21:50:33,2026-04-15 21:50:33,OUTGOING,2890847,6187,250,CELL-LB-02,31.510695,74.342458,GPRS,Liberty Market
923001110002,923001110002,923009998888,410014429329171,35678901733662,2026-04-21 11:29:34,2026-04-21 11:40:22,OUTGOING,0,7948,897,CELL-MT-03,31.482902,74.323598,VOLTE,Model Town
923001110002,923009998887,923001110002,410014099291463,35678901652509,2026-04-10 08:24:01,2026-04-10 08:24:01,INCOMING,4030266,5526,230,CELL-MT-03,31.482692,74.321766,GPRS,Model Town
923461678183,923461678183,923009998887,410016596363744,35678901967934,2026-04-18 16:54:30,2026-04-18 16:54:30,OUTGOING,4441410,2275,242,CELL-DHA-05,31.470147,74.409261,GPRS,DHA Phase 5
923331234567,923331234567,923009998883,410016200882292,35678901184165,2026-04-07 13:40:24,2026-04-07 13:40:24,OUTGOING,0,5872,851,CELL-GLB-01,31.522285,74.35982,SMS,Gulberg
923451112233,923009998888,923451112233,410012954011476,35678901278038,2026-04-13 03:24:23,2026-04-13 03:53:57,INCOMING,0,9579,372,CELL-ARP-08,31.523509,74.40335,VOLTE,Airport Road
923461678183,923461678183,923009998887,410011857675669,35678901313013,2026-04-13 03:28:32,2026-04-13 03:28:32,OUTGOING,6843635,5468,868,CELL-GLB-01,31.51913,74.359798,GPRS,Gulberg
923331234567,923331234567,923009998881,410014341029410,35678901925273,2026-04-18 17:18:57,2026-04-18 17:18:57,OUTGOING,5389836,5213,275,CELL-ARP-08,31.519858,74.404206,GPRS,Airport Road
923331234567,923331234567,923009998881,410019949733831,35678901432182,2026-04-18 17:24:45,2026-04-18 17:24:45,OUTGOING,452269,6489,248,CELL-LB-02,31.511868,74.342303,GPRS,Liberty Market
923451112233,923009998881,923451112233,410014393485419,35678901660079,2026-04-10 08:45:14,2026-04-10 08:45:14,INCOMING,860305,1247,337,CELL-LB-02,31.508243,74.345518,GPRS,Liberty Market
923001110002,923001110002,923009998881,410019609196510,35678901408665,2026-04-21 12:32:44,2026-04-21 12:32:44,OUTGOING,7539052,5602,303,CELL-DHA-05,31.468819,74.410262,GPRS,DHA Phase 5
923451112233,923009998886,923451112233,410011216050197,35678901848150,2026-04-18 17:42:34,2026-04-18 17:58:13,INCOMING,0,5308,586,CELL-MT-03,31.483086,74.322892,CALL,Model Town
923451112233,923451112233,923009998886,410016781116649,35678901978221,2026-04-07 13:56:36,2026-04-07 14:19:10,OUTGOING,0,4242,169,CELL-DHA-05,31.470852,74.410077,CALL,DHA Phase 5
923451112233,923451112233,923009998884,410012703199661,35678901466338,2026-04-07 13:58:31,2026-04-07 13:58:31,OUTGOING,7152568,1428,192,CELL-MT-03,31.481932,74.321795,GPRS,Model Town
923331234567,923331234567,923009998883,410016634829498,35678901260996,2026-04-07 14:00:02,2026-04-07 14:00:02,OUTGOING,1122139,2288,572,CELL-LB-02,31.511309,74.344269,GPRS,Liberty Market
923001110002,923001110002,923009998885,410014192033952,35678901158859,2026-04-18 18:06:30,2026-04-18 18:06:30,OUTGOING,2489409,1735,385,CELL-GLB-01,31.522149,74.357852,GPRS,Gulberg
923451112233,923009998884,923451112233,410013370053037,35678901961618,2026-04-10 09:06:27,2026-04-10 09:06:27,INCOMING,7747926,7222,509,CELL-ARP-08,31.52127,74.402042,GPRS,Airport Road
923331234567,923009998881,923331234567,410014856300409,35678901742594,2026-04-13 04:12:50,2026-04-13 04:33:32,INCOMING,0,8584,823,CELL-LB-02,31.511296,74.344834,CALL,Liberty Market
923001110003,923009998882,923001110003,410018722972382,35678901989377,2026-04-04 19:04:12,2026-04-04 19:04:12,INCOMING,4247028,5327,800,CELL-MT-03,31.481829,74.321893,GPRS,Model Town
923001110001,923001110001,923009998881,410011476587184,35678901197933,2026-04-10 09:15:12,2026-04-10 09:15:12,OUTGOING,7055668,3038,133,CELL-MT-03,31.484123,74.321858,GPRS,Model Town
923331234567,923009998886,923331234567,410015197338760,35678901236415,2026-04-18 18:36:05,2026-04-18 18:59:54,INCOMING,0,5399,654,CELL-ARP-08,31.521578,74.402909,CALL,Airport Road
923451112233,923009998886,923451112233,410015255069071,35678901540608,2026-04-18 18:42:52,2026-04-18 18:42:52,INCOMING,2938957,4046,264,CELL-MT-03,31.484136,74.321619,GPRS,Model Town
923331234567,923331234567,923009998888,410018295048792,35678901928172,2026-04-07 14:16:00,2026-04-07 14:38:18,OUTGOING,0,5179,290,CELL-MT-03,31.484523,74.321889,VOLTE,Model Town
923331234567,923331234567,923009998887,410019912369016,35678901101548,2026-04-18 18:54:22,2026-04-18 19:07:38,OUTGOING,0,4455,319,CELL-GLB-01,31.518587,74.358751,CALL,Gulberg
923001110003,923001110003,923009998888,410014659044130,35678901532418,2026-04-18 19:00:59,2026-04-18 19:00:59,OUTGOING,3460761,7542,756,CELL-DHA-05,31.468298,74.409876,GPRS,DHA Phase 5
923001110001,923001110001,923009998884,410018364429450,35678901211755,2026-04-07 14:22:14,2026-04-07 14:34:48,OUTGOING,0,2005,500,CELL-MT-03,31.484701,74.32295,VOLTE,Model Town
923001110001,923001110001,923009998887,410015541242964,35678901724116,2026-04-04 19:12:10,2026-04-04 19:12:10,OUTGOING,1086986,1835,986,CELL-DHA-05,31.46868,74.408176,GPRS,DHA Phase 5
923001110003,923001110003,923009998883,410016372406970,35678901709072,2026-04-10 09:39:38,2026-04-10 09:52:59,OUTGOING,0,8965,570,CELL-GLB-01,31.522312,74.358517,CALL,Gulberg
923001110002,923009998885,923001110002,410018288500897,35678901789609,2026-04-10 09:42:00,2026-04-10 09:48:24,INCOMING,0,5007,411,CELL-ARP-08,31.523533,74.405521,VOLTE,Airport Road
923001110001,923001110001,923009998882,410013372262849,35678901118241,2026-04-16 00:15:19,2026-04-16 00:30:38,OUTGOING,0,1696,816,CELL-GLB-01,31.520656,74.359331,CALL,Gulberg
923331234567,923331234567,923009998884,410016538851156,35678901324197,2026-04-04 19:16:09,2026-04-04 19:16:09,OUTGOING,3195560,7500,737,CELL-LB-02,31.51059,74.345153,GPRS,Liberty Market
923451112233,923451112233,923009998887,410018111670150,35678901977457,2026-04-10 09:51:25,2026-04-10 09:51:25,OUTGOING,3304606,2225,564,CELL-MT-03,31.483605,74.322344,GPRS,Model Town
923331234567,923009998882,923331234567,410018567599900,35678901691541,2026-04-13 05:12:12,2026-04-13 05:12:12,INCOMING,5476254,2311,253,CELL-MT-03,31.483123,74.322568,GPRS,Model Town
923001110002,923001110002,923009998882,410018230615553,35678901107053,2026-04-07 14:38:18,2026-04-07 14:38:18,OUTGOING,0,7239,785,CELL-ARP-08,31.52356,74.401842,SMS,Airport Road
923461678183,923009998886,923461678183,410017922833528,35678901614785,2026-04-04 19:20:59,2026-04-04 19:20:59,INCOMING,3008743,9324,238,CELL-LB-02,31.511003,74.34342,GPRS,Liberty Market
923001110003,923009998884,923001110003,410014415067901,35678901180825,2026-04-16 00:45:56,2026-04-16 00:45:56,INCOMING,6904892,3976,789,CELL-LB-02,31.509318,74.344057,GPRS,Liberty Market
923001110001,923001110001,923009998882,410014983518075,35678901873437,2026-04-16 00:50:57,2026-04-16 00:54:49,OUTGOING,0,4961,643,CELL-MT-03,31.484905,74.324461,VOLTE,Model Town
923451112233,923451112233,923009998886,410014298385438,35678901383557,2026-04-10 10:09:34,2026-04-10 10:20:21,OUTGOING,0,4432,249,CELL-MT-03,31.484261,74.321488,CALL,Model Town
923331234567,923009998882,923331234567,410013637366499,35678901141357,2026-04-07 14:48:13,2026-04-07 15:11:25,INCOMING,0,1360,105,CELL-LB-02,31.509268,74.34437,VOLTE,Liberty Market
923331234567,923009998881,923331234567,410017537520321,35678901787399,2026-04-18 20:30:40,2026-04-18 20:50:46,INCOMING,0,5272,550,CELL-DHA-05,31.470299,74.411668,CALL,DHA Phase 5
923001110003,923001110003,923009998882,410017185386002,35678901196356,2026-04-13 05:44:53,2026-04-13 05:44:53,OUTGOING,3722615,6916,999,CELL-LB-02,31.511955,74.344347,GPRS,Liberty Market
923001110003,923009998883,923001110003,410012150402584,35678901476203,2026-04-21 16:09:59,2026-04-21 16:22:20,INCOMING,0,4963,104,CELL-MT-03,31.48357,74.322753,CALL,Model Town
923461678183,923009998885,923461678183,410014042837518,35678901246103,2026-04-07 14:56:14,2026-04-07 15:13:03,INCOMING,0,1308,509,CELL-GLB-01,31.519746,74.36061,CALL,Gulberg
923331234567,923331234567,923009998885,410016481011292,35678901976866,2026-04-04 19:29:56,2026-04-04 19:29:56,OUTGOING,3664896,6144,899,CELL-ARP-08,31.523165,74.403197,GPRS,Airport Road
923331234567,923331234567,923009998886,410015803133464,35678901751596,2026-04-18 21:00:44,2026-04-18 21:00:44,OUTGOING,1349488,7840,612,CELL-MT-03,31.48364,74.32258,GPRS,Model Town
923001110003,923009998884,923001110003,410013218311421,35678901274704,2026-04-16 01:35:14,2026-04-16 01:35:14,INCOMING,1670121,1716,344,CELL-ARP-08,31.521733,74.404922,GPRS,Airport Road
923001110003,923009998887,923001110003,410012945850657,35678901716298,2026-04-10 10:36:08,2026-04-10 10:36:08,INCOMING,0,6612,508,CELL-GLB-01,31.52082,74.358662,SMS,Gulberg
923001110001,923001110001,923009998884,410013945222546,35678901592063,2026-04-21 16:51:04,2026-04-21 16:51:04,OUTGOING,0,7559,909,CELL-ARP-08,31.520581,74.404554,SMS,Airport Road
923001110003,923001110003,923009998886,410014158170469,35678901784290,2026-04-13 06:16:38,2026-04-13 06:30:37,OUTGOING,0,9271,828,CELL-DHA-05,31.471558,74.408176,CALL,DHA Phase 5
923331234567,923009998886,923331234567,410018000541032,35678901770844,2026-04-16 01:55:40,2026-04-16 01:55:40,INCOMING,0,9156,120,CELL-DHA-05,31.468818,74.410132,SMS,DHA Phase 5
923001110002,923001110002,923009998885,410016777388655,35678901609553,2026-04-16 02:00:03,2026-04-16 02:00:03,OUTGOING,291807,9240,166,CELL-DHA-05,31.468796,74.411237,GPRS,DHA Phase 5
923001110001,923009998887,923001110001,410013421663154,35678901384936,2026-04-16 02:05:38,2026-04-16 02:05:38,INCOMING,2688172,2312,523,CELL-GLB-01,31.521312,74.360365,GPRS,Gulberg
923001110003,923009998882,923001110003,410015925028777,35678901524666,2026-04-21 17:26:30,2026-04-21 17:26:30,INCOMING,706687,8027,672,CELL-DHA-05,31.471473,74.409457,GPRS,DHA Phase 5
923001110002,923009998888,923001110002,410019128954260,35678901542109,2026-04-07 15:18:12,2026-04-07 15:18:12,INCOMING,3874634,1472,595,CELL-LB-02,31.510817,74.34416,GPRS,Liberty Market
923001110003,923001110003,923009998885,410018338229908,35678901269780,2026-04-10 11:00:39,2026-04-10 11:15:24,OUTGOING,0,6287,528,CELL-ARP-08,31.523119,74.403446,CALL,Airport Road
923331234567,923009998888,923331234567,410011091462877,35678901283814,2026-04-10 11:03:02,2026-04-10 11:30:12,INCOMING,0,7897,436,CELL-GLB-01,31.520897,74.359369,VOLTE,Gulberg
923331234567,923009998888,923331234567,410014554331355,35678901700538,2026-04-04 19:42:15,2026-04-04 19:42:15,INCOMING,1814060,5144,369,CELL-DHA-05,31.469962,74.407717,GPRS,DHA Phase 5
923001110001,923009998885,923001110001,410019657800928,35678901337124,2026-04-13 06:52:17,2026-04-13 06:52:17,INCOMING,2658559,4542,861,CELL-LB-02,31.511819,74.343947,GPRS,Liberty Market
923451112233,923451112233,923009998886,410014426520118,35678901551127,2026-04-16 02:40:44,2026-04-16 02:40:44,OUTGOING,5754567,1933,979,CELL-LB-02,31.508977,74.343489,GPRS,Liberty Market
923461678183,923461678183,923009998886,410015095185970,35678901824289,2026-04-07 15:30:06,2026-04-07 15:30:06,OUTGOING,2478008,8505,250,CELL-DHA-05,31.471647,74.408584,GPRS,DHA Phase 5
923451112233,923009998881,923451112233,410013828222790,35678901203123,2026-04-13 07:04:41,2026-04-13 07:04:41,INCOMING,4797509,4666,648,CELL-GLB-01,31.52137,74.358878,GPRS,Gulberg
923001110003,923001110003,923009998884,410011382237505,35678901332423,2026-04-18 22:42:52,2026-04-18 22:42:52,OUTGOING,2660221,2742,628,CELL-LB-02,31.511285,74.345548,GPRS,Liberty Market
923331234567,923331234567,923009998886,410016870154135,35678901448217,2026-04-10 11:24:37,2026-04-10 11:24:37,OUTGOING,4990677,1864,359,CELL-DHA-05,31.46987,74.411454,GPRS,DHA Phase 5
923461678183,923461678183,923009998887,410016281607159,35678901542792,2026-04-10 11:27:06,2026-04-10 11:27:06,OUTGOING,680904,5295,407,CELL-MT-03,31.482114,74.321319,GPRS,Model Town
923451112233,923451112233,923009998881,410014108204110,35678901842060,2026-04-13 07:20:14,2026-04-13 07:20:14,OUTGOING,7101416,1371,515,CELL-LB-02,31.509598,74.343902,GPRS,Liberty Market
923001110003,923009998886,923001110003,410015496170396,35678901635466,2026-04-04 19:51:13,2026-04-04 19:51:13,INCOMING,4108881,3992,414,CELL-ARP-08,31.52261,74.402296,GPRS,Airport Road
923331234567,923009998887,923331234567,410015816368804,35678901774837,2026-04-13 07:28:49,2026-04-13 07:28:49,INCOMING,5497138,7109,676,CELL-ARP-08,31.519995,74.404776,GPRS,Airport Road
923001110003,923009998888,923001110003,410018239992110,35678901991078,2026-04-07 15:46:52,2026-04-07 15:46:52,INCOMING,506709,3174,591,CELL-GLB-01,31.519051,74.358516,GPRS,Gulberg
923331234567,923331234567,923009998887,410013347483955,35678901362189,2026-04-13 07:36:34,2026-04-13 07:36:34,OUTGOING,1988029,2405,924,CELL-ARP-08,31.520715,74.403715,GPRS,Airport Road
923451112233,923451112233,923009998887,410019405187019,35678901637310,2026-04-18 23:30:09,2026-04-18 23:30:09,OUTGOING,3402834,7243,352,CELL-MT-03,31.483364,74.323061,GPRS,Model Town
923001110001,923001110001,923009998888,410018277822513,35678901288456,2026-04-13 07:44:49,2026-04-13 07:44:49,OUTGOING,4927910,6152,841,CELL-GLB-01,31.522292,74.359527,GPRS,Gulberg
923461678183,923461678183,923009998884,410011984072488,35678901530638,2026-04-04 19:57:35,2026-04-04 19:57:35,OUTGOING,3249616,1081,252,CELL-MT-03,31.482359,74.32456,GPRS,Model Town
923451112233,923451112233,923009998885,410017197735224,35678901218135,2026-04-16 03:50:46,2026-04-16 03:50:46,OUTGOING,3931627,5140,168,CELL-GLB-01,31.521323,74.358117,GPRS,Gulberg
923001110003,923009998883,923001110003,410019140047938,35678901354245,2026-04-21 19:53:55,2026-04-21 19:53:55,INCOMING,1627517,3955,833,CELL-LB-02,31.510706,74.344575,GPRS,Liberty Market
923001110001,923009998887,923001110001,410015944085490,35678901181135,2026-04-21 20:00:31,2026-04-21 20:00:31,INCOMING,2320228,1173,891,CELL-MT-03,31.483229,74.322,GPRS,Model Town
923451112233,923451112233,923009998887,410018258452919,35678901326360,2026-04-19 00:06:48,2026-04-19 00:06:48,OUTGOING,0,9472,701,CELL-LB-02,31.511758,74.345539,SMS,Liberty Market
923461678183,923009998883,923461678183,410012264233387,35678901140858,2026-04-19 00:12:52,2026-04-19 00:12:52,INCOMING,3092284,7644,164,CELL-DHA-05,31.470081,74.409151,GPRS,DHA Phase 5
923451112233,923009998884,923451112233,410016047742125,35678901322249,2026-04-10 12:09:28,2026-04-10 12:14:20,INCOMING,0,2021,386,CELL-MT-03,31.481314,74.323933,VOLTE,Model Town
923451112233,923009998882,923451112233,410018166500728,35678901261823,2026-04-07 16:08:15,2026-04-07 16:08:15,INCOMING,0,4276,636,CELL-MT-03,31.484232,74.324035,SMS,Model Town
923001110002,923009998883,923001110002,410019520799363,35678901389805,2026-04-21 20:35:42,2026-04-21 20:35:42,INCOMING,3259840,1027,993,CELL-DHA-05,31.470821,74.410505,GPRS,DHA Phase 5
923331234567,923331234567,923009998887,410011041276754,35678901515370,2026-04-16 04:30:08,2026-04-16 04:30:08,OUTGOING,2456922,5431,213,CELL-ARP-08,31.520018,74.402014,GPRS,Airport Road
923001110003,923001110003,923009998881,410013586438808,35678901194683,2026-04-10 12:21:34,2026-04-10 12:21:34,OUTGOING,0,2074,505,CELL-DHA-05,31.469349,74.411574,SMS,DHA Phase 5
923001110001,923001110001,923009998888,410015036247646,35678901284719,2026-04-16 04:40:10,2026-04-16 04:40:10,OUTGOING,4107532,2724,165,CELL-ARP-08,31.521845,74.401739,GPRS,Airport Road
923001110001,923001110001,923009998883,410011390220005,35678901258946,2026-04-04 20:09:36,2026-04-04 20:09:36,OUTGOING,1015293,9112,101,CELL-DHA-05,31.470326,74.409063,GPRS,DHA Phase 5
923001110002,923009998887,923001110002,410013570501852,35678901780342,2026-04-19 01:00:08,2026-04-19 01:07:09,INCOMING,0,5323,706,CELL-MT-03,31.484187,74.321376,VOLTE,Model Town
923001110003,923009998881,923001110003,410012379690253,35678901724800,2026-04-16 04:55:41,2026-04-16 04:55:41,INCOMING,0,6930,343,CELL-LB-02,31.508595,74.344904,CALL,Liberty Market
923001110003,923001110003,923009998885,410017377367817,35678901793592,2026-04-13 08:48:00,2026-04-13 08:48:00,OUTGOING,2602633,4716,140,CELL-DHA-05,31.467828,74.409137,GPRS,DHA Phase 5
923001110003,923001110003,923009998885,410014754718357,35678901416780,2026-04-19 01:18:36,2026-04-19 01:47:21,OUTGOING,0,6820,580,CELL-MT-03,31.481337,74.321452,VOLTE,Model Town
923001110002,923009998883,923001110002,410015044122971,35678901277590,2026-04-21 21:38:47,2026-04-21 21:38:47,INCOMING,1606472,6614,320,CELL-GLB-01,31.519731,74.357886,GPRS,Gulberg
923001110001,923001110001,923009998882,410019982395560,35678901734008,2026-04-07 16:30:08,2026-04-07 16:30:08,OUTGOING,6239796,6840,949,CELL-LB-02,31.508248,74.343595,GPRS,Liberty Market
923451112233,923451112233,923009998888,410018976256597,35678901992386,2026-04-10 12:48:34,2026-04-10 12:48:34,OUTGOING,4506820,1762,225,CELL-LB-02,31.509131,74.344962,GPRS,Liberty Market
923001110003,923001110003,923009998884,410018351019613,35678901769462,2026-04-13 09:08:21,2026-04-13 09:08:21,OUTGOING,5549505,2954,110,CELL-DHA-05,31.468917,74.410289,GPRS,DHA Phase 5
923001110002,923001110002,923009998888,410014281261116,35678901879632,2026-04-07 16:36:36,2026-04-07 16:36:36,OUTGOING,6390460,3045,617,CELL-LB-02,31.508462,74.342346,GPRS,Liberty Market
923451112233,923009998882,923451112233,410011212518534,35678901274453,2026-04-19 01:54:34,2026-04-19 01:54:34,INCOMING,2548777,3922,914,CELL-MT-03,31.485145,74.32455,GPRS,Model Town
923001110002,923001110002,923009998884,410015400812479,35678901935914,2026-04-10 13:00:34,2026-04-10 13:02:21,OUTGOING,0,6627,373,CELL-GLB-01,31.519882,74.359576,CALL,Gulberg
923461678183,923461678183,923009998886,410011253614936,35678901719690,2026-04-19 02:06:30,2026-04-19 02:30:12,OUTGOING,0,7960,691,CELL-ARP-08,31.5212,74.405143,VOLTE,Airport Road
923451112233,923009998884,923451112233,410014192664292,35678901880485,2026-04-21 22:34:41,2026-04-21 22:34:41,INCOMING,1849938,7220,873,CELL-GLB-01,31.522057,74.358687,GPRS,Gulberg
923451112233,923009998884,923451112233,410013425072149,35678901461194,2026-04-21 22:41:47,2026-04-21 22:46:44,INCOMING,0,9074,844,CELL-ARP-08,31.521944,74.402316,VOLTE,Airport Road
923331234567,923009998887,923331234567,410018291235154,35678901263748,2026-04-16 06:00:31,2026-04-16 06:00:31,INCOMING,0,2291,554,CELL-ARP-08,31.520961,74.402007,SMS,Airport Road
923461678183,923461678183,923009998882,410016058704687,35678901718641,2026-04-13 09:40:07,2026-04-13 09:40:07,OUTGOING,3682403,9348,881,CELL-MT-03,31.483449,74.324843,GPRS,Model Town
923001110003,923009998883,923001110003,410011683503586,35678901504935,2026-04-07 16:52:56,2026-04-07 16:52:56,INCOMING,165463,5510,264,CELL-DHA-05,31.47154,74.409712,GPRS,DHA Phase 5
923461678183,923461678183,923009998886,410011564782824,35678901166486,2026-04-19 02:42:37,2026-04-19 02:42:37,OUTGOING,7177690,9004,149,CELL-DHA-05,31.467841,74.407956,GPRS,DHA Phase 5
923001110001,923001110001,923009998887,410019694629149,35678901985087,2026-04-13 09:52:49,2026-04-13 09:52:49,OUTGOING,6589124,5122,818,CELL-MT-03,31.484583,74.321363,GPRS,Model Town
923001110002,923001110002,923009998887,410013810066702,35678901263053,2026-04-16 06:25:42,2026-04-16 06:27:07,OUTGOING,0,8979,618,CELL-GLB-01,31.520309,74.358333,CALL,Gulberg
923001110003,923009998886,923001110003,410019927653659,35678901848373,2026-04-16 06:30:10,2026-04-16 06:30:10,INCOMING,1711699,4280,604,CELL-MT-03,31.482571,74.320967,GPRS,Model Town
923001110001,923001110001,923009998887,410014664531003,35678901546585,2026-04-13 10:04:39,2026-04-13 10:16:35,OUTGOING,0,4258,254,CELL-MT-03,31.482003,74.323935,CALL,Model Town
923331234567,923009998888,923331234567,410015748642620,35678901331681,2026-04-07 17:04:27,2026-04-07 17:04:27,INCOMING,3014090,9382,561,CELL-LB-02,31.509919,74.34289,GPRS,Liberty Market
923451112233,923009998881,923451112233,410019310277296,35678901178800,2026-04-13 10:12:12,2026-04-13 10:12:12,INCOMING,5835832,7484,247,CELL-MT-03,31.484396,74.322659,GPRS,Model Town
923331234567,923331234567,923009998884,410019376282780,35678901128574,2026-04-07 17:08:47,2026-04-07 17:08:47,OUTGOING,7945583,6028,807,CELL-MT-03,31.483636,74.324861,GPRS,Model Town
923331234567,923331234567,923009998887,410017327797708,35678901731539,2026-04-07 17:10:43,2026-04-07 17:29:17,OUTGOING,0,6486,813,CELL-ARP-08,31.520058,74.404573,CALL,Airport Road
923451112233,923009998888,923451112233,410011561272011,35678901628580,2026-04-16 07:00:48,2026-04-16 07:00:48,INCOMING,7013777,5338,320,CELL-LB-02,31.508632,74.343782,GPRS,Liberty Market
923001110003,923001110003,923009998884,410018475202033,35678901306613,2026-04-04 20:37:52,2026-04-04 20:37:52,OUTGOING,0,7602,399,CELL-MT-03,31.483558,74.324397,SMS,Model Town
923331234567,923009998881,923331234567,410019603626113,35678901466187,2026-04-13 10:32:19,2026-04-13 10:32:19,INCOMING,0,9899,904,CELL-GLB-01,31.519752,74.359802,SMS,Gulberg
923451112233,923451112233,923009998887,410013416495563,35678901167144,2026-04-10 13:57:35,2026-04-10 13:57:35,OUTGOING,0,3845,866,CELL-GLB-01,31.51976,74.357759,SMS,Gulberg
923451112233,923451112233,923009998886,410016869736713,35678901932330,2026-04-22 00:40:31,2026-04-22 00:46:47,OUTGOING,0,7529,194,CELL-ARP-08,31.520169,74.402813,CALL,Airport Road
923451112233,923009998888,923451112233,410013583455803,35678901325383,2026-04-16 07:25:41,2026-04-16 07:25:41,INCOMING,5584817,3352,399,CELL-ARP-08,31.521507,74.404477,GPRS,Airport Road
923461678183,923009998884,923461678183,410015813560750,35678901915235,2026-04-04 20:42:41,2026-04-04 20:43:49,INCOMING,0,7558,851,CELL-LB-02,31.510746,74.342348,VOLTE,Liberty Market
923001110003,923001110003,923009998888,410016593611742,35678901350436,2026-04-22 01:01:44,2026-04-22 01:01:44,OUTGOING,7944550,8558,141,CELL-LB-02,31.510798,74.345602,GPRS,Liberty Market
923001110001,923009998881,923001110001,410019886522541,35678901999357,2026-04-22 01:08:03,2026-04-22 01:08:03,INCOMING,7111003,3069,116,CELL-DHA-05,31.47163,74.410831,GPRS,DHA Phase 5
923001110001,923001110001,923009998886,410016121095461,35678901964073,2026-04-10 14:15:14,2026-04-10 14:23:37,OUTGOING,0,9907,347,CELL-MT-03,31.484345,74.322052,CALL,Model Town
923001110002,923009998886,923001110002,410015638364823,35678901766731,2026-04-16 07:50:43,2026-04-16 07:50:43,INCOMING,992220,3525,709,CELL-GLB-01,31.520564,74.357443,GPRS,Gulberg
923331234567,923331234567,923009998881,410016478815712,35678901310251,2026-04-13 11:08:05,2026-04-13 11:08:05,OUTGOING,3891529,8878,559,CELL-LB-02,31.508747,74.343784,GPRS,Liberty Market
923001110003,923009998882,923001110003,410018277064470,35678901646100,2026-04-07 17:36:15,2026-04-07 17:36:15,INCOMING,4511455,2865,943,CELL-MT-03,31.484225,74.32488,GPRS,Model Town
923451112233,923009998886,923451112233,410014952556315,35678901891955,2026-04-16 08:05:15,2026-04-16 08:05:15,INCOMING,2539058,1922,189,CELL-ARP-08,31.520294,74.40479,GPRS,Airport Road
923001110003,923001110003,923009998887,410018382476407,35678901384267,2026-04-04 20:50:40,2026-04-04 20:50:40,OUTGOING,5452291,9092,472,CELL-DHA-05,31.46931,74.410283,GPRS,DHA Phase 5
923001110002,923001110002,923009998884,410018877951165,35678901199482,2026-04-07 17:42:01,2026-04-07 17:42:01,OUTGOING,6195918,4948,675,CELL-GLB-01,31.519372,74.357629,GPRS,Gulberg
923001110003,923001110003,923009998887,410014440310872,35678901166890,2026-04-16 08:20:54,2026-04-16 08:20:54,OUTGOING,1567100,3152,821,CELL-LB-02,31.509108,74.342681,GPRS,Liberty Market
923001110003,923009998882,923001110003,410018094372554,35678901395752,2026-04-07 17:46:09,2026-04-07 17:46:09,INCOMING,2181859,7581,742,CELL-DHA-05,31.4684,74.409773,GPRS,DHA Phase 5
923461678183,923461678183,923009998885,410018000614785,35678901720925,2026-04-22 02:18:23,2026-04-22 02:18:23,OUTGOING,4294705,4126,376,CELL-MT-03,31.483573,74.321974,GPRS,Model Town
923001110002,923009998888,923001110002,410013053678518,35678901495924,2026-04-10 14:45:29,2026-04-10 15:08:24,INCOMING,0,7617,901,CELL-GLB-01,31.521586,74.359807,CALL,Gulberg
923451112233,923451112233,923009998882,410018276422893,35678901716924,2026-04-13 11:44:46,2026-04-13 11:44:46,OUTGOING,2387561,7971,918,CELL-LB-02,31.509579,74.342409,GPRS,Liberty Market
923001110001,923009998883,923001110001,410014718621474,35678901997451,2026-04-16 08:45:40,2026-04-16 08:45:40,INCOMING,5023886,4035,221,CELL-ARP-08,31.522614,74.404461,GPRS,Airport Road
923461678183,923461678183,923009998886,410019091388242,35678901278970,2026-04-16 08:50:09,2026-04-16 08:50:09,OUTGOING,1817597,1767,531,CELL-MT-03,31.483564,74.321706,GPRS,Model Town
923461678183,923009998887,923461678183,410014108475495,35678901752968,2026-04-13 11:56:03,2026-04-13 12:19:28,INCOMING,0,7263,557,CELL-MT-03,31.483961,74.324026,VOLTE,Model Town
923331234567,923331234567,923009998881,410016943026878,35678901496036,2026-04-16 09:00:17,2026-04-16 09:00:17,OUTGOING,0,5482,262,CELL-DHA-05,31.468545,74.408116,SMS,DHA Phase 5
923331234567,923009998882,923331234567,410013274637293,35678901854604,2026-04-10 15:03:09,2026-04-10 15:10:00,INCOMING,0,7623,826,CELL-GLB-01,31.518687,74.358001,CALL,Gulberg
923451112233,923451112233,923009998886,410015471474724,35678901352679,2026-04-07 18:04:00,2026-04-07 18:33:08,OUTGOING,0,5792,125,CELL-LB-02,31.508338,74.344706,VOLTE,Liberty Market
923001110001,923009998888,923001110001,410014248142037,35678901157864,2026-04-13 12:12:47,2026-04-13 12:12:47,INCOMING,0,7956,142,CELL-LB-02,31.510262,74.342716,SMS,Liberty Market
923001110002,923001110002,923009998884,410016385984699,35678901795829,2026-04-13 12:16:04,2026-04-13 12:22:35,OUTGOING,0,8815,130,CELL-DHA-05,31.470027,74.408332,CALL,DHA Phase 5
923461678183,923009998884,923461678183,410018880718581,35678901338779,2026-04-22 03:35:45,2026-04-22 03:35:45,INCOMING,6106029,5206,324,CELL-DHA-05,31.470482,74.410631,GPRS,DHA Phase 5
923461678183,923009998883,923461678183,410014159404919,35678901320678,2026-04-04 21:06:12,2026-04-04 21:06:12,INCOMING,0,4941,253,CELL-GLB-01,31.519599,74.357436,SMS,Gulberg
923451112233,923009998881,923451112233,410011892442377,35678901540036,2026-04-16 09:35:41,2026-04-16 09:35:41,INCOMING,0,4905,579,CELL-MT-03,31.484057,74.322567,CALL,Model Town
923001110002,923009998881,923001110002,410011072814694,35678901120765,2026-04-10 15:24:23,2026-04-10 15:46:07,INCOMING,0,8782,887,CELL-ARP-08,31.520264,74.405086,CALL,Airport Road
923451112233,923451112233,923009998881,410015817306615,35678901167600,2026-04-16 09:45:23,2026-04-16 09:45:23,OUTGOING,0,1589,104,CELL-ARP-08,31.520036,74.402254,SMS,Airport Road
923461678183,923461678183,923009998884,410011654582847,35678901769298,2026-04-10 15:30:48,2026-04-10 15:30:48,OUTGOING,4829007,4389,464,CELL-DHA-05,31.471158,74.4116,GPRS,DHA Phase 5
923001110001,923009998881,923001110001,410012293339228,35678901862015,2026-04-10 15:33:06,2026-04-10 16:00:40,INCOMING,0,1152,917,CELL-DHA-05,31.470058,74.411057,VOLTE,DHA Phase 5
923451112233,923451112233,923009998885,410015019091434,35678901620011,2026-04-16 10:00:29,2026-04-16 10:00:29,OUTGOING,4571948,1542,410,CELL-ARP-08,31.523492,74.40243,GPRS,Airport Road
923001110001,923009998888,923001110001,410012914637743,35678901856953,2026-04-04 21:13:22,2026-04-04 21:13:22,INCOMING,1600134,7082,982,CELL-MT-03,31.48163,74.322567,GPRS,Model Town
923001110002,923001110002,923009998887,410013154880668,35678901418090,2026-04-13 12:56:38,2026-04-13 12:56:38,OUTGOING,0,4065,886,CELL-GLB-01,31.519076,74.360317,CALL,Gulberg
923331234567,923009998886,923331234567,410016342111223,35678901140913,2026-04-19 07:30:42,2026-04-19 07:30:42,INCOMING,0,7769,636,CELL-DHA-05,31.468947,74.410345,SMS,DHA Phase 5
923001110002,923009998888,923001110002,410011850045858,35678901265277,2026-04-19 07:36:14,2026-04-19 07:36:14,INCOMING,276973,7775,884,CELL-GLB-01,31.521332,74.357299,GPRS,Gulberg
923451112233,923451112233,923009998882,410019664658935,35678901855944,2026-04-16 10:25:03,2026-04-16 10:51:59,OUTGOING,0,7841,520,CELL-DHA-05,31.47034,74.40867,CALL,DHA Phase 5
923001110002,923001110002,923009998881,410018549602997,35678901160966,2026-04-04 21:18:00,2026-04-04 21:18:00,OUTGOING,1142122,7403,560,CELL-ARP-08,31.52338,74.403964,GPRS,Airport Road
923451112233,923009998882,923451112233,410019828077624,35678901237000,2026-04-13 13:16:01,2026-04-13 13:16:01,INCOMING,7677867,8490,688,CELL-DHA-05,31.468015,74.411386,GPRS,DHA Phase 5
923331234567,923009998884,923331234567,410016192826150,35678901223092,2026-04-16 10:40:05,2026-04-16 10:40:05,INCOMING,7118022,1192,960,CELL-DHA-05,31.470597,74.409079,GPRS,DHA Phase 5
923331234567,923009998881,923331234567,410012497179584,35678901174839,2026-04-10 16:03:22,2026-04-10 16:03:22,INCOMING,0,3518,553,CELL-DHA-05,31.47168,74.408592,SMS,DHA Phase 5
923451112233,923451112233,923009998888,410018442977693,35678901716405,2026-04-16 10:50:01,2026-04-16 10:50:01,OUTGOING,7309322,2620,387,CELL-GLB-01,31.518986,74.358327,GPRS,Gulberg
923451112233,923451112233,923009998884,410015510800762,35678901604137,2026-04-07 18:46:32,2026-04-07 18:46:32,OUTGOING,0,7319,466,CELL-DHA-05,31.4707,74.409728,SMS,DHA Phase 5
923451112233,923451112233,923009998884,410015404105375,35678901747073,2026-04-22 05:48:28,2026-04-22 05:48:28,OUTGOING,7282879,8988,260,CELL-DHA-05,31.468019,74.410137,GPRS,DHA Phase 5
923001110003,923009998886,923001110003,410012756352417,35678901609398,2026-04-22 05:55:41,2026-04-22 05:55:41,INCOMING,4776633,1919,451,CELL-ARP-08,31.520409,74.402857,GPRS,Airport Road
923451112233,923451112233,923009998888,410013103217459,35678901534624,2026-04-13 13:44:04,2026-04-13 13:44:04,OUTGOING,0,4109,549,CELL-MT-03,31.483543,74.324207,SMS,Model Town
923461678183,923009998885,923461678183,410014019221359,35678901407461,2026-04-04 21:27:22,2026-04-04 21:27:22,INCOMING,0,8277,823,CELL-LB-02,31.510146,74.345359,SMS,Liberty Market
923451112233,923451112233,923009998881,410011485504133,35678901816267,2026-04-10 16:24:51,2026-04-10 16:24:51,OUTGOING,2170428,2251,402,CELL-GLB-01,31.522015,74.359925,GPRS,Gulberg
923001110001,923001110001,923009998886,410013593348363,35678901973947,2026-04-07 18:58:29,2026-04-07 19:19:54,OUTGOING,0,4837,167,CELL-ARP-08,31.520151,74.402166,CALL,Airport Road
923461678183,923009998887,923461678183,410019987031337,35678901466171,2026-04-13 14:00:56,2026-04-13 14:06:32,INCOMING,0,8191,478,CELL-MT-03,31.484209,74.323185,VOLTE,Model Town
923461678183,923009998888,923461678183,410018158280280,35678901248211,2026-04-19 09:06:27,2026-04-19 09:06:27,INCOMING,4920701,3272,549,CELL-MT-03,31.483567,74.321695,GPRS,Model Town
923461678183,923461678183,923009998881,410012377864890,35678901796882,2026-04-04 21:32:19,2026-04-04 21:32:19,OUTGOING,6834867,1688,854,CELL-ARP-08,31.522623,74.402264,GPRS,Airport Road
923451112233,923451112233,923009998883,410014437689519,35678901162848,2026-04-22 06:51:17,2026-04-22 07:13:20,OUTGOING,0,8587,974,CELL-GLB-01,31.521492,74.359084,CALL,Gulberg
923001110003,923009998888,923001110003,410013361504101,35678901353520,2026-04-07 19:08:40,2026-04-07 19:08:40,INCOMING,3269899,3121,814,CELL-ARP-08,31.521675,74.402367,GPRS,Airport Road
923331234567,923331234567,923009998888,410012521298098,35678901259774,2026-04-10 16:45:50,2026-04-10 16:45:50,OUTGOING,2388073,2906,102,CELL-MT-03,31.48138,74.323036,GPRS,Model Town
923001110002,923009998887,923001110002,410019231488119,35678901244282,2026-04-07 19:12:37,2026-04-07 19:25:07,INCOMING,0,9368,978,CELL-ARP-08,31.520867,74.402231,CALL,Airport Road
923001110002,923009998886,923001110002,410018978429054,35678901888677,2026-04-16 12:05:59,2026-04-16 12:05:59,INCOMING,5148380,7127,304,CELL-DHA-05,31.467909,74.411639,GPRS,DHA Phase 5
923331234567,923009998882,923331234567,410011830083377,35678901889560,2026-04-07 19:16:47,2026-04-07 19:16:47,INCOMING,7141215,6483,424,CELL-LB-02,31.508452,74.34474,GPRS,Liberty Market
923331234567,923331234567,923009998887,410019735652853,35678901788813,2026-04-16 12:15:12,2026-04-16 12:15:12,OUTGOING,0,5752,791,CELL-DHA-05,31.471242,74.409016,SMS,DHA Phase 5
923461678183,923461678183,923009998883,410018715793319,35678901869741,2026-04-16 12:20:01,2026-04-16 12:49:08,OUTGOING,0,6349,470,CELL-GLB-01,31.519914,74.358196,VOLTE,Gulberg
923461678183,923009998886,923461678183,410019627247053,35678901278798,2026-04-16 12:25:38,2026-04-16 12:25:38,INCOMING,0,1717,896,CELL-LB-02,31.510254,74.34238,SMS,Liberty Market
923331234567,923009998886,923331234567,410016858296754,35678901614675,2026-04-22 07:54:08,2026-04-22 07:54:08,INCOMING,0,8265,321,CELL-ARP-08,31.520105,74.404996,SMS,Airport Road
923461678183,923009998887,923461678183,410012725507104,35678901231305,2026-04-04 21:43:59,2026-04-04 21:43:59,INCOMING,1543364,8032,576,CELL-MT-03,31.484662,74.321803,GPRS,Model Town
923451112233,923009998885,923451112233,410017057871951,35678901223959,2026-04-04 21:44:30,2026-04-04 21:53:25,INCOMING,0,9493,749,CELL-DHA-05,31.468945,74.408378,VOLTE,DHA Phase 5
923001110003,923009998882,923001110003,410014316749585,35678901704536,2026-04-04 21:45:42,2026-04-04 22:04:06,INCOMING,0,7040,313,CELL-GLB-01,31.520765,74.358668,CALL,Gulberg
923331234567,923009998887,923331234567,410017763437682,35678901626055,2026-04-10 17:18:37,2026-04-10 17:20:11,INCOMING,0,3426,604,CELL-ARP-08,31.519658,74.404349,CALL,Airport Road
923001110002,923009998886,923001110002,410014430519136,35678901663206,2026-04-19 10:42:53,2026-04-19 10:42:53,INCOMING,3884134,9526,603,CELL-DHA-05,31.46869,74.407747,GPRS,DHA Phase 5
923001110001,923009998888,923001110001,410011327977062,35678901452372,2026-04-22 08:36:49,2026-04-22 08:56:06,INCOMING,0,9178,361,CELL-MT-03,31.484822,74.324127,CALL,Model Town
923331234567,923331234567,923009998882,410011459146843,35678901312653,2026-04-22 08:43:32,2026-04-22 08:43:32,OUTGOING,1150994,6124,540,CELL-MT-03,31.484081,74.323957,GPRS,Model Town
923001110002,923001110002,923009998883,410011966822803,35678901689081,2026-04-04 21:50:27,2026-04-04 21:50:27,OUTGOING,4261897,1945,749,CELL-DHA-05,31.471307,74.410503,GPRS,DHA Phase 5
923451112233,923009998882,923451112233,410013588288913,35678901706485,2026-04-19 11:06:38,2026-04-19 11:06:38,INCOMING,3221869,5025,696,CELL-LB-02,31.509444,74.34593,GPRS,Liberty Market
923451112233,923451112233,923009998883,410012404880746,35678901942305,2026-04-07 19:44:18,2026-04-07 19:44:18,OUTGOING,4258888,9458,438,CELL-ARP-08,31.522168,74.405382,GPRS,Airport Road
923331234567,923009998886,923331234567,410015045352750,35678901941097,2026-04-22 09:11:00,2026-04-22 09:11:00,INCOMING,7189592,3064,282,CELL-ARP-08,31.52003,74.40554,GPRS,Airport Road
923001110003,923001110003,923009998881,410014830304996,35678901658405,2026-04-10 17:42:50,2026-04-10 17:45:12,OUTGOING,0,2795,432,CELL-DHA-05,31.46894,74.409424,VOLTE,DHA Phase 5
923451112233,923451112233,923009998881,410011684051678,35678901639398,2026-04-13 15:40:43,2026-04-13 16:03:29,OUTGOING,0,5064,432,CELL-LB-02,31.510268,74.345932,VOLTE,Liberty Market
923451112233,923451112233,923009998886,410017058215967,35678901515582,2026-04-04 21:56:50,2026-04-04 21:56:50,OUTGOING,2490264,1252,708,CELL-MT-03,31.481408,74.321766,GPRS,Model Town
923461678183,923009998886,923461678183,410012518075104,35678901879459,2026-04-13 15:48:55,2026-04-13 15:48:55,INCOMING,4784946,7442,117,CELL-LB-02,31.508264,74.344332,GPRS,Liberty Market
923331234567,923009998881,923331234567,410015157078740,35678901939176,2026-04-10 17:54:45,2026-04-10 17:54:45,INCOMING,0,6210,341,CELL-ARP-08,31.523379,74.402403,SMS,Airport Road
923001110002,923001110002,923009998884,410012414747561,35678901604524,2026-04-13 15:56:28,2026-04-13 16:04:54,OUTGOING,0,8306,846,CELL-MT-03,31.483271,74.323135,CALL,Model Town
923331234567,923331234567,923009998886,410011262169889,35678901756942,2026-04-13 16:00:36,2026-04-13 16:00:36,OUTGOING,2064203,4718,102,CELL-ARP-08,31.522572,74.403862,GPRS,Airport Road
923461678183,923461678183,923009998885,410016547077039,35678901611220,2026-04-22 10:07:47,2026-04-22 10:07:47,OUTGOING,4581818,3647,785,CELL-MT-03,31.482473,74.323971,GPRS,Model Town
923331234567,923331234567,923009998887,410017871888133,35678901462046,2026-04-13 16:08:35,2026-04-13 16:21:05,OUTGOING,0,3902,506,CELL-GLB-01,31.520165,74.360213,CALL,Gulberg
923001110002,923001110002,923009998882,410015692301401,35678901820104,2026-04-04 22:03:47,2026-04-04 22:30:12,OUTGOING,0,9987,566,CELL-DHA-05,31.470929,74.407858,VOLTE,DHA Phase 5
923461678183,923009998881,923461678183,410015708698733,35678901996686,2026-04-07 20:08:36,2026-04-07 20:08:36,INCOMING,7049562,7953,133,CELL-GLB-01,31.519961,74.359749,GPRS,Gulberg
923331234567,923009998885,923331234567,410015908334479,35678901782861,2026-04-07 20:10:09,2026-04-07 20:10:09,INCOMING,2617234,8248,179,CELL-LB-02,31.510077,74.342185,GPRS,Liberty Market
923001110001,923009998885,923001110001,410015885749107,35678901890782,2026-04-19 12:36:01,2026-04-19 12:36:01,INCOMING,3736214,8907,997,CELL-LB-02,31.511898,74.343481,GPRS,Liberty Market
923461678183,923009998886,923461678183,410013199441439,35678901944458,2026-04-04 22:07:22,2026-04-04 22:07:22,INCOMING,6114515,8881,896,CELL-ARP-08,31.522576,74.404698,GPRS,Airport Road
923331234567,923331234567,923009998888,410018953014564,35678901774501,2026-04-10 18:24:41,2026-04-10 18:24:41,OUTGOING,0,8772,532,CELL-LB-02,31.510041,74.344082,CALL,Liberty Market
923461678183,923009998883,923461678183,410015197521892,35678901154481,2026-04-16 14:45:02,2026-04-16 14:45:02,INCOMING,1861909,1350,492,CELL-MT-03,31.484425,74.322564,GPRS,Model Town
923001110003,923009998886,923001110003,410011376857072,35678901431273,2026-04-07 20:20:12,2026-04-07 20:20:55,INCOMING,0,6230,258,CELL-MT-03,31.48253,74.321635,VOLTE,Model Town
923001110003,923001110003,923009998881,410011641486275,35678901755173,2026-04-13 16:44:44,2026-04-13 16:44:44,OUTGOING,7944485,6275,906,CELL-LB-02,31.511406,74.342581,GPRS,Liberty Market
923461678183,923009998887,923461678183,410019604158688,35678901268320,2026-04-07 20:24:42,2026-04-07 20:24:42,INCOMING,5715718,1731,860,CELL-GLB-01,31.519818,74.359493,GPRS,Gulberg
923451112233,923451112233,923009998886,410017610430474,35678901967965,2026-04-13 16:52:29,2026-04-13 17:03:03,OUTGOING,0,1081,772,CELL-ARP-08,31.520726,74.402316,VOLTE,Airport Road
923331234567,923331234567,923009998886,410015794971652,35678901299662,2026-04-07 20:28:47,2026-04-07 20:28:47,OUTGOING,6785166,5735,240,CELL-GLB-01,31.518815,74.357222,GPRS,Gulberg
923451112233,923009998885,923451112233,410017714372358,35678901359955,2026-04-19 13:30:53,2026-04-19 13:40:34,INCOMING,0,8244,297,CELL-ARP-08,31.521945,74.404376,CALL,Airport Road
923001110003,923009998881,923001110003,410018956615173,35678901106120,2026-04-10 18:48:38,2026-04-10 18:48:38,INCOMING,3120794,7363,927,CELL-ARP-08,31.520443,74.402337,GPRS,Airport Road
923001110002,923001110002,923009998882,410015913990740,35678901314613,2026-04-07 20:34:50,2026-04-07 20:34:50,OUTGOING,4788806,1784,805,CELL-LB-02,31.508291,74.343681,GPRS,Liberty Market
923001110003,923001110003,923009998882,410019215950251,35678901645924,2026-04-13 17:12:21,2026-04-13 17:12:21,OUTGOING,7271350,4804,252,CELL-MT-03,31.484204,74.32111,GPRS,Model Town
923461678183,923009998886,923461678183,410012721302119,35678901609399,2026-04-19 13:54:39,2026-04-19 13:54:39,INCOMING,5099424,9650,423,CELL-MT-03,31.481796,74.323939,GPRS,Model Town
923331234567,923331234567,923009998885,410011572591245,35678901103863,2026-04-16 15:40:02,2026-04-16 15:40:02,OUTGOING,2860961,5950,615,CELL-DHA-05,31.468782,74.411387,GPRS,DHA Phase 5
923331234567,923009998883,923331234567,410013537416145,35678901454640,2026-04-07 20:42:23,2026-04-07 20:42:23,INCOMING,1123693,2800,524,CELL-LB-02,31.511649,74.344113,GPRS,Liberty Market
923451112233,923009998885,923451112233,410013073352099,35678901957711,2026-04-04 22:22:06,2026-04-04 22:33:52,INCOMING,0,9985,755,CELL-GLB-01,31.520646,74.360014,VOLTE,Gulberg
923001110003,923009998888,923001110003,410016694306020,35678901782334,2026-04-04 22:23:53,2026-04-04 22:23:53,INCOMING,1368790,8610,871,CELL-LB-02,31.512047,74.345502,GPRS,Liberty Market
923331234567,923009998885,923331234567,410013874518642,35678901860417,2026-04-13 17:36:28,2026-04-13 17:44:05,INCOMING,0,8654,485,CELL-DHA-05,31.470413,74.40828,VOLTE,DHA Phase 5
923461678183,923009998881,923461678183,410018244416150,35678901732663,2026-04-10 19:15:11,2026-04-10 19:15:11,INCOMING,5722476,9479,765,CELL-LB-02,31.511597,74.343412,GPRS,Liberty Market
923451112233,923451112233,923009998882,410017681639186,35678901476171,2026-04-10 19:18:49,2026-04-10 19:18:49,OUTGOING,5854849,4061,418,CELL-LB-02,31.511621,74.346067,GPRS,Liberty Market
923461678183,923009998882,923461678183,410015084276325,35678901793388,2026-04-16 16:15:28,2026-04-16 16:15:28,INCOMING,670844,3789,998,CELL-LB-02,31.509543,74.34601,GPRS,Liberty Market
923001110003,923001110003,923009998888,410016459823659,35678901603730,2026-04-19 14:48:24,2026-04-19 15:11:48,OUTGOING,0,2796,764,CELL-LB-02,31.51061,74.343896,VOLTE,Liberty Market
923461678183,923009998887,923461678183,410017956939556,35678901276679,2026-04-16 16:25:37,2026-04-16 16:25:37,INCOMING,2243036,3660,993,CELL-ARP-08,31.523325,74.401959,GPRS,Airport Road
923461678183,923461678183,923009998887,410018992419788,35678901259912,2026-04-04 22:30:51,2026-04-04 22:30:51,OUTGOING,2402720,7840,669,CELL-MT-03,31.484398,74.322022,GPRS,Model Town
923451112233,923009998887,923451112233,410018298010671,35678901932748,2026-04-07 21:02:30,2026-04-07 21:02:30,INCOMING,7018217,5715,286,CELL-ARP-08,31.521296,74.40491,GPRS,Airport Road
923451112233,923009998886,923451112233,410012270176098,35678901968077,2026-04-10 19:36:39,2026-04-10 20:01:22,INCOMING,0,3920,514,CELL-GLB-01,31.520207,74.358184,CALL,Gulberg
923331234567,923331234567,923009998886,410017177181022,35678901907576,2026-04-19 15:18:54,2026-04-19 15:18:54,OUTGOING,4786852,3383,634,CELL-ARP-08,31.519797,74.401708,GPRS,Airport Road
923001110003,923001110003,923009998888,410013705231353,35678901408111,2026-04-19 15:24:29,2026-04-19 15:24:29,OUTGOING,2857470,6155,841,CELL-LB-02,31.511281,74.346024,GPRS,Liberty Market
923001110001,923001110001,923009998882,410014648012365,35678901736109,2026-04-22 14:05:50,2026-04-22 14:06:16,OUTGOING,0,7258,802,CELL-LB-02,31.51132,74.345868,CALL,Liberty Market
923461678183,923461678183,923009998886,410012309774952,35678901105379,2026-04-04 22:36:29,2026-04-04 22:36:29,OUTGOING,5712955,4772,927,CELL-MT-03,31.484129,74.320965,GPRS,Model Town
923001110001,923009998884,923001110001,410014346074046,35678901332517,2026-04-22 14:19:23,2026-04-22 14:34:16,INCOMING,0,9515,526,CELL-LB-02,31.50859,74.343893,VOLTE,Liberty Market
923331234567,923331234567,923009998885,410019458874378,35678901355480,2026-04-13 18:32:22,2026-04-13 18:32:22,OUTGOING,3655632,1928,642,CELL-LB-02,31.510074,74.34294,GPRS,Liberty Market
923001110001,923009998886,923001110001,410013766933128,35678901867965,2026-04-04 22:39:53,2026-04-04 22:56:13,INCOMING,0,9652,780,CELL-ARP-08,31.522006,74.40473,VOLTE,Airport Road
923461678183,923461678183,923009998882,410012933860707,35678901598778,2026-04-10 20:00:50,2026-04-10 20:10:40,OUTGOING,0,9999,814,CELL-MT-03,31.482461,74.324329,CALL,Model Town
923451112233,923451112233,923009998881,410015240509406,35678901598349,2026-04-10 20:03:47,2026-04-10 20:25:08,OUTGOING,0,9620,973,CELL-MT-03,31.482177,74.324821,CALL,Model Town
923331234567,923331234567,923009998883,410015998107396,35678901418598,2026-04-04 22:42:28,2026-04-04 22:42:28,OUTGOING,0,1480,586,CELL-MT-03,31.482268,74.323326,SMS,Model Town
923001110001,923009998888,923001110001,410011096607802,35678901236074,2026-04-13 18:52:20,2026-04-13 18:52:20,INCOMING,0,7207,827,CELL-ARP-08,31.519631,74.402772,CALL,Airport Road
923331234567,923009998884,923331234567,410015038279178,35678901833199,2026-04-16 17:40:01,2026-04-16 17:40:01,INCOMING,0,1186,688,CELL-DHA-05,31.467793,74.40932,SMS,DHA Phase 5
923001110001,923009998882,923001110001,410012083260804,35678901829713,2026-04-16 17:45:42,2026-04-16 18:09:40,INCOMING,0,9745,434,CELL-DHA-05,31.468279,74.410826,VOLTE,DHA Phase 5
923331234567,923009998882,923331234567,410013824343289,35678901958936,2026-04-07 21:32:47,2026-04-07 21:32:47,INCOMING,2666878,7183,147,CELL-LB-02,31.508629,74.34298,GPRS,Liberty Market
923451112233,923451112233,923009998882,410012897990378,35678901956319,2026-04-19 16:42:29,2026-04-19 16:42:29,OUTGOING,3857478,6782,930,CELL-DHA-05,31.468974,74.410531,GPRS,DHA Phase 5
923001110002,923009998888,923001110002,410014402701188,35678901262934,2026-04-22 15:36:41,2026-04-22 15:36:41,INCOMING,6045467,7708,869,CELL-GLB-01,31.521829,74.360005,GPRS,Gulberg
923001110002,923001110002,923009998885,410014928192939,35678901504514,2026-04-10 20:27:45,2026-04-10 20:27:45,OUTGOING,5009906,1030,226,CELL-MT-03,31.482891,74.323484,GPRS,Model Town
923461678183,923009998887,923461678183,410018076906710,35678901601845,2026-04-22 15:50:27,2026-04-22 15:50:27,INCOMING,2452359,4730,696,CELL-ARP-08,31.522748,74.401976,GPRS,Airport Road
923451112233,923451112233,923009998881,410011633786013,35678901902563,2026-04-19 17:06:03,2026-04-19 17:06:03,OUTGOING,0,9417,491,CELL-DHA-05,31.469698,74.410638,SMS,DHA Phase 5
923001110001,923009998888,923001110001,410013610610962,35678901585734,2026-04-10 20:36:53,2026-04-10 20:36:53,INCOMING,0,1957,471,CELL-LB-02,31.509757,74.344695,SMS,Liberty Market
923001110003,923009998888,923001110003,410014718060073,35678901610075,2026-04-16 18:25:59,2026-04-16 18:25:59,INCOMING,6969384,2539,848,CELL-MT-03,31.485137,74.323607,GPRS,Model Town
923001110001,923001110001,923009998883,410019192105102,35678901825883,2026-04-22 16:18:39,2026-04-22 16:18:39,OUTGOING,0,8769,839,CELL-DHA-05,31.468796,74.409789,SMS,DHA Phase 5
923451112233,923009998882,923451112233,410014237810993,35678901721401,2026-04-22 16:25:19,2026-04-22 16:38:56,INCOMING,0,7946,185,CELL-GLB-01,31.518545,74.359546,CALL,Gulberg
923001110002,923009998888,923001110002,410019980717771,35678901957607,2026-04-16 18:40:42,2026-04-16 19:08:11,INCOMING,0,6523,381,CELL-ARP-08,31.523088,74.404546,VOLTE,Airport Road
923461678183,923009998882,923461678183,410012666073033,35678901955319,2026-04-19 17:42:50,2026-04-19 17:42:50,INCOMING,5637805,6763,432,CELL-DHA-05,31.469535,74.411686,GPRS,DHA Phase 5
923001110002,923009998887,923001110002,410012826907510,35678901980408,2026-04-13 19:52:05,2026-04-13 19:52:05,INCOMING,6594798,7495,325,CELL-ARP-08,31.523147,74.405358,GPRS,Airport Road
923451112233,923009998882,923451112233,410018309770868,35678901638961,2026-04-19 17:54:33,2026-04-19 18:17:55,INCOMING,0,5608,111,CELL-MT-03,31.482936,74.32245,VOLTE,Model Town
923001110001,923001110001,923009998883,410014395238217,35678901974843,2026-04-22 17:00:39,2026-04-22 17:00:39,OUTGOING,7696604,1615,582,CELL-ARP-08,31.52114,74.402641,GPRS,Airport Road
923461678183,923461678183,923009998882,410017070830175,35678901504531,2026-04-04 23:01:12,2026-04-04 23:01:12,OUTGOING,1969681,6760,430,CELL-ARP-08,31.520174,74.403751,GPRS,Airport Road
923001110003,923009998885,923001110003,410018481791916,35678901333644,2026-04-04 23:02:57,2026-04-04 23:02:57,INCOMING,4738517,5059,407,CELL-DHA-05,31.470148,74.409432,GPRS,DHA Phase 5
923331234567,923331234567,923009998883,410013578170705,35678901879253,2026-04-10 21:09:15,2026-04-10 21:09:15,OUTGOING,2831327,4284,722,CELL-DHA-05,31.46797,74.408225,GPRS,DHA Phase 5
923001110001,923009998887,923001110001,410016768260113,35678901159675,2026-04-10 21:12:17,2026-04-10 21:12:17,INCOMING,0,8372,109,CELL-DHA-05,31.468507,74.407705,SMS,DHA Phase 5
923331234567,923331234567,923009998887,410015434142376,35678901557655,2026-04-07 22:10:10,2026-04-07 22:10:10,OUTGOING,2593178,3485,989,CELL-DHA-05,31.468416,74.40851,GPRS,DHA Phase 5
923001110002,923001110002,923009998884,410016950296051,35678901774447,2026-04-04 23:06:27,2026-04-04 23:06:27,OUTGOING,3815680,9683,464,CELL-GLB-01,31.520917,74.358738,GPRS,Gulberg
923001110001,923001110001,923009998884,410018123592844,35678901639268,2026-04-07 22:14:21,2026-04-07 22:14:21,OUTGOING,6224899,1313,764,CELL-MT-03,31.483325,74.322977,GPRS,Model Town
923331234567,923009998883,923331234567,410017234626410,35678901323715,2026-04-19 18:48:39,2026-04-19 18:48:39,INCOMING,1716799,7666,330,CELL-MT-03,31.482862,74.323531,GPRS,Model Town
923461678183,923461678183,923009998886,410016689706156,35678901242911,2026-04-07 22:18:57,2026-04-07 22:18:57,OUTGOING,4527623,3161,342,CELL-ARP-08,31.521435,74.403202,GPRS,Airport Road
923331234567,923009998887,923331234567,410012046639754,35678901683369,2026-04-22 18:10:09,2026-04-22 18:10:09,INCOMING,1119283,3349,727,CELL-LB-02,31.510007,74.34403,GPRS,Liberty Market
923331234567,923331234567,923009998882,410013512925949,35678901147538,2026-04-04 23:11:10,2026-04-04 23:11:10,OUTGOING,2083025,3362,156,CELL-LB-02,31.510289,74.345519,GPRS,Liberty Market
923001110002,923001110002,923009998888,410016221493993,35678901877145,2026-04-22 18:24:31,2026-04-22 18:24:31,OUTGOING,0,5573,255,CELL-GLB-01,31.518757,74.357792,SMS,Gulberg
923001110001,923001110001,923009998883,410013630079065,35678901990198,2026-04-04 23:13:10,2026-04-04 23:13:10,OUTGOING,7961918,3285,864,CELL-ARP-08,31.521996,74.402345,GPRS,Airport Road
923331234567,923009998883,923331234567,410014492121148,35678901476532,2026-04-19 19:24:23,2026-04-19 19:24:23,INCOMING,0,6874,146,CELL-DHA-05,31.470341,74.408896,SMS,DHA Phase 5
923331234567,923331234567,923009998884,410018805011477,35678901242769,2026-04-10 21:45:32,2026-04-10 21:45:32,OUTGOING,6430930,6385,339,CELL-ARP-08,31.52255,74.402595,GPRS,Airport Road
923461678183,923461678183,923009998887,410013107053603,35678901209339,2026-04-07 22:32:36,2026-04-07 22:52:29,OUTGOING,0,5835,685,CELL-DHA-05,31.468122,74.408292,CALL,DHA Phase 5
923331234567,923009998888,923331234567,410017033579575,35678901853023,2026-04-16 20:25:23,2026-04-16 20:25:23,INCOMING,2258278,6169,923,CELL-DHA-05,31.469438,74.40993,GPRS,DHA Phase 5
923001110002,923009998882,923001110002,410016448808040,35678901216931,2026-04-10 21:54:52,2026-04-10 21:54:52,INCOMING,4902398,1511,888,CELL-LB-02,31.510765,74.345967,GPRS,Liberty Market
923331234567,923331234567,923009998884,410014450454099,35678901203079,2026-04-19 19:54:50,2026-04-19 19:54:50,OUTGOING,0,3284,616,CELL-LB-02,31.510767,74.34607,SMS,Liberty Market
923451112233,923009998886,923451112233,410014148460709,35678901861420,2026-04-16 20:40:31,2026-04-16 20:40:31,INCOMING,0,1192,104,CELL-MT-03,31.485192,74.324429,CALL,Model Town
923451112233,923451112233,923009998885,410019742438267,35678901603422,2026-04-22 19:27:49,2026-04-22 19:27:49,OUTGOING,0,2711,847,CELL-MT-03,31.485132,74.321534,SMS,Model Town
923001110002,923009998887,923001110002,410019977032135,35678901207921,2026-04-13 21:28:30,2026-04-13 21:28:30,INCOMING,0,6755,531,CELL-DHA-05,31.47045,74.410247,SMS,DHA Phase 5
923331234567,923009998881,923331234567,410018564330670,35678901449502,2026-04-22 19:41:08,2026-04-22 19:41:08,INCOMING,4732725,8115,602,CELL-MT-03,31.482862,74.322234,GPRS,Model Town
923331234567,923331234567,923009998881,410014516168153,35678901768615,2026-04-22 19:48:06,2026-04-22 19:48:06,OUTGOING,2728271,2956,798,CELL-MT-03,31.484349,74.321644,GPRS,Model Town
923331234567,923009998881,923331234567,410015874912163,35678901109728,2026-04-10 22:15:41,2026-04-10 22:37:34,INCOMING,0,8142,113,CELL-ARP-08,31.523019,74.402548,CALL,Airport Road
923451112233,923009998883,923451112233,410017986762126,35678901476586,2026-04-13 21:44:27,2026-04-13 22:09:09,INCOMING,0,6680,950,CELL-DHA-05,31.468898,74.407984,CALL,DHA Phase 5
923001110001,923009998883,923001110001,410014749449780,35678901180669,2026-04-19 20:42:40,2026-04-19 20:42:40,INCOMING,1658513,3336,946,CELL-GLB-01,31.521395,74.35919,GPRS,Gulberg
923001110001,923001110001,923009998884,410017654324851,35678901275017,2026-04-19 20:48:27,2026-04-19 20:48:27,OUTGOING,0,8122,982,CELL-MT-03,31.482774,74.322942,SMS,Model Town
923451112233,923451112233,923009998888,410013595363084,35678901657879,2026-04-13 21:56:18,2026-04-13 21:56:18,OUTGOING,5842630,2406,686,CELL-DHA-05,31.469266,74.407734,GPRS,DHA Phase 5
923001110003,923001110003,923009998882,410011270942381,35678901337649,2026-04-19 21:00:35,2026-04-19 21:00:35,OUTGOING,122628,1580,961,CELL-GLB-01,31.522008,74.359082,GPRS,Gulberg
923451112233,923009998884,923451112233,410015435247708,35678901489687,2026-04-16 21:35:29,2026-04-16 21:35:29,INCOMING,4600828,3248,303,CELL-MT-03,31.484121,74.32214,GPRS,Model Town
923461678183,923461678183,923009998882,410016320809633,35678901958889,2026-04-16 21:40:56,2026-04-16 21:40:56,OUTGOING,5471407,7555,237,CELL-LB-02,31.509456,74.345725,GPRS,Liberty Market
923001110002,923009998888,923001110002,410016233054147,35678901810562,2026-04-16 21:45:43,2026-04-16 21:45:43,INCOMING,0,1492,343,CELL-LB-02,31.511905,74.343056,SMS,Liberty Market
923001110002,923009998885,923001110002,410011858646346,35678901380914,2026-04-10 22:42:53,2026-04-10 22:51:52,INCOMING,0,4246,391,CELL-LB-02,31.509379,74.342167,CALL,Liberty Market
923461678183,923009998887,923461678183,410018074811903,35678901411329,2026-04-07 23:10:42,2026-04-07 23:10:42,INCOMING,6056416,9909,231,CELL-ARP-08,31.523008,74.404673,GPRS,Airport Road
923001110003,923001110003,923009998882,410015821866212,35678901612867,2026-04-16 22:00:16,2026-04-16 22:00:16,OUTGOING,0,8831,757,CELL-GLB-01,31.519304,74.359923,CALL,Gulberg
923331234567,923009998881,923331234567,410013209243867,35678901444690,2026-04-16 22:05:12,2026-04-16 22:05:12,INCOMING,6009336,2033,541,CELL-GLB-01,31.520735,74.358788,GPRS,Gulberg
923001110002,923001110002,923009998886,410018611252900,35678901500834,2026-04-10 22:54:41,2026-04-10 22:54:41,OUTGOING,0,1993,658,CELL-GLB-01,31.519918,74.35728,VOLTE,Gulberg
923001110003,923009998888,923001110003,410015587976958,35678901698725,2026-04-13 22:36:31,2026-04-13 22:36:31,INCOMING,3142868,8047,577,CELL-GLB-01,31.521132,74.36,GPRS,Gulberg
923001110003,923001110003,923009998888,410011657416559,35678901894760,2026-04-13 22:40:28,2026-04-13 22:40:28,OUTGOING,0,4894,212,CELL-GLB-01,31.519137,74.360022,SMS,Gulberg
923461678183,923461678183,923009998887,410019887125198,35678901631045,2026-04-13 22:44:17,2026-04-13 22:51:46,OUTGOING,0,6082,552,CELL-DHA-05,31.470071,74.40907,CALL,DHA Phase 5
923001110002,923001110002,923009998886,410016836422696,35678901525325,2026-04-07 23:24:54,2026-04-07 23:24:54,OUTGOING,214668,9835,566,CELL-DHA-05,31.468287,74.410366,GPRS,DHA Phase 5
923001110002,923009998885,923001110002,410012985661258,35678901793954,2026-04-10 23:09:04,2026-04-10 23:09:04,INCOMING,7868263,6633,193,CELL-LB-02,31.510771,74.344282,GPRS,Liberty Market
923331234567,923009998887,923331234567,410015531452019,35678901935970,2026-04-07 23:28:24,2026-04-07 23:28:24,INCOMING,1260247,7365,681,CELL-MT-03,31.483222,74.323034,GPRS,Model Town
923001110003,923009998886,923001110003,410013660535596,35678901317066,2026-04-19 22:30:26,2026-04-19 22:50:54,INCOMING,0,7103,773,CELL-GLB-01,31.51895,74.358297,CALL,Gulberg
923001110001,923009998887,923001110001,410018735411277,35678901314298,2026-04-07 23:32:42,2026-04-07 23:57:27,INCOMING,0,2644,277,CELL-DHA-05,31.470166,74.411031,CALL,DHA Phase 5
923461678183,923009998885,923461678183,410012549923663,35678901810071,2026-04-10 23:21:05,2026-04-10 23:35:58,INCOMING,0,8012,622,CELL-MT-03,31.483092,74.321852,CALL,Model Town
923001110003,923009998882,923001110003,410013876478852,35678901349231,2026-04-13 23:12:14,2026-04-13 23:33:13,INCOMING,0,1502,952,CELL-GLB-01,31.521514,74.3572,CALL,Gulberg
923001110001,923009998881,923001110001,410014649610553,35678901739802,2026-04-22 22:43:50,2026-04-22 22:43:50,INCOMING,7580815,6193,976,CELL-DHA-05,31.468639,74.410682,GPRS,DHA Phase 5
923001110003,923001110003,923009998887,410015842835943,35678901817818,2026-04-19 23:00:34,2026-04-19 23:00:34,OUTGOING,3285467,7215,241,CELL-MT-03,31.484345,74.322113,GPRS,Model Town
923461678183,923461678183,923009998885,410018546096200,35678901495576,2026-04-04 23:51:23,2026-04-04 23:51:23,OUTGOING,5938944,4119,755,CELL-ARP-08,31.520186,74.403326,GPRS,Airport Road
923461678183,923009998887,923461678183,410013300007708,35678901492344,2026-04-04 23:52:34,2026-04-04 23:52:34,INCOMING,0,8237,354,CELL-GLB-01,31.520236,74.359011,SMS,Gulberg
923001110002,923009998888,923001110002,410018934863215,35678901675432,2026-04-04 23:53:32,2026-04-04 23:53:32,INCOMING,7980192,3990,111,CELL-GLB-01,31.52067,74.359483,GPRS,Gulberg
923451112233,923451112233,923009998885,410011545951546,35678901465385,2026-04-22 23:18:45,2026-04-22 23:39:32,OUTGOING,0,2696,794,CELL-ARP-08,31.521856,74.405529,CALL,Airport Road
923001110001,923001110001,923009998887,410011190999891,35678901784662,2026-04-07 23:50:31,2026-04-07 23:50:31,OUTGOING,5622793,1535,783,CELL-ARP-08,31.520538,74.404195,GPRS,Airport Road
923001110003,923009998888,923001110003,410014822323528,35678901616273,2026-04-04 23:56:55,2026-04-04 23:56:55,INCOMING,5290828,9181,340,CELL-DHA-05,31.468608,74.409799,GPRS,DHA Phase 5
923001110002,923001110002,923009998886,410011963634458,35678901381861,2026-04-07 23:54:26,2026-04-07 23:54:26,OUTGOING,0,5275,531,CELL-MT-03,31.481262,74.322784,SMS,Model Town
923001110001,923001110001,923009998885,410016525628901,35678901375991,2026-04-07 23:56:06,2026-04-07 23:56:06,OUTGOING,982650,3221,284,CELL-MT-03,31.482146,74.321421,GPRS,Model Town
923451112233,923451112233,923009998886,410012665605862,35678901517269,2026-04-10 23:57:24,2026-04-10 23:58:03,OUTGOING,0,3856,640,CELL-LB-02,31.512178,74.343261,CALL,Liberty Market
923001110003,923001110003,923009998881,410015481788014,35678901394374,2026-04-20 00:00:09,2026-04-20 00:00:09,OUTGOING,4378992,4029,300,CELL-DHA-05,31.46804,74.409589,GPRS,DHA Phase 5
923001110002,923001110002,923009998886,410012120601058,35678901865374,2026-04-23 00:07:03,2026-04-23 00:07:03,OUTGOING,454927,4784,185,CELL-DHA-05,31.469183,74.409955,GPRS,DHA Phase 5
923001110001,923001110001,923009998887,410017186032201,35678901772482,2026-04-14 00:08:31,2026-04-14 00:08:31,OUTGOING,4301374,3750,189,CELL-MT-03,31.48202,74.3233,GPRS,Model Town
923451112233,923009998881,923451112233,410015659246707,35678901425212,2026-04-23 00:21:08,2026-04-23 00:44:22,INCOMING,0,4818,943,CELL-MT-03,31.48143,74.322353,CALL,Model Town
923331234567,923331234567,923009998888,410019657676462,35678901185429,2026-04-14 00:16:24,2026-04-14 00:16:24,OUTGOING,6428566,9707,651,CELL-MT-03,31.484542,74.322512,GPRS,Model Town
923331234567,923331234567,923009998885,410019715428680,35678901121982,2026-04-23 00:35:48,2026-04-23 00:35:48,OUTGOING,2163469,2064,773,CELL-LB-02,31.510085,74.344074,GPRS,Liberty Market
923001110001,923001110001,923009998883,410011645777847,35678901619405,2026-04-11 00:18:59,2026-04-11 00:18:59,OUTGOING,2976451,4122,767,CELL-MT-03,31.482011,74.321163,GPRS,Model Town
923451112233,923451112233,923009998887,410016436266109,35678901529372,2026-04-23 00:49:57,2026-04-23 00:49:57,OUTGOING,2178629,4156,784,CELL-LB-02,31.508901,74.34244,GPRS,Liberty Market
923461678183,923009998888,923461678183,410015011465458,35678901321658,2026-04-20 00:48:26,2026-04-20 00:48:26,INCOMING,0,3302,934,CELL-MT-03,31.483735,74.321586,SMS,Model Town
923331234567,923009998887,923331234567,410016309186508,35678901285129,2026-04-17 00:45:20,2026-04-17 00:45:20,INCOMING,4538473,6785,600,CELL-MT-03,31.483528,74.322157,GPRS,Model Town
923451112233,923451112233,923009998883,410018539947949,35678901829860,2026-04-14 00:40:13,2026-04-14 00:40:13,OUTGOING,453239,2922,405,CELL-LB-02,31.511335,74.344561,GPRS,Liberty Market
923001110002,923009998881,923001110002,410013050030245,35678901107422,2026-04-20 01:06:04,2026-04-20 01:11:27,INCOMING,0,9800,337,CELL-ARP-08,31.522401,74.402299,VOLTE,Airport Road
923001110003,923001110003,923009998885,410012535635183,35678901622352,2026-04-17 01:00:02,2026-04-17 01:00:02,OUTGOING,5482061,4853,668,CELL-MT-03,31.484997,74.322404,GPRS,Model Town
923001110001,923001110001,923009998888,410013692100168,35678901114184,2026-04-14 00:52:04,2026-04-14 00:52:04,OUTGOING,0,9248,287,CELL-GLB-01,31.522289,74.359417,SMS,Gulberg
923461678183,923009998888,923461678183,410014272790763,35678901425581,2026-04-08 00:28:31,2026-04-08 00:28:31,INCOMING,4503101,7423,713,CELL-MT-03,31.484172,74.32376,GPRS,Model Town
923001110003,923001110003,923009998888,410018050285156,35678901593468,2026-04-14 01:00:57,2026-04-14 01:00:57,OUTGOING,5316240,4793,469,CELL-ARP-08,31.522476,74.4052,GPRS,Airport Road
923001110003,923001110003,923009998886,410019164929059,35678901601856,2026-04-20 01:36:35,2026-04-20 01:36:35,OUTGOING,1537179,1260,972,CELL-MT-03,31.484764,74.324362,GPRS,Model Town
923451112233,923451112233,923009998887,410019661911327,35678901713052,2026-04-11 00:51:38,2026-04-11 01:10:27,OUTGOING,0,6918,584,CELL-DHA-05,31.468181,74.407981,CALL,DHA Phase 5
923461678183,923009998885,923461678183,410016855941970,35678901769473,2026-04-17 01:30:12,2026-04-17 01:30:12,INCOMING,0,9193,337,CELL-DHA-05,31.470425,74.410654,SMS,DHA Phase 5
923331234567,923009998882,923331234567,410018173158099,35678901522906,2026-04-23 02:13:38,2026-04-23 02:31:16,INCOMING,0,5420,258,CELL-MT-03,31.483002,74.323134,VOLTE,Model Town
923461678183,923009998885,923461678183,410017626539488,35678901710502,2026-04-11 01:00:26,2026-04-11 01:00:26,INCOMING,5637629,5777,922,CELL-LB-02,31.512169,74.343805,GPRS,Liberty Market
923461678183,923461678183,923009998883,410012422731961,35678901925355,2026-04-08 00:42:23,2026-04-08 00:42:23,OUTGOING,1203881,7291,594,CELL-DHA-05,31.468515,74.407922,GPRS,DHA Phase 5
923001110001,923001110001,923009998885,410014227048127,35678901372502,2026-04-17 01:50:05,2026-04-17 01:50:05,OUTGOING,4178472,3954,344,CELL-MT-03,31.484301,74.323984,GPRS,Model Town
923001110002,923001110002,923009998888,410011277254315,35678901947305,2026-04-14 01:32:28,2026-04-14 01:32:28,OUTGOING,7294130,7588,639,CELL-GLB-01,31.519865,74.359002,GPRS,Gulberg
923461678183,923009998883,923461678183,410018453711667,35678901840171,2026-04-17 02:00:33,2026-04-17 02:18:12,INCOMING,0,4591,431,CELL-GLB-01,31.519175,74.359535,VOLTE,Gulberg
923001110001,923009998888,923001110001,410014368934882,35678901655728,2026-04-14 01:40:14,2026-04-14 01:40:14,INCOMING,7884012,2827,751,CELL-LB-02,31.511633,74.342941,GPRS,Liberty Market
923331234567,923009998883,923331234567,410019353943369,35678901394290,2026-04-11 01:18:21,2026-04-11 01:18:21,INCOMING,0,4302,833,CELL-LB-02,31.509349,74.345349,SMS,Liberty Market
923461678183,923461678183,923009998881,410015473532462,35678901876869,2026-04-08 00:54:26,2026-04-08 00:54:26,OUTGOING,1384829,2001,813,CELL-LB-02,31.509415,74.343097,GPRS,Liberty Market
923001110002,923009998881,923001110002,410016631517757,35678901251322,2026-04-11 01:24:03,2026-04-11 01:52:17,INCOMING,0,6214,642,CELL-DHA-05,31.469451,74.409848,CALL,DHA Phase 5
923001110001,923009998883,923001110001,410011796100555,35678901410556,2026-04-17 02:25:47,2026-04-17 02:42:19,INCOMING,0,6103,174,CELL-DHA-05,31.467704,74.410881,VOLTE,DHA Phase 5
923001110002,923001110002,923009998881,410015221271142,35678901895036,2026-04-05 00:30:12,2026-04-05 00:30:12,OUTGOING,0,5162,928,CELL-LB-02,31.511456,74.345286,SMS,Liberty Market
923001110001,923001110001,923009998882,410013265703551,35678901505339,2026-04-17 02:35:44,2026-04-17 02:57:07,OUTGOING,0,9433,934,CELL-GLB-01,31.521567,74.358758,CALL,Gulberg
923001110002,923001110002,923009998887,410016204677150,35678901224794,2026-04-14 02:08:58,2026-04-14 02:08:58,OUTGOING,0,9790,849,CELL-ARP-08,31.520958,74.404329,VOLTE,Airport Road
923001110001,923001110001,923009998887,410012404732193,35678901866016,2026-04-23 03:51:40,2026-04-23 03:51:40,OUTGOING,5080707,5773,186,CELL-LB-02,31.508957,74.345864,GPRS,Liberty Market
923451112233,923009998882,923451112233,410018145304241,35678901662404,2026-04-20 03:24:18,2026-04-20 03:24:18,INCOMING,1130480,1972,870,CELL-LB-02,31.50846,74.343899,GPRS,Liberty Market
923001110001,923009998886,923001110001,410019491194245,35678901413116,2026-04-23 04:05:11,2026-04-23 04:05:11,INCOMING,2864719,4450,378,CELL-GLB-01,31.521084,74.357314,GPRS,Gulberg
923001110001,923001110001,923009998885,410016838582049,35678901286444,2026-04-14 02:24:26,2026-04-14 02:28:32,OUTGOING,0,1164,870,CELL-GLB-01,31.522108,74.35947,CALL,Gulberg
923331234567,923331234567,923009998885,410019154887083,35678901785306,2026-04-11 01:51:20,2026-04-11 01:51:20,OUTGOING,0,1549,334,CELL-LB-02,31.511174,74.343852,SMS,Liberty Market
923001110002,923009998882,923001110002,410011187999462,35678901624648,2026-04-08 01:16:00,2026-04-08 01:16:00,INCOMING,1226452,4971,187,CELL-DHA-05,31.468243,74.411657,GPRS,DHA Phase 5
923001110003,923001110003,923009998882,410011478993529,35678901507133,2026-04-23 04:33:18,2026-04-23 04:33:18,OUTGOING,5338089,8681,225,CELL-ARP-08,31.522163,74.404291,GPRS,Airport Road
923451112233,923451112233,923009998885,410014308572170,35678901802905,2026-04-17 03:20:07,2026-04-17 03:24:05,OUTGOING,0,5605,464,CELL-DHA-05,31.471102,74.410451,CALL,DHA Phase 5
923001110001,923009998884,923001110001,410016260260951,35678901517367,2026-04-08 01:22:13,2026-04-08 01:22:13,INCOMING,2323410,1891,797,CELL-GLB-01,31.519861,74.357544,GPRS,Gulberg
923451112233,923009998884,923451112233,410012056995784,35678901334812,2026-04-14 02:48:02,2026-04-14 02:48:02,INCOMING,7058376,5540,983,CELL-ARP-08,31.522066,74.40307,GPRS,Airport Road
923451112233,923451112233,923009998883,410014016096208,35678901719195,2026-04-20 04:18:11,2026-04-20 04:18:11,OUTGOING,162387,7823,159,CELL-DHA-05,31.468455,74.411203,GPRS,DHA Phase 5
923001110001,923001110001,923009998887,410019425928250,35678901109026,2026-04-14 02:56:41,2026-04-14 02:56:41,OUTGOING,4404153,3239,750,CELL-MT-03,31.483019,74.324799,GPRS,Model Town
923001110002,923001110002,923009998884,410019886368802,35678901689880,2026-04-14 03:00:19,2026-04-14 03:00:19,OUTGOING,677728,5068,392,CELL-LB-02,31.510613,74.343287,GPRS,Liberty Market
923461678183,923009998886,923461678183,410013824551893,35678901296138,2026-04-08 01:32:35,2026-04-08 01:52:06,INCOMING,0,9873,339,CELL-MT-03,31.481527,74.322449,CALL,Model Town
923001110002,923009998885,923001110002,410016479063594,35678901103614,2026-04-17 03:55:22,2026-04-17 03:55:22,INCOMING,503902,6746,285,CELL-GLB-01,31.519613,74.359434,GPRS,Gulberg
923331234567,923009998883,923331234567,410019091540695,35678901707428,2026-04-14 03:12:19,2026-04-14 03:12:19,INCOMING,6518060,4079,275,CELL-MT-03,31.483418,74.323803,GPRS,Model Town
923461678183,923009998882,923461678183,410012827538279,35678901167706,2026-04-11 02:27:43,2026-04-11 02:27:43,INCOMING,4502380,4976,955,CELL-MT-03,31.481332,74.323439,GPRS,Model Town
923001110002,923001110002,923009998886,410015066925959,35678901371245,2026-04-08 01:40:18,2026-04-08 01:40:18,OUTGOING,0,4018,201,CELL-LB-02,31.510473,74.345255,CALL,Liberty Market
923331234567,923009998888,923331234567,410016663670448,35678901330457,2026-04-11 02:33:02,2026-04-11 02:34:24,INCOMING,0,5288,309,CELL-LB-02,31.509811,74.345199,CALL,Liberty Market
923331234567,923331234567,923009998885,410016023567008,35678901954222,2026-04-05 00:52:40,2026-04-05 00:52:40,OUTGOING,0,2016,116,CELL-MT-03,31.481832,74.324422,VOLTE,Model Town
923461678183,923009998882,923461678183,410018267431052,35678901583625,2026-04-11 02:39:29,2026-04-11 02:42:46,INCOMING,0,6284,794,CELL-DHA-05,31.47053,74.40901,VOLTE,DHA Phase 5
923331234567,923331234567,923009998887,410012038656315,35678901684091,2026-04-08 01:48:18,2026-04-08 01:48:18,OUTGOING,7329894,6812,698,CELL-MT-03,31.482817,74.322638,GPRS,Model Town
923331234567,923331234567,923009998888,410013363572603,35678901330338,2026-04-20 05:30:44,2026-04-20 05:30:44,OUTGOING,5337002,8860,821,CELL-DHA-05,31.468219,74.409792,GPRS,DHA Phase 5
923451112233,923451112233,923009998888,410011297999545,35678901134981,2026-04-08 01:52:31,2026-04-08 01:52:31,OUTGOING,4135109,5432,966,CELL-ARP-08,31.521784,74.404701,GPRS,Airport Road
923451112233,923451112233,923009998886,410017569394309,35678901566328,2026-04-05 00:57:16,2026-04-05 00:57:16,OUTGOING,5740335,2820,883,CELL-ARP-08,31.520044,74.402316,GPRS,Airport Road
923451112233,923451112233,923009998884,410013953376956,35678901806465,2026-04-08 01:56:00,2026-04-08 01:56:00,OUTGOING,6558690,7930,565,CELL-LB-02,31.510541,74.342813,GPRS,Liberty Market
923461678183,923009998883,923461678183,410016847631122,35678901909213,2026-04-08 01:58:22,2026-04-08 01:58:22,INCOMING,7494910,9475,919,CELL-MT-03,31.484132,74.321291,GPRS,Model Town
923001110003,923009998881,923001110003,410013579697541,35678901166990,2026-04-20 06:00:48,2026-04-20 06:00:48,INCOMING,1041871,7522,299,CELL-ARP-08,31.519908,74.405103,GPRS,Airport Road
923451112233,923451112233,923009998883,410011670642930,35678901950633,2026-04-23 07:07:18,2026-04-23 07:07:18,OUTGOING,0,2077,539,CELL-ARP-08,31.519665,74.402305,SMS,Airport Road
923461678183,923461678183,923009998887,410014765921960,35678901715355,2026-04-14 04:08:25,2026-04-14 04:23:07,OUTGOING,0,5099,432,CELL-DHA-05,31.471418,74.410108,VOLTE,DHA Phase 5
923001110001,923009998884,923001110001,410012463814763,35678901681622,2026-04-23 07:21:19,2026-04-23 07:21:19,INCOMING,6856671,8565,305,CELL-LB-02,31.509004,74.342926,GPRS,Liberty Market
923461678183,923009998885,923461678183,410016952665865,35678901741702,2026-04-23 07:28:45,2026-04-23 07:53:19,INCOMING,0,4608,878,CELL-DHA-05,31.47162,74.409325,VOLTE,DHA Phase 5
923001110002,923009998882,923001110002,410011784442613,35678901776894,2026-04-20 06:30:30,2026-04-20 06:47:15,INCOMING,0,2150,267,CELL-LB-02,31.509465,74.342139,VOLTE,Liberty Market
923461678183,923461678183,923009998883,410019146625209,35678901953291,2026-04-11 03:18:52,2026-04-11 03:18:52,OUTGOING,0,5053,397,CELL-GLB-01,31.520452,74.359878,SMS,Gulberg
923001110002,923001110002,923009998881,410019008856873,35678901878723,2026-04-05 01:07:05,2026-04-05 01:07:05,OUTGOING,0,8582,348,CELL-DHA-05,31.470128,74.40867,SMS,DHA Phase 5
923001110003,923009998881,923001110003,410013291495517,35678901301825,2026-04-20 06:48:58,2026-04-20 06:48:58,INCOMING,2114787,1907,884,CELL-GLB-01,31.521239,74.35837,GPRS,Gulberg
923001110001,923001110001,923009998884,410012981575853,35678901746232,2026-04-17 05:45:39,2026-04-17 06:04:34,OUTGOING,0,8494,622,CELL-ARP-08,31.522857,74.404583,CALL,Airport Road
923001110003,923001110003,923009998886,410014801927575,35678901839108,2026-04-08 02:20:15,2026-04-08 02:20:15,OUTGOING,5610393,9757,935,CELL-MT-03,31.484572,74.324823,GPRS,Model Town
923461678183,923009998887,923461678183,410012620626846,35678901388701,2026-04-05 01:11:42,2026-04-05 01:11:42,INCOMING,0,5233,891,CELL-LB-02,31.509512,74.343207,SMS,Liberty Market
923331234567,923009998885,923331234567,410017797717234,35678901948089,2026-04-23 08:24:40,2026-04-23 08:24:40,INCOMING,447561,5613,768,CELL-MT-03,31.483534,74.322396,GPRS,Model Town
923001110002,923001110002,923009998881,410013987641109,35678901561015,2026-04-23 08:31:56,2026-04-23 08:31:56,OUTGOING,83805,3421,638,CELL-GLB-01,31.52007,74.358693,GPRS,Gulberg
923461678183,923009998887,923461678183,410019268844458,35678901951762,2026-04-23 08:38:23,2026-04-23 08:38:23,INCOMING,7782165,1552,104,CELL-ARP-08,31.522832,74.403384,GPRS,Airport Road
923461678183,923461678183,923009998885,410013879112068,35678901723705,2026-04-05 01:15:56,2026-04-05 01:15:56,OUTGOING,7696004,1804,981,CELL-DHA-05,31.470835,74.409286,GPRS,DHA Phase 5
923451112233,923009998888,923451112233,410013140838142,35678901130226,2026-04-20 07:36:46,2026-04-20 07:36:46,INCOMING,7187218,8107,814,CELL-GLB-01,31.521709,74.35903,GPRS,Gulberg
923001110002,923009998885,923001110002,410011529256101,35678901172038,2026-04-11 03:51:43,2026-04-11 03:51:43,INCOMING,0,9830,625,CELL-LB-02,31.508313,74.344965,SMS,Liberty Market
923451112233,923451112233,923009998887,410013783571303,35678901123971,2026-04-11 03:54:47,2026-04-11 03:54:47,OUTGOING,0,7436,644,CELL-GLB-01,31.519134,74.359082,SMS,Gulberg
923001110002,923009998885,923001110002,410011678183438,35678901685048,2026-04-08 02:38:49,2026-04-08 02:38:49,INCOMING,0,3868,797,CELL-DHA-05,31.469424,74.40992,CALL,DHA Phase 5
923001110003,923001110003,923009998884,410011769863481,35678901133076,2026-04-23 09:20:08,2026-04-23 09:20:08,OUTGOING,1296704,4431,710,CELL-MT-03,31.482501,74.324654,GPRS,Model Town
923001110003,923009998887,923001110003,410011448701680,35678901420546,2026-04-23 09:27:09,2026-04-23 09:27:09,INCOMING,3245175,6433,281,CELL-LB-02,31.508813,74.343676,GPRS,Liberty Market
923451112233,923009998886,923451112233,410013234927061,35678901243964,2026-04-17 06:50:03,2026-04-17 06:50:03,INCOMING,5817192,5545,379,CELL-LB-02,31.509415,74.342628,GPRS,Liberty Market
923001110003,923009998888,923001110003,410012170219589,35678901670447,2026-04-08 02:46:10,2026-04-08 02:46:10,INCOMING,5009035,5096,724,CELL-ARP-08,31.521798,74.401693,GPRS,Airport Road
923001110001,923001110001,923009998881,410011340438736,35678901128201,2026-04-20 08:24:32,2026-04-20 08:24:32,OUTGOING,5473819,7808,148,CELL-MT-03,31.482448,74.324751,GPRS,Model Town
923461678183,923461678183,923009998883,410012552819909,35678901585997,2026-04-11 04:15:28,2026-04-11 04:15:28,OUTGOING,0,1563,265,CELL-ARP-08,31.52294,74.405551,CALL,Airport Road
923451112233,923451112233,923009998888,410014717103644,35678901608399,2026-04-08 02:52:34,2026-04-08 02:52:34,OUTGOING,857131,8279,388,CELL-GLB-01,31.52108,74.360399,GPRS,Gulberg
923331234567,923009998882,923331234567,410018664798679,35678901802265,2026-04-05 01:27:28,2026-04-05 01:28:20,INCOMING,0,6999,768,CELL-GLB-01,31.519628,74.359217,CALL,Gulberg
923001110003,923009998886,923001110003,410012084262163,35678901966093,2026-04-23 10:16:03,2026-04-23 10:16:03,INCOMING,0,2196,362,CELL-LB-02,31.508885,74.343933,SMS,Liberty Market
923001110001,923001110001,923009998883,410013227257170,35678901860407,2026-04-17 07:25:31,2026-04-17 07:41:26,OUTGOING,0,4314,477,CELL-GLB-01,31.520353,74.35805,VOLTE,Gulberg
923001110001,923009998881,923001110001,410012673621015,35678901811583,2026-04-14 06:00:09,2026-04-14 06:18:04,INCOMING,0,2340,977,CELL-ARP-08,31.51981,74.402315,CALL,Airport Road
923451112233,923451112233,923009998882,410016609915796,35678901742098,2026-04-11 04:33:56,2026-04-11 04:33:56,OUTGOING,844347,1858,793,CELL-LB-02,31.511799,74.342885,GPRS,Liberty Market
923451112233,923009998881,923451112233,410018474652605,35678901249831,2026-04-23 10:44:20,2026-04-23 10:44:20,INCOMING,7801524,5826,988,CELL-ARP-08,31.522119,74.402207,GPRS,Airport Road
923451112233,923451112233,923009998886,410015847898620,35678901498123,2026-04-11 04:39:55,2026-04-11 04:39:55,OUTGOING,6047523,7136,742,CELL-LB-02,31.509832,74.343155,GPRS,Liberty Market
923001110003,923001110003,923009998882,410013396895963,35678901973612,2026-04-14 06:16:40,2026-04-14 06:16:40,OUTGOING,0,5038,936,CELL-LB-02,31.511846,74.344392,SMS,Liberty Market
923001110002,923009998885,923001110002,410015154637382,35678901362507,2026-04-11 04:45:26,2026-04-11 04:45:26,INCOMING,0,8074,732,CELL-LB-02,31.509791,74.343205,CALL,Liberty Market
923331234567,923009998885,923331234567,410018440871553,35678901232685,2026-04-23 11:12:05,2026-04-23 11:15:12,INCOMING,0,4111,907,CELL-ARP-08,31.5204,74.404741,VOLTE,Airport Road
923001110001,923001110001,923009998883,410012701451383,35678901298947,2026-04-14 06:28:03,2026-04-14 06:28:03,OUTGOING,3719136,8808,754,CELL-GLB-01,31.519338,74.359781,GPRS,Gulberg
923001110003,923001110003,923009998883,410018190800118,35678901365137,2026-04-05 01:38:36,2026-04-05 01:38:36,OUTGOING,0,8396,902,CELL-LB-02,31.508274,74.344861,SMS,Liberty Market
923001110001,923009998884,923001110001,410019774343558,35678901582661,2026-04-11 04:57:24,2026-04-11 04:57:24,INCOMING,1523828,5022,487,CELL-DHA-05,31.470913,74.410729,GPRS,DHA Phase 5
923331234567,923009998887,923331234567,410016371935006,35678901232006,2026-04-11 05:00:22,2026-04-11 05:00:22,INCOMING,0,9422,187,CELL-ARP-08,31.520271,74.404514,SMS,Airport Road
923001110003,923001110003,923009998882,410013406072373,35678901241832,2026-04-17 08:25:18,2026-04-17 08:25:18,OUTGOING,5737404,9116,723,CELL-MT-03,31.482357,74.322587,GPRS,Model Town
923001110003,923001110003,923009998882,410016235320814,35678901530501,2026-04-05 01:42:01,2026-04-05 01:42:01,OUTGOING,7254114,1195,244,CELL-LB-02,31.509116,74.343618,GPRS,Liberty Market
923001110003,923001110003,923009998886,410012306286215,35678901411555,2026-04-23 12:01:50,2026-04-23 12:01:50,OUTGOING,7352815,2637,679,CELL-DHA-05,31.470785,74.410836,GPRS,DHA Phase 5
923001110002,923009998887,923001110002,410015702660542,35678901283954,2026-04-14 06:56:37,2026-04-14 07:12:09,INCOMING,0,2151,630,CELL-DHA-05,31.469059,74.410754,VOLTE,DHA Phase 5
923001110001,923009998888,923001110001,410015092644628,35678901170734,2026-04-05 01:45:57,2026-04-05 01:45:57,INCOMING,7175359,7900,372,CELL-ARP-08,31.521341,74.404303,GPRS,Airport Road
923331234567,923331234567,923009998887,410018507678396,35678901530799,2026-04-14 07:04:23,2026-04-14 07:07:13,OUTGOING,0,1440,286,CELL-GLB-01,31.519531,74.359743,CALL,Gulberg
923451112233,923009998888,923451112233,410017755770060,35678901155992,2026-04-23 12:29:03,2026-04-23 12:36:01,INCOMING,0,1822,962,CELL-LB-02,31.511449,74.34355,VOLTE,Liberty Market
923001110003,923001110003,923009998887,410016324624704,35678901593658,2026-04-14 07:12:17,2026-04-14 07:16:32,OUTGOING,0,8329,991,CELL-DHA-05,31.469261,74.408398,VOLTE,DHA Phase 5
923001110001,923009998888,923001110001,410015683368818,35678901126434,2026-04-05 01:49:35,2026-04-05 01:49:35,INCOMING,0,3854,202,CELL-GLB-01,31.521294,74.358828,SMS,Gulberg
923001110003,923001110003,923009998886,410016721626417,35678901222217,2026-04-08 03:40:23,2026-04-08 03:40:23,OUTGOING,7657442,8783,423,CELL-MT-03,31.481279,74.322332,GPRS,Model Town
923001110003,923009998884,923001110003,410018473777183,35678901451987,2026-04-20 11:06:46,2026-04-20 11:16:29,INCOMING,0,7226,441,CELL-MT-03,31.483457,74.323062,CALL,Model Town
923001110001,923009998881,923001110001,410015787303081,35678901434468,2026-04-11 05:36:13,2026-04-11 05:36:13,INCOMING,1251583,4312,510,CELL-LB-02,31.50954,74.345175,GPRS,Liberty Market
923461678183,923461678183,923009998885,410019694095395,35678901339916,2026-04-11 05:39:37,2026-04-11 05:39:37,OUTGOING,7895693,2852,147,CELL-ARP-08,31.521831,74.404163,GPRS,Airport Road
923001110001,923009998887,923001110001,410012301013686,35678901814866,2026-04-05 01:54:02,2026-04-05 01:54:02,INCOMING,4003987,1218,944,CELL-GLB-01,31.520333,74.35694,GPRS,Gulberg
923451112233,923451112233,923009998888,410017217940403,35678901412321,2026-04-05 01:55:51,2026-04-05 01:55:51,OUTGOING,2444022,9356,361,CELL-DHA-05,31.469868,74.411565,GPRS,DHA Phase 5
923001110003,923009998883,923001110003,410011001559748,35678901714636,2026-04-14 07:44:25,2026-04-14 07:44:25,INCOMING,3074434,2619,390,CELL-DHA-05,31.470201,74.410324,GPRS,DHA Phase 5
923001110003,923009998883,923001110003,410016839354876,35678901679792,2026-04-05 01:57:36,2026-04-05 02:18:14,INCOMING,0,9541,472,CELL-ARP-08,31.521545,74.403137,VOLTE,Airport Road
923001110002,923001110002,923009998885,410016793175410,35678901104393,2026-04-14 07:52:57,2026-04-14 07:52:57,OUTGOING,4810750,6888,954,CELL-MT-03,31.484426,74.324046,GPRS,Model Town
923331234567,923009998887,923331234567,410016191758527,35678901385196,2026-04-20 11:54:54,2026-04-20 11:58:39,INCOMING,0,3482,996,CELL-ARP-08,31.519635,74.405348,CALL,Airport Road
923001110001,923001110001,923009998887,410014927888594,35678901178617,2026-04-14 08:00:45,2026-04-14 08:00:45,OUTGOING,46725,8725,143,CELL-LB-02,31.510101,74.342552,GPRS,Liberty Market
923001110003,923009998887,923001110003,410016055970866,35678901275403,2026-04-17 10:05:00,2026-04-17 10:05:00,INCOMING,0,8863,880,CELL-MT-03,31.48453,74.324455,SMS,Model Town
923461678183,923461678183,923009998885,410019644264200,35678901349372,2026-04-20 12:12:13,2026-04-20 12:32:01,OUTGOING,0,3228,607,CELL-GLB-01,31.521849,74.360155,CALL,Gulberg
923461678183,923461678183,923009998885,410017246801793,35678901321774,2026-04-17 10:15:20,2026-04-17 10:15:20,OUTGOING,3911886,8130,324,CELL-DHA-05,31.467762,74.40953,GPRS,DHA Phase 5
923331234567,923009998884,923331234567,410016392456520,35678901812835,2026-04-05 02:04:33,2026-04-05 02:04:33,INCOMING,4821709,4643,602,CELL-LB-02,31.509193,74.344166,GPRS,Liberty Market
923461678183,923009998886,923461678183,410013395272859,35678901722794,2026-04-05 02:05:22,2026-04-05 02:05:22,INCOMING,7421834,3567,637,CELL-GLB-01,31.519498,74.360084,GPRS,Gulberg
923451112233,923009998884,923451112233,410014125495501,35678901629462,2026-04-23 14:42:51,2026-04-23 14:52:17,INCOMING,0,1676,563,CELL-MT-03,31.483848,74.32229,CALL,Model Town
923451112233,923451112233,923009998884,410013098664248,35678901308114,2026-04-23 14:49:31,2026-04-23 14:49:31,OUTGOING,3225301,8863,820,CELL-DHA-05,31.47101,74.411138,GPRS,DHA Phase 5
923001110002,923001110002,923009998883,410018235096174,35678901645277,2026-04-05 02:08:10,2026-04-05 02:08:10,OUTGOING,56127,5284,805,CELL-MT-03,31.4819,74.322048,GPRS,Model Town
923001110002,923009998884,923001110002,410015847200078,35678901475441,2026-04-08 04:18:08,2026-04-08 04:42:47,INCOMING,0,1815,750,CELL-MT-03,31.485051,74.32232,CALL,Model Town
923001110001,923009998888,923001110001,410016115753808,35678901903503,2026-04-17 10:50:15,2026-04-17 10:50:15,INCOMING,4375942,3482,441,CELL-DHA-05,31.467702,74.410126,GPRS,DHA Phase 5
923461678183,923461678183,923009998882,410017764191368,35678901292237,2026-04-23 15:17:40,2026-04-23 15:42:31,OUTGOING,0,3044,855,CELL-MT-03,31.48321,74.323244,VOLTE,Model Town
923451112233,923009998885,923451112233,410012454971970,35678901853197,2026-04-05 02:12:26,2026-04-05 02:39:38,INCOMING,0,6331,653,CELL-GLB-01,31.520865,74.359532,CALL,Gulberg
923001110002,923001110002,923009998881,410012315923050,35678901610302,2026-04-05 02:13:24,2026-04-05 02:13:24,OUTGOING,0,3545,546,CELL-GLB-01,31.518476,74.3592,CALL,Gulberg
923461678183,923461678183,923009998886,410014817556738,35678901534717,2026-04-08 04:28:27,2026-04-08 04:28:27,OUTGOING,7772064,5169,569,CELL-LB-02,31.511002,74.343579,GPRS,Liberty Market
923451112233,923009998882,923451112233,410016302089624,35678901574918,2026-04-20 13:30:54,2026-04-20 13:37:18,INCOMING,0,1411,140,CELL-MT-03,31.483139,74.323645,CALL,Model Town
923001110001,923001110001,923009998883,410016018883161,35678901754890,2026-04-11 06:48:36,2026-04-11 06:48:36,OUTGOING,0,8314,324,CELL-MT-03,31.484643,74.321857,CALL,Model Town
923451112233,923451112233,923009998881,410019653904903,35678901769019,2026-04-08 04:34:26,2026-04-08 04:34:26,OUTGOING,5529902,8295,335,CELL-MT-03,31.482492,74.321237,GPRS,Model Town
923461678183,923461678183,923009998887,410014423656060,35678901975763,2026-04-20 13:48:19,2026-04-20 13:48:19,OUTGOING,2253560,1781,991,CELL-MT-03,31.484945,74.324343,GPRS,Model Town
923461678183,923461678183,923009998887,410011129713233,35678901919098,2026-04-17 11:35:07,2026-04-17 11:35:07,OUTGOING,7116142,4102,748,CELL-GLB-01,31.52083,74.358216,GPRS,Gulberg
923461678183,923009998885,923461678183,410018479440564,35678901758191,2026-04-20 14:00:54,2026-04-20 14:00:54,INCOMING,3210914,1453,374,CELL-LB-02,31.508385,74.344842,GPRS,Liberty Market
923001110001,923001110001,923009998883,410012427177580,35678901301683,2026-04-17 11:45:30,2026-04-17 11:45:30,OUTGOING,0,7694,291,CELL-MT-03,31.484829,74.321703,SMS,Model Town
923001110002,923001110002,923009998886,410014540348674,35678901140739,2026-04-05 02:22:37,2026-04-05 02:22:37,OUTGOING,3270099,5716,154,CELL-MT-03,31.481438,74.322339,GPRS,Model Town
923461678183,923009998884,923461678183,410011516454115,35678901334820,2026-04-20 14:18:44,2026-04-20 14:30:13,INCOMING,0,4931,797,CELL-MT-03,31.482647,74.324841,VOLTE,Model Town
923331234567,923009998886,923331234567,410019188555926,35678901611777,2026-04-11 07:12:05,2026-04-11 07:12:05,INCOMING,142655,6453,526,CELL-MT-03,31.484766,74.322273,GPRS,Model Town
923001110002,923001110002,923009998888,410013107418710,35678901671677,2026-04-11 07:15:05,2026-04-11 07:15:05,OUTGOING,6072522,2713,577,CELL-LB-02,31.508202,74.342548,GPRS,Liberty Market
923451112233,923451112233,923009998881,410015589257605,35678901962708,2026-04-14 09:44:13,2026-04-14 09:50:42,OUTGOING,0,8676,290,CELL-LB-02,31.511735,74.343014,VOLTE,Liberty Market
923001110002,923001110002,923009998886,410011827855348,35678901816325,2026-04-23 17:09:23,2026-04-23 17:09:23,OUTGOING,1448677,9793,103,CELL-GLB-01,31.519347,74.359638,GPRS,Gulberg
923461678183,923009998887,923461678183,410014667798601,35678901302715,2026-04-08 04:56:25,2026-04-08 04:56:25,INCOMING,0,3248,166,CELL-DHA-05,31.470122,74.408976,SMS,DHA Phase 5
923451112233,923451112233,923009998882,410011598667797,35678901660545,2026-04-08 04:58:27,2026-04-08 05:08:37,OUTGOING,0,1024,911,CELL-MT-03,31.484436,74.324309,CALL,Model Town
923001110003,923009998886,923001110003,410019679062654,35678901231838,2026-04-17 12:30:41,2026-04-17 12:59:35,INCOMING,0,9050,324,CELL-GLB-01,31.520143,74.358569,VOLTE,Gulberg
923451112233,923009998886,923451112233,410015352818842,35678901390345,2026-04-23 17:37:15,2026-04-23 17:37:15,INCOMING,3555613,9327,898,CELL-LB-02,31.510315,74.345759,GPRS,Liberty Market
923451112233,923009998882,923451112233,410019523522928,35678901360068,2026-04-05 02:32:58,2026-04-05 03:01:42,INCOMING,0,1006,147,CELL-MT-03,31.482821,74.321589,VOLTE,Model Town
923331234567,923331234567,923009998885,410013769253944,35678901340761,2026-04-08 05:06:56,2026-04-08 05:06:56,OUTGOING,0,3381,480,CELL-GLB-01,31.518664,74.357158,SMS,Gulberg
923001110001,923009998884,923001110001,410011268203424,35678901913214,2026-04-20 15:24:24,2026-04-20 15:24:24,INCOMING,7694004,5371,728,CELL-GLB-01,31.520183,74.358226,GPRS,Gulberg
923001110003,923009998884,923001110003,410018853211101,35678901778897,2026-04-08 05:10:50,2026-04-08 05:10:50,INCOMING,0,9308,955,CELL-MT-03,31.48399,74.323975,VOLTE,Model Town
923001110003,923009998881,923001110003,410018604774353,35678901400863,2026-04-17 13:00:51,2026-04-17 13:00:51,INCOMING,93840,9995,755,CELL-DHA-05,31.471066,74.411618,GPRS,DHA Phase 5
923001110002,923001110002,923009998888,410011675084101,35678901600172,2026-04-05 02:37:30,2026-04-05 02:37:30,OUTGOING,282892,5181,794,CELL-LB-02,31.511898,74.342291,GPRS,Liberty Market
923451112233,923451112233,923009998881,410012562669930,35678901960677,2026-04-11 07:54:29,2026-04-11 07:54:29,OUTGOING,35050,8859,735,CELL-DHA-05,31.471387,74.408324,GPRS,DHA Phase 5
923001110002,923001110002,923009998884,410019725727733,35678901675206,2026-04-17 13:15:16,2026-04-17 13:15:16,OUTGOING,7753822,9431,645,CELL-MT-03,31.483603,74.323758,GPRS,Model Town
923001110001,923001110001,923009998888,410019076894716,35678901437270,2026-04-23 18:40:14,2026-04-23 19:03:27,OUTGOING,0,5740,469,CELL-LB-02,31.510413,74.343567,VOLTE,Liberty Market
923451112233,923451112233,923009998881,410012896316121,35678901473508,2026-04-23 18:47:52,2026-04-23 18:47:52,OUTGOING,788657,9901,839,CELL-MT-03,31.482455,74.322681,GPRS,Model Town
923461678183,923009998883,923461678183,410012952582703,35678901379763,2026-04-23 18:54:11,2026-04-23 18:54:11,INCOMING,7349791,3074,958,CELL-LB-02,31.509386,74.343956,GPRS,Liberty Market
923331234567,923331234567,923009998884,410017080782270,35678901527091,2026-04-17 13:35:02,2026-04-17 13:35:02,OUTGOING,0,6064,221,CELL-MT-03,31.481822,74.322943,SMS,Model Town
923001110003,923009998881,923001110003,410012726922887,35678901194157,2026-04-20 16:24:35,2026-04-20 16:24:35,INCOMING,0,3310,491,CELL-MT-03,31.484878,74.322532,SMS,Model Town
923451112233,923451112233,923009998886,410014039151610,35678901998367,2026-04-23 19:15:55,2026-04-23 19:44:18,OUTGOING,0,5703,550,CELL-GLB-01,31.522163,74.36024,VOLTE,Gulberg
923001110001,923009998885,923001110001,410011359939051,35678901822596,2026-04-23 19:22:18,2026-04-23 19:22:18,INCOMING,789605,1681,418,CELL-LB-02,31.509926,74.34294,GPRS,Liberty Market
923451112233,923009998886,923451112233,410015576104495,35678901150996,2026-04-05 02:47:31,2026-04-05 02:47:31,INCOMING,2003806,4538,496,CELL-GLB-01,31.520139,74.359626,GPRS,Gulberg
923331234567,923331234567,923009998884,410015838781801,35678901560161,2026-04-11 08:24:59,2026-04-11 08:24:59,OUTGOING,428640,9445,907,CELL-LB-02,31.509488,74.343371,GPRS,Liberty Market
923001110003,923009998887,923001110003,410012290480595,35678901434436,2026-04-17 14:05:31,2026-04-17 14:05:31,INCOMING,3805493,2626,959,CELL-DHA-05,31.468191,74.410084,GPRS,DHA Phase 5
923001110002,923009998887,923001110002,410016006575056,35678901619739,2026-04-23 19:50:11,2026-04-23 19:54:50,INCOMING,0,9601,554,CELL-GLB-01,31.522179,74.357474,CALL,Gulberg
923001110002,923009998886,923001110002,410018269800816,35678901949761,2026-04-05 02:51:42,2026-04-05 02:51:42,INCOMING,1490611,8890,706,CELL-ARP-08,31.520477,74.402275,GPRS,Airport Road
923331234567,923331234567,923009998881,410018958712641,35678901743633,2026-04-20 17:12:14,2026-04-20 17:12:14,OUTGOING,5456689,6039,623,CELL-LB-02,31.510532,74.344387,GPRS,Liberty Market
923331234567,923009998885,923331234567,410019037268431,35678901347276,2026-04-23 20:11:45,2026-04-23 20:11:45,INCOMING,5028436,9453,201,CELL-GLB-01,31.520792,74.358894,GPRS,Gulberg
923001110002,923009998884,923001110002,410015428092242,35678901264071,2026-04-23 20:18:04,2026-04-23 20:18:04,INCOMING,0,6761,762,CELL-MT-03,31.484871,74.323698,SMS,Model Town
923001110001,923001110001,923009998886,410014898072638,35678901503646,2026-04-11 08:45:00,2026-04-11 08:45:00,OUTGOING,890404,1825,546,CELL-GLB-01,31.520595,74.357743,GPRS,Gulberg
923461678183,923009998886,923461678183,410013103054851,35678901767216,2026-04-11 08:48:33,2026-04-11 08:48:33,INCOMING,0,2564,857,CELL-LB-02,31.508587,74.34517,CALL,Liberty Market
923001110001,923009998881,923001110001,410017062983874,35678901302944,2026-04-14 11:48:50,2026-04-14 11:48:50,INCOMING,505035,9689,808,CELL-GLB-01,31.518697,74.358164,GPRS,Gulberg
923451112233,923451112233,923009998881,410018663137930,35678901926736,2026-04-23 20:46:57,2026-04-23 20:46:57,OUTGOING,0,7946,553,CELL-MT-03,31.483413,74.322241,CALL,Model Town
923331234567,923331234567,923009998884,410018583251261,35678901547801,2026-04-17 14:55:55,2026-04-17 14:55:55,OUTGOING,4334515,5411,766,CELL-DHA-05,31.469599,74.411581,GPRS,DHA Phase 5
923451112233,923009998885,923451112233,410011978335030,35678901505306,2026-04-11 09:00:29,2026-04-11 09:00:29,INCOMING,0,5174,386,CELL-DHA-05,31.468773,74.411645,SMS,DHA Phase 5
923001110002,923001110002,923009998887,410016706967794,35678901167283,2026-04-11 09:03:08,2026-04-11 09:30:20,OUTGOING,0,6659,149,CELL-DHA-05,31.469321,74.408057,VOLTE,DHA Phase 5
923331234567,923331234567,923009998884,410014304413046,35678901211781,2026-04-08 06:04:03,2026-04-08 06:21:25,OUTGOING,0,2411,546,CELL-DHA-05,31.468963,74.408027,CALL,DHA Phase 5
923461678183,923009998888,923461678183,410014795397025,35678901245780,2026-04-17 15:15:33,2026-04-17 15:15:33,INCOMING,0,4120,216,CELL-LB-02,31.509198,74.343482,SMS,Liberty Market
923461678183,923009998886,923461678183,410015765579978,35678901540449,2026-04-17 15:20:50,2026-04-17 15:20:50,INCOMING,6263291,4845,937,CELL-ARP-08,31.521086,74.403252,GPRS,Airport Road
923001110001,923001110001,923009998885,410017049002058,35678901299692,2026-04-08 06:10:52,2026-04-08 06:10:52,OUTGOING,0,7236,988,CELL-ARP-08,31.519707,74.40446,CALL,Airport Road
923461678183,923461678183,923009998881,410019046787318,35678901380852,2026-04-14 12:24:54,2026-04-14 12:24:54,OUTGOING,5124234,7423,673,CELL-ARP-08,31.523296,74.402467,GPRS,Airport Road
923001110002,923001110002,923009998882,410019172125454,35678901471293,2026-04-05 03:07:38,2026-04-05 03:07:38,OUTGOING,5625550,9396,343,CELL-LB-02,31.50868,74.34604,GPRS,Liberty Market
923451112233,923451112233,923009998888,410014791962575,35678901184974,2026-04-20 18:48:30,2026-04-20 18:48:30,OUTGOING,3927302,2753,905,CELL-DHA-05,31.471553,74.408408,GPRS,DHA Phase 5
923001110003,923001110003,923009998883,410018556241584,35678901642372,2026-04-23 22:03:45,2026-04-23 22:03:45,OUTGOING,0,6339,594,CELL-DHA-05,31.470419,74.409739,SMS,DHA Phase 5
923451112233,923009998883,923451112233,410015920027302,35678901335712,2026-04-11 09:30:15,2026-04-11 09:30:15,INCOMING,0,1848,937,CELL-DHA-05,31.468776,74.409783,SMS,DHA Phase 5
923461678183,923461678183,923009998887,410018455392505,35678901731391,2026-04-20 19:06:13,2026-04-20 19:06:13,OUTGOING,1706587,5743,960,CELL-MT-03,31.483188,74.324062,GPRS,Model Town
923451112233,923009998886,923451112233,410013653508740,35678901793827,2026-04-08 06:24:37,2026-04-08 06:24:37,INCOMING,5727088,7445,206,CELL-LB-02,31.510132,74.346047,GPRS,Liberty Market
923001110002,923001110002,923009998885,410012860828100,35678901153910,2026-04-05 03:13:01,2026-04-05 03:13:01,OUTGOING,0,3535,954,CELL-MT-03,31.484782,74.323345,CALL,Model Town
923461678183,923009998882,923461678183,410011473929215,35678901876910,2026-04-23 22:38:42,2026-04-23 22:38:42,INCOMING,3459567,7219,568,CELL-DHA-05,31.469545,74.409718,GPRS,DHA Phase 5
923461678183,923461678183,923009998886,410015844344544,35678901968519,2026-04-14 13:00:15,2026-04-14 13:00:15,OUTGOING,5450240,1318,817,CELL-ARP-08,31.522593,74.402225,GPRS,Airport Road
923451112233,923009998888,923451112233,410015951460148,35678901372867,2026-04-14 13:04:16,2026-04-14 13:04:16,INCOMING,3573478,4838,574,CELL-ARP-08,31.522528,74.403953,GPRS,Airport Road
923331234567,923331234567,923009998882,410019417905452,35678901235111,2026-04-20 19:42:14,2026-04-20 19:42:14,OUTGOING,2838637,5695,555,CELL-DHA-05,31.469606,74.409686,GPRS,DHA Phase 5
923001110001,923001110001,923009998886,410013133666424,35678901342688,2026-04-17 16:30:14,2026-04-17 16:58:31,OUTGOING,0,2475,368,CELL-LB-02,31.510445,74.344497,CALL,Liberty Market
923001110001,923009998886,923001110001,410015549395766,35678901219073,2026-04-14 13:16:07,2026-04-14 13:42:23,INCOMING,0,9714,412,CELL-MT-03,31.481572,74.321829,VOLTE,Model Town
923331234567,923009998882,923331234567,410013899132450,35678901570479,2026-04-17 16:40:21,2026-04-17 16:40:21,INCOMING,0,9774,976,CELL-LB-02,31.510252,74.345037,VOLTE,Liberty Market
923001110002,923009998882,923001110002,410014800846096,35678901166625,2026-04-23 23:27:45,2026-04-23 23:45:14,INCOMING,0,4534,587,CELL-MT-03,31.481797,74.323153,VOLTE,Model Town
923001110003,923009998887,923001110003,410012156839756,35678901917348,2026-04-05 03:22:22,2026-04-05 03:22:22,INCOMING,1690228,8767,527,CELL-DHA-05,31.468621,74.409153,GPRS,DHA Phase 5
923331234567,923009998882,923331234567,410015441107444,35678901113522,2026-04-08 06:46:07,2026-04-08 06:46:07,INCOMING,0,1330,428,CELL-LB-02,31.512154,74.343108,SMS,Liberty Market
923331234567,923009998883,923331234567,410012233620741,35678901242902,2026-04-05 03:24:40,2026-04-05 03:24:40,INCOMING,2578044,9303,404,CELL-ARP-08,31.521808,74.403582,GPRS,Airport Road
923001110002,923009998886,923001110002,410017107834376,35678901486365,2026-04-11 10:15:23,2026-04-11 10:15:23,INCOMING,0,7563,255,CELL-GLB-01,31.520827,74.356976,SMS,Gulberg
923451112233,923451112233,923009998887,410015336959590,35678901359325,2026-04-05 03:26:27,2026-04-05 03:26:27,OUTGOING,3024679,4144,530,CELL-LB-02,31.5085,74.343502,GPRS,Liberty Market
923001110003,923001110003,923009998887,410017799909038,35678901456872,2026-04-08 06:54:05,2026-04-08 06:54:05,OUTGOING,0,7579,247,CELL-LB-02,31.510772,74.345459,SMS,Liberty Market
923001110001,923009998884,923001110001,410016130029551,35678901985546,2026-04-11 10:24:19,2026-04-11 10:24:19,INCOMING,0,2569,397,CELL-DHA-05,31.468879,74.40935,SMS,DHA Phase 5
923001110001,923009998881,923001110001,410015054816124,35678901945297,2026-04-08 06:58:22,2026-04-08 06:58:22,INCOMING,2338943,7226,162,CELL-LB-02,31.51031,74.345594,GPRS,Liberty Market
923001110002,923009998885,923001110002,410016867499439,35678901114746,2026-04-08 07:00:05,2026-04-08 07:00:05,INCOMING,1626732,2887,866,CELL-DHA-05,31.469308,74.408249,GPRS,DHA Phase 5
923001110001,923009998886,923001110001,410019376296712,35678901355065,2026-04-14 14:04:18,2026-04-14 14:04:18,INCOMING,7736987,7410,388,CELL-LB-02,31.511319,74.345398,GPRS,Liberty Market
923451112233,923451112233,923009998885,410012616701740,35678901547100,2026-04-11 10:36:41,2026-04-11 10:36:41,OUTGOING,5996521,9891,248,CELL-DHA-05,31.469001,74.40875,GPRS,DHA Phase 5
923001110001,923001110001,923009998887,410016710767746,35678901463520,2026-04-24 00:51:17,2026-04-24 00:51:17,OUTGOING,5082479,1933,937,CELL-GLB-01,31.518806,74.360508,GPRS,Gulberg
923451112233,923009998885,923451112233,410018978933801,35678901268781,2026-04-14 14:16:45,2026-04-14 14:39:46,INCOMING,0,9895,637,CELL-DHA-05,31.468534,74.408044,CALL,DHA Phase 5
923001110003,923009998883,923001110003,410011299885822,35678901474318,2026-04-14 14:20:23,2026-04-14 14:33:09,INCOMING,0,9960,851,CELL-ARP-08,31.521082,74.401636,VOLTE,Airport Road
923001110002,923001110002,923009998886,410013663242098,35678901579574,2026-04-08 07:12:34,2026-04-08 07:15:20,OUTGOING,0,2888,294,CELL-GLB-01,31.52061,74.357587,CALL,Gulberg
923001110001,923009998885,923001110001,410019832879824,35678901145896,2026-04-14 14:28:45,2026-04-14 14:28:45,INCOMING,7670133,6027,626,CELL-GLB-01,31.519712,74.358827,GPRS,Gulberg
923001110003,923001110003,923009998882,410012964429734,35678901121600,2026-04-08 07:16:27,2026-04-08 07:16:27,OUTGOING,1359493,7933,979,CELL-LB-02,31.511253,74.345429,GPRS,Liberty Market
923001110002,923009998888,923001110002,410019559916991,35678901874519,2026-04-08 07:18:34,2026-04-08 07:18:34,INCOMING,1613317,5434,638,CELL-DHA-05,31.469907,74.410317,GPRS,DHA Phase 5
923001110002,923009998887,923001110002,410015225249688,35678901708713,2026-04-05 03:40:55,2026-04-05 03:43:33,INCOMING,0,8525,480,CELL-ARP-08,31.522225,74.404448,CALL,Airport Road
923461678183,923461678183,923009998887,410011308358266,35678901571894,2026-04-08 07:22:49,2026-04-08 07:27:29,OUTGOING,0,5841,564,CELL-LB-02,31.512149,74.345642,CALL,Liberty Market
923451112233,923009998883,923451112233,410012529091721,35678901122968,2026-04-24 01:54:12,2026-04-24 01:55:23,INCOMING,0,1025,882,CELL-LB-02,31.510453,74.343817,CALL,Liberty Market
923331234567,923331234567,923009998888,410014116730650,35678901170751,2026-04-17 18:35:33,2026-04-17 18:35:33,OUTGOING,6666935,3613,509,CELL-DHA-05,31.470603,74.409604,GPRS,DHA Phase 5
923331234567,923009998884,923331234567,410013783202261,35678901889737,2026-04-11 11:12:48,2026-04-11 11:12:48,INCOMING,0,5726,754,CELL-LB-02,31.5095,74.346082,SMS,Liberty Market
923001110001,923009998883,923001110001,410018273968936,35678901984104,2026-04-24 02:15:43,2026-04-24 02:15:43,INCOMING,1560546,8484,798,CELL-GLB-01,31.518465,74.360046,GPRS,Gulberg
923451112233,923009998883,923451112233,410011373554579,35678901243725,2026-04-17 18:50:32,2026-04-17 19:20:24,INCOMING,0,6307,482,CELL-ARP-08,31.52326,74.401912,CALL,Airport Road
923461678183,923461678183,923009998884,410014481752423,35678901379921,2026-04-11 11:21:44,2026-04-11 11:21:44,OUTGOING,1475399,9781,112,CELL-MT-03,31.484793,74.321524,GPRS,Model Town
923001110003,923001110003,923009998888,410011234169624,35678901953179,2026-04-24 02:36:28,2026-04-24 03:05:55,OUTGOING,0,4177,206,CELL-GLB-01,31.519771,74.360663,VOLTE,Gulberg
923331234567,923331234567,923009998883,410014257164004,35678901858311,2026-04-08 07:38:43,2026-04-08 07:38:43,OUTGOING,5839481,2387,894,CELL-DHA-05,31.469618,74.411114,GPRS,DHA Phase 5
923331234567,923331234567,923009998882,410011763136729,35678901227684,2026-04-05 03:50:33,2026-04-05 04:07:03,OUTGOING,0,2544,420,CELL-MT-03,31.484077,74.324076,VOLTE,Model Town
923001110003,923001110003,923009998883,410013053927129,35678901990632,2026-04-17 19:15:35,2026-04-17 19:15:35,OUTGOING,4649342,8854,405,CELL-MT-03,31.484978,74.322293,GPRS,Model Town
923001110001,923009998884,923001110001,410015622576374,35678901382244,2026-04-20 23:12:50,2026-04-20 23:12:50,INCOMING,7839895,1727,653,CELL-DHA-05,31.46786,74.410364,GPRS,DHA Phase 5
923001110003,923001110003,923009998882,410016029547981,35678901383887,2026-04-17 19:25:53,2026-04-17 19:25:53,OUTGOING,7660604,9024,787,CELL-ARP-08,31.521275,74.403457,GPRS,Airport Road
923001110001,923001110001,923009998883,410017780866984,35678901701366,2026-04-08 07:48:36,2026-04-08 08:02:34,OUTGOING,0,6000,719,CELL-LB-02,31.510689,74.345854,CALL,Liberty Market
923451112233,923451112233,923009998886,410014786543185,35678901389637,2026-04-17 19:35:00,2026-04-17 20:03:28,OUTGOING,0,8576,617,CELL-MT-03,31.483127,74.321093,CALL,Model Town
923001110002,923009998888,923001110002,410016273140671,35678901522865,2026-04-20 23:36:16,2026-04-20 23:36:16,INCOMING,6389344,2809,723,CELL-DHA-05,31.471537,74.407929,GPRS,DHA Phase 5
923001110003,923001110003,923009998884,410017994966858,35678901122865,2026-04-14 15:48:05,2026-04-14 15:48:05,OUTGOING,6656715,8327,722,CELL-GLB-01,31.518881,74.356991,GPRS,Gulberg
923451112233,923451112233,923009998888,410017166422504,35678901518248,2026-04-08 07:56:30,2026-04-08 07:56:30,OUTGOING,7240082,2113,135,CELL-ARP-08,31.520832,74.402616,GPRS,Airport Road
923461678183,923461678183,923009998884,410019326954832,35678901876050,2026-04-17 19:55:08,2026-04-17 20:24:28,OUTGOING,0,8470,832,CELL-GLB-01,31.520662,74.358443,VOLTE,Gulberg
923001110001,923001110001,923009998888,410015422023553,35678901695828,2026-04-08 08:00:45,2026-04-08 08:02:58,OUTGOING,0,4109,215,CELL-DHA-05,31.470166,74.408494,CALL,DHA Phase 5
923001110001,923009998887,923001110001,410016418030724,35678901878365,2026-04-14 16:04:04,2026-04-14 16:04:04,INCOMING,0,3702,150,CELL-MT-03,31.482294,74.324308,SMS,Model Town
923001110001,923001110001,923009998885,410017764094817,35678901179151,2026-04-24 04:14:07,2026-04-24 04:14:07,OUTGOING,0,2469,291,CELL-GLB-01,31.521526,74.356754,SMS,Gulberg
923001110001,923009998886,923001110001,410019154365235,35678901642071,2026-04-14 16:12:38,2026-04-14 16:12:38,INCOMING,7428425,7054,792,CELL-GLB-01,31.520667,74.360513,GPRS,Gulberg
923001110003,923009998881,923001110003,410018158498520,35678901247799,2026-04-05 04:04:23,2026-04-05 04:04:23,INCOMING,3209948,8051,158,CELL-DHA-05,31.469337,74.410037,GPRS,DHA Phase 5
923331234567,923009998882,923331234567,410013598003968,35678901406815,2026-04-14 16:20:41,2026-04-14 16:20:41,INCOMING,6395400,5113,687,CELL-DHA-05,31.468508,74.411601,GPRS,DHA Phase 5
923001110001,923001110001,923009998885,410017730775265,35678901367185,2026-04-08 08:12:24,2026-04-08 08:12:24,OUTGOING,7982426,7324,293,CELL-GLB-01,31.521468,74.357382,GPRS,Gulberg
923001110001,923009998883,923001110001,410011891519637,35678901981013,2026-04-17 20:35:22,2026-04-17 20:35:22,INCOMING,1781418,4947,808,CELL-LB-02,31.510683,74.342765,GPRS,Liberty Market
923331234567,923331234567,923009998881,410012748229179,35678901794076,2026-04-17 20:40:01,2026-04-17 20:40:01,OUTGOING,1550299,4539,798,CELL-GLB-01,31.520199,74.360535,GPRS,Gulberg
923001110003,923001110003,923009998887,410018069020719,35678901963954,2026-04-11 12:27:34,2026-04-11 12:27:34,OUTGOING,0,8608,877,CELL-LB-02,31.511644,74.342311,CALL,Liberty Market
923451112233,923451112233,923009998882,410018683974959,35678901887530,2026-04-14 16:40:42,2026-04-14 16:40:42,OUTGOING,4486031,2940,559,CELL-MT-03,31.483577,74.324441,GPRS,Model Town
923451112233,923451112233,923009998885,410017964716813,35678901564570,2026-04-14 16:44:49,2026-04-14 16:44:49,OUTGOING,0,1060,925,CELL-MT-03,31.481996,74.323119,CALL,Model Town
923001110002,923009998887,923001110002,410017864565476,35678901225656,2026-04-17 21:00:08,2026-04-17 21:00:08,INCOMING,6105926,6300,554,CELL-DHA-05,31.471665,74.408148,GPRS,DHA Phase 5
923451112233,923451112233,923009998881,410013913597887,35678901784612,2026-04-05 04:13:39,2026-04-05 04:13:39,OUTGOING,7760825,2134,491,CELL-MT-03,31.482058,74.32361,GPRS,Model Town
923461678183,923461678183,923009998886,410015172567885,35678901885011,2026-04-05 04:14:15,2026-04-05 04:16:31,OUTGOING,0,8192,147,CELL-LB-02,31.510248,74.345528,CALL,Liberty Market
923331234567,923331234567,923009998883,410015288577830,35678901166072,2026-04-24 05:45:41,2026-04-24 05:45:41,OUTGOING,0,9044,404,CELL-LB-02,31.511962,74.342538,SMS,Liberty Market
923331234567,923331234567,923009998888,410015274622762,35678901757427,2026-04-17 21:20:26,2026-04-17 21:20:26,OUTGOING,7437365,2115,866,CELL-DHA-05,31.468305,74.408081,GPRS,DHA Phase 5
923001110001,923001110001,923009998885,410014496441612,35678901978400,2026-04-11 12:51:08,2026-04-11 13:04:20,OUTGOING,0,1192,673,CELL-GLB-01,31.518785,74.356978,CALL,Gulberg
923001110001,923009998886,923001110001,410019365634994,35678901851801,2026-04-11 12:54:17,2026-04-11 13:14:44,INCOMING,0,6207,827,CELL-ARP-08,31.520528,74.401875,CALL,Airport Road
923461678183,923009998882,923461678183,410017596999520,35678901628050,2026-04-08 08:38:16,2026-04-08 08:38:16,INCOMING,0,7613,875,CELL-GLB-01,31.521666,74.358288,SMS,Gulberg
923001110002,923001110002,923009998882,410017411540258,35678901604595,2026-04-21 02:00:22,2026-04-21 02:00:22,OUTGOING,3856621,5277,246,CELL-LB-02,31.509084,74.344677,GPRS,Liberty Market
923001110001,923001110001,923009998882,410014662393802,35678901187441,2026-04-21 02:06:06,2026-04-21 02:25:01,OUTGOING,0,3327,136,CELL-MT-03,31.48333,74.323449,CALL,Model Town
923001110002,923009998884,923001110002,410014876195225,35678901221879,2026-04-11 13:06:44,2026-04-11 13:06:44,INCOMING,2575751,5843,926,CELL-GLB-01,31.5195,74.358744,GPRS,Gulberg
923001110001,923009998881,923001110001,410014637847061,35678901473388,2026-04-11 13:09:56,2026-04-11 13:09:56,INCOMING,432868,3361,682,CELL-LB-02,31.508415,74.342664,GPRS,Liberty Market
923001110002,923009998888,923001110002,410014900569949,35678901930871,2026-04-08 08:48:27,2026-04-08 08:48:27,INCOMING,3540689,1948,816,CELL-LB-02,31.510769,74.344389,GPRS,Liberty Market
923001110002,923009998887,923001110002,410018103237500,35678901805799,2026-04-17 22:05:43,2026-04-17 22:05:43,INCOMING,6192477,5137,787,CELL-LB-02,31.510796,74.345532,GPRS,Liberty Market
923001110003,923009998887,923001110003,410014673999383,35678901475863,2026-04-21 02:36:11,2026-04-21 02:36:11,INCOMING,6617935,9861,673,CELL-DHA-05,31.468616,74.408495,GPRS,DHA Phase 5
923001110002,923009998888,923001110002,410019311425632,35678901955417,2026-04-24 07:09:03,2026-04-24 07:09:03,INCOMING,0,6022,142,CELL-ARP-08,31.521553,74.405458,CALL,Airport Road
923451112233,923009998888,923451112233,410011895971594,35678901918451,2026-04-08 08:56:21,2026-04-08 08:56:21,INCOMING,0,5557,911,CELL-DHA-05,31.470848,74.40778,SMS,DHA Phase 5
923001110001,923001110001,923009998884,410015597428347,35678901811188,2026-04-08 08:58:53,2026-04-08 08:58:53,OUTGOING,3246033,3581,128,CELL-DHA-05,31.46772,74.411168,GPRS,DHA Phase 5
923331234567,923009998882,923331234567,410013810661965,35678901607137,2026-04-05 04:30:49,2026-04-05 04:30:49,INCOMING,3582093,4858,654,CELL-LB-02,31.511717,74.344017,GPRS,Liberty Market
923001110001,923001110001,923009998881,410013162195893,35678901507409,2026-04-05 04:31:07,2026-04-05 04:42:29,OUTGOING,0,1326,394,CELL-LB-02,31.508896,74.342866,VOLTE,Liberty Market
923451112233,923009998883,923451112233,410017766267727,35678901500038,2026-04-08 09:04:26,2026-04-08 09:04:26,INCOMING,5929332,5881,825,CELL-LB-02,31.508209,74.344101,GPRS,Liberty Market
923001110002,923009998882,923001110002,410015397558235,35678901745048,2026-04-21 03:18:40,2026-04-21 03:46:34,INCOMING,0,5087,147,CELL-DHA-05,31.470926,74.410969,CALL,DHA Phase 5
923461678183,923009998882,923461678183,410012559292246,35678901748283,2026-04-17 22:50:56,2026-04-17 22:59:10,INCOMING,0,6643,395,CELL-ARP-08,31.523589,74.404451,CALL,Airport Road
923001110003,923009998887,923001110003,410015524298990,35678901985101,2026-04-08 09:10:17,2026-04-08 09:31:53,INCOMING,0,1772,777,CELL-GLB-01,31.520034,74.359898,VOLTE,Gulberg
923001110003,923009998888,923001110003,410012712822491,35678901523862,2026-04-17 23:00:37,2026-04-17 23:00:37,INCOMING,647547,2005,814,CELL-MT-03,31.48176,74.323877,GPRS,Model Town
923451112233,923009998885,923451112233,410012741563443,35678901333655,2026-04-11 13:51:30,2026-04-11 13:51:30,INCOMING,0,6019,756,CELL-LB-02,31.508416,74.344863,CALL,Liberty Market
923001110003,923001110003,923009998886,410011777104346,35678901393713,2026-04-08 09:16:54,2026-04-08 09:16:54,OUTGOING,0,4086,627,CELL-DHA-05,31.468751,74.410611,SMS,DHA Phase 5
923001110003,923001110003,923009998888,410011157476928,35678901179027,2026-04-05 04:39:48,2026-04-05 04:39:48,OUTGOING,5830202,8824,600,CELL-DHA-05,31.469832,74.409361,GPRS,DHA Phase 5
923001110003,923001110003,923009998888,410018591917121,35678901623285,2026-04-05 04:40:57,2026-04-05 04:40:57,OUTGOING,1380078,8548,420,CELL-MT-03,31.48337,74.321115,GPRS,Model Town
923001110003,923001110003,923009998888,410017351751075,35678901918177,2026-04-21 04:06:27,2026-04-21 04:06:27,OUTGOING,0,7791,490,CELL-DHA-05,31.470999,74.407721,SMS,DHA Phase 5
923001110003,923001110003,923009998888,410018726361397,35678901733917,2026-04-11 14:06:55,2026-04-11 14:06:55,OUTGOING,0,4424,140,CELL-LB-02,31.510963,74.343653,SMS,Liberty Market
923001110001,923009998881,923001110001,410012825480821,35678901957634,2026-04-24 09:01:18,2026-04-24 09:01:18,INCOMING,2163713,6865,217,CELL-GLB-01,31.519271,74.357878,GPRS,Gulberg
923451112233,923009998883,923451112233,410011030982751,35678901605725,2026-04-17 23:40:00,2026-04-17 23:40:00,INCOMING,3053094,6553,772,CELL-DHA-05,31.469357,74.411343,GPRS,DHA Phase 5
923461678183,923009998888,923461678183,410016298318211,35678901312771,2026-04-21 04:30:16,2026-04-21 04:42:41,INCOMING,0,6595,597,CELL-DHA-05,31.470367,74.410533,VOLTE,DHA Phase 5
923001110002,923009998883,923001110002,410012701714302,35678901362544,2026-04-08 09:32:17,2026-04-08 09:32:17,INCOMING,0,2492,382,CELL-LB-02,31.510819,74.34327,CALL,Liberty Market
923001110002,923009998886,923001110002,410018101780946,35678901555528,2026-04-24 09:29:57,2026-04-24 09:29:57,INCOMING,6561325,8327,983,CELL-ARP-08,31.523267,74.404434,GPRS,Airport Road
923001110002,923009998881,923001110002,410013578861940,35678901244671,2026-04-24 09:36:22,2026-04-24 09:36:22,INCOMING,555354,1297,423,CELL-GLB-01,31.520265,74.359674,GPRS,Gulberg
923001110003,923001110003,923009998888,410011389889680,35678901227098,2026-04-24 09:43:31,2026-04-24 09:43:31,OUTGOING,4177843,8269,507,CELL-GLB-01,31.521784,74.360512,GPRS,Gulberg
923331234567,923331234567,923009998886,410013217336321,35678901603760,2026-04-05 04:50:38,2026-04-05 04:50:38,OUTGOING,0,6478,655,CELL-GLB-01,31.519081,74.356813,VOLTE,Gulberg
923001110003,923009998887,923001110003,410018157165107,35678901230263,2026-04-11 14:33:29,2026-04-11 14:33:29,INCOMING,0,5721,769,CELL-ARP-08,31.52258,74.405378,SMS,Airport Road
923451112233,923009998882,923451112233,410015508832182,35678901249789,2026-04-08 09:44:44,2026-04-08 09:44:44,INCOMING,2689486,4434,863,CELL-MT-03,31.481499,74.322529,GPRS,Model Town
923001110003,923009998887,923001110003,410018720032405,35678901185750,2026-04-24 10:11:36,2026-04-24 10:11:36,INCOMING,2633964,6479,211,CELL-GLB-01,31.522072,74.359641,GPRS,Gulberg
923001110001,923001110001,923009998886,410019587608279,35678901909780,2026-04-21 05:24:08,2026-04-21 05:24:08,OUTGOING,3735346,8030,289,CELL-LB-02,31.512122,74.345746,GPRS,Liberty Market
923331234567,923009998882,923331234567,410011217177295,35678901743397,2026-04-05 04:55:44,2026-04-05 04:55:44,INCOMING,1466596,9781,742,CELL-LB-02,31.5093,74.342275,GPRS,Liberty Market
923001110003,923009998884,923001110003,410013814252431,35678901537178,2026-04-18 00:40:19,2026-04-18 00:40:19,INCOMING,89142,5274,784,CELL-DHA-05,31.468518,74.410089,GPRS,DHA Phase 5
923001110003,923009998882,923001110003,410019282605627,35678901558514,2026-04-08 09:54:40,2026-04-08 09:56:58,INCOMING,0,1705,772,CELL-LB-02,31.509806,74.344145,VOLTE,Liberty Market
923461678183,923009998886,923461678183,410018710823233,35678901716494,2026-04-24 10:46:31,2026-04-24 10:54:12,INCOMING,0,7388,579,CELL-ARP-08,31.519747,74.405289,VOLTE,Airport Road
923461678183,923461678183,923009998884,410017988743465,35678901589919,2026-04-11 14:57:08,2026-04-11 15:24:50,OUTGOING,0,9340,347,CELL-LB-02,31.511171,74.345404,CALL,Liberty Market
923461678183,923009998883,923461678183,410012879375596,35678901399443,2026-04-08 10:00:08,2026-04-08 10:00:08,INCOMING,0,7821,583,CELL-DHA-05,31.467767,74.408054,SMS,DHA Phase 5
923461678183,923461678183,923009998887,410019929544298,35678901872558,2026-04-21 06:06:02,2026-04-21 06:06:02,OUTGOING,3895045,6852,497,CELL-GLB-01,31.519209,74.356911,GPRS,Gulberg
923331234567,923331234567,923009998888,410011360671369,35678901684615,2026-04-21 06:12:41,2026-04-21 06:12:41,OUTGOING,6372763,1173,846,CELL-GLB-01,31.522261,74.359934,GPRS,Gulberg
923001110003,923009998888,923001110003,410017429951574,35678901604062,2026-04-21 06:18:28,2026-04-21 06:18:28,INCOMING,6669,4517,117,CELL-MT-03,31.485117,74.324634,GPRS,Model Town
923001110001,923001110001,923009998882,410017379646661,35678901442647,2026-04-05 05:04:42,2026-04-05 05:04:42,OUTGOING,6448131,2499,530,CELL-ARP-08,31.522391,74.403975,GPRS,Airport Road
923001110003,923001110003,923009998885,410013670079989,35678901789351,2026-04-24 11:35:48,2026-04-24 11:35:48,OUTGOING,2472565,2099,713,CELL-GLB-01,31.521053,74.356941,GPRS,Gulberg
923331234567,923331234567,923009998883,410014447507753,35678901344030,2026-04-21 06:36:56,2026-04-21 06:36:56,OUTGOING,0,6026,773,CELL-LB-02,31.508778,74.34328,SMS,Liberty Market
923451112233,923009998882,923451112233,410011260585440,35678901865606,2026-04-14 20:28:51,2026-04-14 20:53:45,INCOMING,0,7262,418,CELL-ARP-08,31.522381,74.402479,CALL,Airport Road
923001110002,923009998885,923001110002,410011528661855,35678901410818,2026-04-18 01:40:04,2026-04-18 01:40:04,INCOMING,5189550,4231,536,CELL-ARP-08,31.523147,74.402318,GPRS,Airport Road
923001110003,923001110003,923009998881,410018156840347,35678901401137,2026-04-08 10:18:27,2026-04-08 10:18:27,OUTGOING,0,7616,706,CELL-MT-03,31.48519,74.323843,CALL,Model Town
923001110001,923001110001,923009998881,410017571810602,35678901211141,2026-04-08 10:20:27,2026-04-08 10:20:27,OUTGOING,3912469,2094,333,CELL-MT-03,31.484777,74.321302,GPRS,Model Town
923001110002,923009998884,923001110002,410018841077687,35678901489614,2026-04-11 15:33:48,2026-04-11 15:33:48,INCOMING,842805,3374,838,CELL-GLB-01,31.521691,74.356701,GPRS,Gulberg
923001110001,923009998883,923001110001,410012227655942,35678901958170,2026-04-14 20:48:33,2026-04-14 21:13:01,INCOMING,0,5428,994,CELL-DHA-05,31.469476,74.409568,CALL,DHA Phase 5
923001110003,923009998886,923001110003,410013494465705,35678901331804,2026-04-24 12:31:54,2026-04-24 12:31:54,INCOMING,3813471,1509,825,CELL-DHA-05,31.469484,74.410103,GPRS,DHA Phase 5
923001110001,923001110001,923009998883,410012089109008,35678901811981,2026-04-21 07:24:38,2026-04-21 07:24:38,OUTGOING,0,2261,264,CELL-DHA-05,31.467911,74.409738,SMS,DHA Phase 5
923331234567,923009998881,923331234567,410015664437595,35678901504502,2026-04-08 10:30:01,2026-04-08 10:30:01,INCOMING,6869038,5047,260,CELL-LB-02,31.509281,74.344879,GPRS,Liberty Market
923001110002,923001110002,923009998885,410012776660667,35678901577060,2026-04-21 07:36:18,2026-04-21 07:36:18,OUTGOING,1251544,1407,539,CELL-MT-03,31.484745,74.323338,GPRS,Model Town
923451112233,923451112233,923009998885,410015025766207,35678901620971,2026-04-05 05:17:37,2026-04-05 05:17:37,OUTGOING,0,5786,880,CELL-DHA-05,31.470134,74.409016,SMS,DHA Phase 5
923461678183,923009998885,923461678183,410018795858804,35678901150125,2026-04-14 21:12:45,2026-04-14 21:26:08,INCOMING,0,8930,261,CELL-ARP-08,31.520165,74.405507,VOLTE,Airport Road
923001110001,923001110001,923009998881,410012672211618,35678901704008,2026-04-18 02:35:44,2026-04-18 02:54:05,OUTGOING,0,2164,563,CELL-MT-03,31.481586,74.321806,CALL,Model Town
923461678183,923461678183,923009998886,410012157945402,35678901220630,2026-04-14 21:20:29,2026-04-14 21:43:32,OUTGOING,0,7655,613,CELL-MT-03,31.484215,74.32473,VOLTE,Model Town
923461678183,923009998883,923461678183,410017418325598,35678901158934,2026-04-24 13:27:28,2026-04-24 13:27:28,INCOMING,845114,8514,298,CELL-ARP-08,31.522929,74.405073,GPRS,Airport Road
923461678183,923461678183,923009998886,410016234881840,35678901218401,2026-04-05 05:22:47,2026-04-05 05:22:47,OUTGOING,6485431,5952,696,CELL-DHA-05,31.470493,74.408176,GPRS,DHA Phase 5
923001110003,923009998887,923001110003,410015875383817,35678901470038,2026-04-05 05:23:14,2026-04-05 05:23:14,INCOMING,1730102,6585,618,CELL-DHA-05,31.470159,74.410696,GPRS,DHA Phase 5
923461678183,923461678183,923009998886,410015618351615,35678901546828,2026-04-14 21:36:35,2026-04-14 21:36:35,OUTGOING,0,9296,953,CELL-LB-02,31.511162,74.342891,CALL,Liberty Market
923001110002,923001110002,923009998888,410019214445567,35678901548936,2026-04-21 08:30:05,2026-04-21 08:44:06,OUTGOING,0,2320,941,CELL-DHA-05,31.469424,74.411101,VOLTE,DHA Phase 5
923001110001,923001110001,923009998888,410016478125327,35678901100575,2026-04-24 14:02:47,2026-04-24 14:02:47,OUTGOING,0,6145,622,CELL-LB-02,31.510905,74.343081,CALL,Liberty Market
923001110003,923009998884,923001110003,410014482381505,35678901122596,2026-04-08 10:54:33,2026-04-08 10:54:33,INCOMING,7098876,1196,816,CELL-MT-03,31.483725,74.323716,GPRS,Model Town
923001110001,923001110001,923009998883,410012432804081,35678901859566,2026-04-24 14:16:14,2026-04-24 14:44:41,OUTGOING,0,5573,610,CELL-ARP-08,31.522876,74.40451,CALL,Airport Road
923331234567,923009998888,923331234567,410016736490831,35678901559536,2026-04-05 05:29:46,2026-04-05 05:52:02,INCOMING,0,7253,493,CELL-DHA-05,31.468036,74.408904,CALL,DHA Phase 5
923001110001,923009998881,923001110001,410015314831101,35678901629871,2026-04-08 11:00:10,2026-04-08 11:04:43,INCOMING,0,1118,113,CELL-LB-02,31.511915,74.345997,CALL,Liberty Market
923461678183,923461678183,923009998886,410015615065110,35678901619658,2026-04-08 11:02:40,2026-04-08 11:11:25,OUTGOING,0,3021,446,CELL-ARP-08,31.520556,74.404813,VOLTE,Airport Road
923001110001,923009998888,923001110001,410014906647743,35678901155522,2026-04-11 16:36:32,2026-04-11 16:36:32,INCOMING,5045430,1029,327,CELL-GLB-01,31.520185,74.359056,GPRS,Gulberg
923001110001,923009998884,923001110001,410011400507395,35678901440820,2026-04-08 11:06:46,2026-04-08 11:08:55,INCOMING,0,6813,491,CELL-GLB-01,31.519867,74.358653,VOLTE,Gulberg
923001110003,923001110003,923009998884,410018550500502,35678901354005,2026-04-08 11:08:06,2026-04-08 11:08:06,OUTGOING,1456016,5297,885,CELL-GLB-01,31.520825,74.356762,GPRS,Gulberg
923001110001,923001110001,923009998884,410018227447797,35678901473792,2026-04-05 05:35:25,2026-04-05 05:35:25,OUTGOING,0,5228,595,CELL-LB-02,31.508984,74.34222,VOLTE,Liberty Market
923001110001,923001110001,923009998887,410018621198251,35678901944389,2026-04-14 22:24:49,2026-04-14 22:24:49,OUTGOING,1782949,7910,333,CELL-MT-03,31.48372,74.323682,GPRS,Model Town
923001110003,923001110003,923009998883,410011123447647,35678901795235,2026-04-05 05:37:29,2026-04-05 06:04:24,OUTGOING,0,3956,890,CELL-DHA-05,31.470042,74.409995,VOLTE,DHA Phase 5
923461678183,923009998888,923461678183,410019029187654,35678901137654,2026-04-14 22:32:16,2026-04-14 22:32:16,INCOMING,7501125,5250,889,CELL-DHA-05,31.471296,74.408429,GPRS,DHA Phase 5
923001110001,923001110001,923009998881,410018484408677,35678901893914,2026-04-08 11:18:53,2026-04-08 11:18:53,OUTGOING,6839916,4733,260,CELL-DHA-05,31.471399,74.411686,GPRS,DHA Phase 5
923451112233,923451112233,923009998883,410018293263910,35678901415503,2026-04-14 22:40:01,2026-04-14 22:40:01,OUTGOING,7885924,8360,701,CELL-LB-02,31.510407,74.344744,GPRS,Liberty Market
923331234567,923009998884,923331234567,410013426230717,35678901242482,2026-04-05 05:41:57,2026-04-05 05:41:57,INCOMING,4679627,4829,289,CELL-DHA-05,31.469173,74.407855,GPRS,DHA Phase 5
923461678183,923461678183,923009998883,410014127265480,35678901321896,2026-04-05 05:42:53,2026-04-05 05:50:25,OUTGOING,0,1896,448,CELL-GLB-01,31.518649,74.358018,VOLTE,Gulberg
923461678183,923461678183,923009998885,410018417382823,35678901624942,2026-04-11 17:09:35,2026-04-11 17:35:49,OUTGOING,0,1817,197,CELL-DHA-05,31.471314,74.408954,CALL,DHA Phase 5
923001110001,923009998882,923001110001,410016474695849,35678901110156,2026-04-14 22:56:43,2026-04-14 22:56:43,INCOMING,4690251,5550,783,CELL-LB-02,31.511477,74.34415,GPRS,Liberty Market
923451112233,923009998887,923451112233,410011474522222,35678901580684,2026-04-18 04:45:03,2026-04-18 04:45:03,INCOMING,0,2523,201,CELL-LB-02,31.510911,74.343389,VOLTE,Liberty Market
923451112233,923451112233,923009998881,410012355053215,35678901893611,2026-04-05 05:46:55,2026-04-05 05:49:12,OUTGOING,0,8524,524,CELL-GLB-01,31.51951,74.358632,CALL,Gulberg
923461678183,923461678183,923009998888,410019316492442,35678901903906,2026-04-05 05:47:49,2026-04-05 05:47:49,OUTGOING,2822794,2858,200,CELL-LB-02,31.510234,74.343217,GPRS,Liberty Market
923001110003,923001110003,923009998882,410017290346140,35678901479830,2026-04-14 23:12:16,2026-04-14 23:12:16,OUTGOING,6739422,4288,632,CELL-GLB-01,31.520188,74.359283,GPRS,Gulberg
923331234567,923331234567,923009998882,410016199143752,35678901686904,2026-04-14 23:16:06,2026-04-14 23:16:06,OUTGOING,0,5568,425,CELL-MT-03,31.484722,74.324524,SMS,Model Town
923001110001,923001110001,923009998888,410011320571246,35678901580121,2026-04-14 23:20:45,2026-04-14 23:20:45,OUTGOING,4676375,8204,454,CELL-DHA-05,31.470562,74.410598,GPRS,DHA Phase 5
923001110001,923001110001,923009998885,410014723449221,35678901951976,2026-04-24 16:57:17,2026-04-24 16:57:17,OUTGOING,3796688,8003,432,CELL-DHA-05,31.471124,74.409245,GPRS,DHA Phase 5
923001110001,923001110001,923009998887,410018076413112,35678901934154,2026-04-18 05:20:43,2026-04-18 05:20:43,OUTGOING,7077756,4132,672,CELL-MT-03,31.484187,74.32305,GPRS,Model Town
923451112233,923451112233,923009998882,410019911670139,35678901818088,2026-04-18 05:25:24,2026-04-18 05:48:19,OUTGOING,0,6844,913,CELL-DHA-05,31.46828,74.410814,CALL,DHA Phase 5
923451112233,923451112233,923009998885,410011090789398,35678901451825,2026-04-21 11:24:38,2026-04-21 11:49:13,OUTGOING,0,3759,485,CELL-ARP-08,31.523281,74.402481,CALL,Airport Road
923461678183,923461678183,923009998886,410019306424686,35678901505172,2026-04-14 23:40:53,2026-04-14 23:40:53,OUTGOING,2725369,6174,241,CELL-MT-03,31.482624,74.322522,GPRS,Model Town
923461678183,923009998881,923461678183,410011449948909,35678901527575,2026-04-05 05:56:38,2026-04-05 05:56:38,INCOMING,1920867,1759,222,CELL-LB-02,31.511962,74.34312,GPRS,Liberty Market
923331234567,923009998883,923331234567,410013840580048,35678901317477,2026-04-14 23:48:48,2026-04-14 23:48:48,INCOMING,5097237,5251,507,CELL-ARP-08,31.523335,74.403157,GPRS,Airport Road
923001110001,923009998884,923001110001,410016323430818,35678901418461,2026-04-05 05:58:28,2026-04-05 05:58:28,INCOMING,0,4966,302,CELL-GLB-01,31.522338,74.358429,SMS,Gulberg
923331234567,923009998888,923331234567,410012481601049,35678901692521,2026-04-14 23:56:26,2026-04-14 23:56:26,INCOMING,1263891,4428,385,CELL-DHA-05,31.470077,74.408859,GPRS,DHA Phase 5
923001110002,923009998885,923001110002,410017117161904,35678901413271,2026-04-15 00:00:01,2026-04-15 00:11:26,INCOMING,0,1942,582,CELL-DHA-05,31.470818,74.41026,VOLTE,DHA Phase 5
923001110003,923001110003,923009998885,410018657159571,35678901855281,2026-04-18 06:05:14,2026-04-18 06:22:38,OUTGOING,0,4997,367,CELL-ARP-08,31.521139,74.405145,VOLTE,Airport Road
923001110001,923001110001,923009998885,410017591028572,35678901361256,2026-04-24 18:14:54,2026-04-24 18:14:54,OUTGOING,6961040,1824,595,CELL-LB-02,31.509956,74.342775,GPRS,Liberty Market
923001110002,923009998887,923001110002,410016151803979,35678901170110,2026-04-24 18:21:05,2026-04-24 18:21:05,INCOMING,0,1713,390,CELL-ARP-08,31.523402,74.402789,CALL,Airport Road
923001110001,923009998885,923001110001,410012245149295,35678901951136,2026-04-21 12:24:20,2026-04-21 12:48:03,INCOMING,0,2540,281,CELL-ARP-08,31.522236,74.403764,VOLTE,Airport Road
923001110002,923009998886,923001110002,410016416218096,35678901319752,2026-04-18 06:25:58,2026-04-18 06:52:41,INCOMING,0,1950,381,CELL-DHA-05,31.468494,74.409871,CALL,DHA Phase 5
923451112233,923009998888,923451112233,410019624042366,35678901807397,2026-04-18 06:30:09,2026-04-18 06:30:09,INCOMING,4230065,8854,612,CELL-GLB-01,31.520271,74.359263,GPRS,Gulberg
923001110003,923009998886,923001110003,410011553040964,35678901382420,2026-04-15 00:28:24,2026-04-15 00:28:24,INCOMING,6779797,8457,876,CELL-ARP-08,31.522882,74.405554,GPRS,Airport Road
923461678183,923009998888,923461678183,410018660075494,35678901402615,2026-04-18 06:40:02,2026-04-18 06:48:55,INCOMING,0,7931,772,CELL-MT-03,31.483789,74.322573,VOLTE,Model Town
923001110002,923009998884,923001110002,410012557451977,35678901387110,2026-04-21 12:54:13,2026-04-21 12:54:13,INCOMING,2210121,5147,865,CELL-LB-02,31.511041,74.343861,GPRS,Liberty Market
923001110002,923001110002,923009998884,410012413885846,35678901574637,2026-04-24 19:10:36,2026-04-24 19:10:36,OUTGOING,7294870,5423,202,CELL-GLB-01,31.520508,74.357103,GPRS,Gulberg
923451112233,923451112233,923009998882,410011666579538,35678901471440,2026-04-05 06:11:42,2026-04-05 06:11:42,OUTGOING,4912913,7659,102,CELL-GLB-01,31.519884,74.357539,GPRS,Gulberg
923331234567,923009998885,923331234567,410018824918721,35678901184582,2026-04-24 19:24:56,2026-04-24 19:24:56,INCOMING,7426664,2834,374,CELL-GLB-01,31.522356,74.360618,GPRS,Gulberg
923461678183,923461678183,923009998884,410014475166360,35678901478169,2026-04-11 18:39:00,2026-04-11 18:51:33,OUTGOING,0,1701,447,CELL-LB-02,31.510941,74.345372,CALL,Liberty Market
923001110002,923001110002,923009998888,410015659048691,35678901319918,2026-04-05 06:14:55,2026-04-05 06:14:55,OUTGOING,7967357,8986,191,CELL-ARP-08,31.520766,74.40453,GPRS,Airport Road
923451112233,923009998884,923451112233,410012547296226,35678901446714,2026-04-18 07:15:59,2026-04-18 07:15:59,INCOMING,264405,1654,374,CELL-GLB-01,31.519094,74.359024,GPRS,Gulberg
923001110001,923001110001,923009998881,410015556810747,35678901966297,2026-04-08 12:32:18,2026-04-08 12:59:31,OUTGOING,0,4994,876,CELL-ARP-08,31.52145,74.402241,CALL,Airport Road
923331234567,923331234567,923009998883,410011872120091,35678901985473,2026-04-11 18:51:04,2026-04-11 19:10:24,OUTGOING,0,6691,715,CELL-ARP-08,31.520489,74.40438,CALL,Airport Road
923001110003,923001110003,923009998885,410017261064377,35678901540725,2026-04-11 18:54:39,2026-04-11 19:13:22,OUTGOING,0,5438,753,CELL-GLB-01,31.521293,74.359276,VOLTE,Gulberg
923001110003,923009998883,923001110003,410012953400141,35678901864953,2026-04-05 06:19:35,2026-04-05 06:25:40,INCOMING,0,4784,651,CELL-MT-03,31.482542,74.322417,CALL,Model Town
923001110001,923009998883,923001110001,410019118435339,35678901265945,2026-04-24 20:20:04,2026-04-24 20:20:04,INCOMING,1122741,2930,498,CELL-GLB-01,31.52231,74.358565,GPRS,Gulberg
923001110002,923001110002,923009998881,410019370413632,35678901442265,2026-04-24 20:27:14,2026-04-24 20:46:08,OUTGOING,0,2070,224,CELL-LB-02,31.508231,74.342615,CALL,Liberty Market
923001110002,923001110002,923009998882,410012699044366,35678901176703,2026-04-24 20:34:01,2026-04-24 20:34:01,OUTGOING,0,5076,965,CELL-ARP-08,31.52003,74.404233,SMS,Airport Road
923461678183,923009998882,923461678183,410015962822488,35678901920032,2026-04-15 01:32:55,2026-04-15 01:32:55,INCOMING,4551683,8310,965,CELL-GLB-01,31.521957,74.359659,GPRS,Gulberg
923451112233,923009998886,923451112233,410016282303231,35678901167254,2026-04-15 01:36:13,2026-04-15 01:36:13,INCOMING,0,4767,599,CELL-GLB-01,31.520195,74.36004,SMS,Gulberg
923461678183,923461678183,923009998882,410019198834390,35678901723927,2026-04-18 08:05:49,2026-04-18 08:13:17,OUTGOING,0,1180,913,CELL-ARP-08,31.51975,74.40482,VOLTE,Airport Road
923451112233,923009998885,923451112233,410011331337785,35678901334980,2026-04-05 06:26:23,2026-04-05 06:47:55,INCOMING,0,3814,323,CELL-LB-02,31.511021,74.345481,VOLTE,Liberty Market
923001110001,923001110001,923009998885,410019573329778,35678901298040,2026-04-05 06:27:19,2026-04-05 06:27:19,OUTGOING,6661885,1878,424,CELL-MT-03,31.483077,74.323593,GPRS,Model Town
923001110001,923009998881,923001110001,410013349377957,35678901911876,2026-04-24 21:16:30,2026-04-24 21:27:38,INCOMING,0,5282,812,CELL-LB-02,31.51184,74.343498,CALL,Liberty Market
923451112233,923009998886,923451112233,410011232211681,35678901775184,2026-04-24 21:23:18,2026-04-24 21:23:18,INCOMING,0,4866,567,CELL-GLB-01,31.521666,74.358699,SMS,Gulberg
923001110003,923009998883,923001110003,410019618308866,35678901248817,2026-04-18 08:30:01,2026-04-18 08:30:01,INCOMING,759888,3117,562,CELL-LB-02,31.509728,74.344704,GPRS,Liberty Market
923331234567,923009998884,923331234567,410011020219703,35678901310649,2026-04-15 02:04:50,2026-04-15 02:04:50,INCOMING,1904580,1169,852,CELL-LB-02,31.510198,74.344861,GPRS,Liberty Market
923001110002,923009998884,923001110002,410016923950827,35678901797605,2026-04-15 02:08:22,2026-04-15 02:22:49,INCOMING,0,3612,849,CELL-GLB-01,31.51872,74.359015,CALL,Gulberg
923001110002,923009998885,923001110002,410012809170424,35678901974422,2026-04-15 02:12:00,2026-04-15 02:14:50,INCOMING,0,8046,829,CELL-DHA-05,31.471061,74.407843,CALL,DHA Phase 5
923331234567,923009998886,923331234567,410016351177091,35678901598295,2026-04-08 13:08:44,2026-04-08 13:08:44,INCOMING,2488246,1630,501,CELL-MT-03,31.481817,74.320999,GPRS,Model Town
923331234567,923009998885,923331234567,410014246491888,35678901848407,2026-04-24 22:05:25,2026-04-24 22:05:25,INCOMING,6957181,3470,962,CELL-LB-02,31.511974,74.345788,GPRS,Liberty Market
923461678183,923461678183,923009998883,410017328959260,35678901376169,2026-04-24 22:12:53,2026-04-24 22:12:53,OUTGOING,3463860,7258,562,CELL-LB-02,31.511565,74.345252,GPRS,Liberty Market
923461678183,923009998881,923461678183,410014383825360,35678901597413,2026-04-18 09:05:55,2026-04-18 09:05:55,INCOMING,7878322,8734,313,CELL-MT-03,31.483679,74.323238,GPRS,Model Town
923001110001,923009998881,923001110001,410015376226916,35678901330346,2026-04-05 06:38:47,2026-04-05 06:38:47,INCOMING,0,7689,783,CELL-LB-02,31.508566,74.344219,VOLTE,Liberty Market
923451112233,923009998885,923451112233,410015826841778,35678901899215,2026-04-24 22:33:45,2026-04-24 22:33:45,INCOMING,441251,8859,938,CELL-GLB-01,31.521512,74.359739,GPRS,Gulberg
923331234567,923009998883,923331234567,410013744566325,35678901883918,2026-04-18 09:20:51,2026-04-18 09:20:51,INCOMING,7292236,9918,468,CELL-MT-03,31.482242,74.324381,GPRS,Model Town
923001110001,923009998882,923001110001,410011975204509,35678901308207,2026-04-18 09:25:17,2026-04-18 09:36:23,INCOMING,0,4091,276,CELL-LB-02,31.5092,74.345578,CALL,Liberty Market
923331234567,923331234567,923009998882,410018223125239,35678901287635,2026-04-21 16:12:07,2026-04-21 16:12:07,OUTGOING,5399054,6233,322,CELL-GLB-01,31.518401,74.357234,GPRS,Gulberg
923461678183,923009998886,923461678183,410018647006173,35678901661307,2026-04-21 16:18:03,2026-04-21 16:23:20,INCOMING,0,9000,235,CELL-ARP-08,31.52107,74.404738,VOLTE,Airport Road
923331234567,923009998882,923331234567,410015084975888,35678901232832,2026-04-21 16:24:53,2026-04-21 16:28:48,INCOMING,0,3926,699,CELL-DHA-05,31.469898,74.409603,VOLTE,DHA Phase 5
923001110001,923001110001,923009998882,410012537430386,35678901520764,2026-04-21 16:30:48,2026-04-21 16:30:48,OUTGOING,0,2186,859,CELL-ARP-08,31.520458,74.402633,SMS,Airport Road
923001110003,923009998883,923001110003,410016450126640,35678901282303,2026-04-15 03:04:10,2026-04-15 03:04:10,INCOMING,5594127,6025,741,CELL-MT-03,31.481911,74.321312,GPRS,Model Town
923461678183,923009998886,923461678183,410011420416571,35678901240355,2026-04-21 16:42:48,2026-04-21 16:42:48,INCOMING,4529465,8770,979,CELL-MT-03,31.482207,74.322132,GPRS,Model Town
923001110001,923009998882,923001110001,410016539345733,35678901489016,2026-04-11 20:24:59,2026-04-11 20:27:09,INCOMING,0,3499,967,CELL-DHA-05,31.471007,74.409845,CALL,DHA Phase 5
923001110003,923001110003,923009998887,410019564913001,35678901257988,2026-04-11 20:27:33,2026-04-11 20:42:29,OUTGOING,0,2032,335,CELL-GLB-01,31.519316,74.357518,CALL,Gulberg
923001110001,923001110001,923009998882,410014326904651,35678901384210,2026-04-11 20:30:49,2026-04-11 20:44:16,OUTGOING,0,6621,709,CELL-DHA-05,31.468988,74.41022,CALL,DHA Phase 5
923461678183,923461678183,923009998888,410012602223535,35678901717379,2026-04-15 03:24:52,2026-04-15 03:24:52,OUTGOING,0,7142,631,CELL-LB-02,31.508737,74.343241,SMS,Liberty Market
923451112233,923009998885,923451112233,410014158725556,35678901377360,2026-04-21 17:12:02,2026-04-21 17:12:02,INCOMING,6633402,9987,491,CELL-MT-03,31.483472,74.323841,GPRS,Model Town
923331234567,923331234567,923009998881,410018588569386,35678901693398,2026-04-08 13:46:38,2026-04-08 13:46:38,OUTGOING,0,7886,546,CELL-GLB-01,31.520832,74.360674,VOLTE,Gulberg
923451112233,923451112233,923009998883,410011393642567,35678901109101,2026-04-08 13:48:31,2026-04-08 14:06:40,OUTGOING,0,5766,943,CELL-GLB-01,31.521092,74.359909,CALL,Gulberg
923001110001,923009998884,923001110001,410018654067899,35678901854028,2026-04-05 06:55:16,2026-04-05 06:55:16,INCOMING,5969857,9724,806,CELL-LB-02,31.511156,74.342677,GPRS,Liberty Market
923001110002,923001110002,923009998888,410012101957449,35678901367887,2026-04-05 06:56:45,2026-04-05 06:56:45,OUTGOING,0,5982,210,CELL-LB-02,31.509801,74.344047,SMS,Liberty Market
923001110001,923001110001,923009998883,410016615098562,35678901199100,2026-04-25 00:39:44,2026-04-25 00:39:44,OUTGOING,0,7543,355,CELL-GLB-01,31.519301,74.358626,SMS,Gulberg
923001110003,923009998888,923001110003,410018786574566,35678901942686,2026-04-08 13:56:26,2026-04-08 13:56:26,INCOMING,7393415,4452,348,CELL-GLB-01,31.518773,74.358484,GPRS,Gulberg
923001110001,923009998884,923001110001,410013927064707,35678901587751,2026-04-15 03:56:49,2026-04-15 03:57:03,INCOMING,0,8600,561,CELL-GLB-01,31.520258,74.360008,VOLTE,Gulberg
923001110001,923009998883,923001110001,410012923034684,35678901781026,2026-04-25 01:00:43,2026-04-25 01:13:16,INCOMING,0,4056,186,CELL-GLB-01,31.521179,74.358565,CALL,Gulberg
923001110001,923009998886,923001110001,410017894175148,35678901824352,2026-04-08 14:02:56,2026-04-08 14:05:57,INCOMING,0,2157,663,CELL-GLB-01,31.519586,74.358212,VOLTE,Gulberg
923001110001,923009998888,923001110001,410019297765448,35678901934370,2026-04-25 01:14:21,2026-04-25 01:40:43,INCOMING,0,9677,279,CELL-GLB-01,31.52075,74.356798,CALL,Gulberg
923001110003,923009998882,923001110003,410011321611459,35678901633620,2026-04-21 18:18:59,2026-04-21 18:18:59,INCOMING,0,9682,445,CELL-LB-02,31.509107,74.345226,SMS,Liberty Market
923001110003,923001110003,923009998888,410012203026750,35678901282725,2026-04-21 18:24:47,2026-04-21 18:24:47,OUTGOING,4279356,9839,395,CELL-MT-03,31.482567,74.322343,GPRS,Model Town
923001110003,923001110003,923009998886,410016377126919,35678901323616,2026-04-25 01:35:43,2026-04-25 01:35:43,OUTGOING,3357510,8643,656,CELL-LB-02,31.51055,74.342153,GPRS,Liberty Market
923331234567,923009998884,923331234567,410012524283237,35678901644287,2026-04-21 18:36:38,2026-04-21 18:36:38,INCOMING,1180020,6978,727,CELL-MT-03,31.483848,74.321389,GPRS,Model Town
923001110003,923009998886,923001110003,410012567737792,35678901787224,2026-04-05 07:07:41,2026-04-05 07:07:41,INCOMING,1779556,8778,600,CELL-GLB-01,31.521052,74.357953,GPRS,Gulberg
923001110003,923001110003,923009998885,410017303802586,35678901572118,2026-04-25 01:56:59,2026-04-25 01:56:59,OUTGOING,6751326,6937,759,CELL-MT-03,31.48313,74.321906,GPRS,Model Town
923001110001,923001110001,923009998883,410013108666690,35678901241098,2026-04-21 18:54:34,2026-04-21 18:54:34,OUTGOING,860520,9525,251,CELL-DHA-05,31.468136,74.409312,GPRS,DHA Phase 5
923001110001,923009998887,923001110001,410013512560892,35678901573853,2026-04-21 19:00:02,2026-04-21 19:00:02,INCOMING,658506,9965,388,CELL-ARP-08,31.522732,74.402906,GPRS,Airport Road
923461678183,923009998882,923461678183,410018730174394,35678901376560,2026-04-08 14:22:28,2026-04-08 14:45:30,INCOMING,0,7881,704,CELL-GLB-01,31.520411,74.35955,VOLTE,Gulberg
923001110001,923009998885,923001110001,410014932087780,35678901784754,2026-04-21 19:12:31,2026-04-21 19:27:03,INCOMING,0,6471,116,CELL-DHA-05,31.469423,74.409586,CALL,DHA Phase 5
923001110002,923001110002,923009998888,410019530284267,35678901376692,2026-04-21 19:18:55,2026-04-21 19:18:55,OUTGOING,1979375,8416,484,CELL-MT-03,31.483082,74.322686,GPRS,Model Town
923001110003,923001110003,923009998885,410018275447677,35678901105306,2026-04-21 19:24:39,2026-04-21 19:24:39,OUTGOING,719363,8703,757,CELL-MT-03,31.484049,74.323894,GPRS,Model Town
923331234567,923331234567,923009998888,410013620805769,35678901193636,2026-04-25 02:45:48,2026-04-25 03:04:46,OUTGOING,0,1264,295,CELL-MT-03,31.484954,74.32444,CALL,Model Town
923001110003,923009998887,923001110003,410018159941537,35678901182358,2026-04-21 19:36:18,2026-04-21 19:57:13,INCOMING,0,4181,984,CELL-DHA-05,31.470095,74.408704,VOLTE,DHA Phase 5
923451112233,923009998882,923451112233,410018958062610,35678901116365,2026-04-21 19:42:47,2026-04-21 19:42:47,INCOMING,2939554,7630,203,CELL-GLB-01,31.51952,74.358625,GPRS,Gulberg
923001110002,923001110002,923009998881,410018952954285,35678901805028,2026-04-25 03:06:08,2026-04-25 03:35:54,OUTGOING,0,8532,268,CELL-GLB-01,31.522173,74.357108,VOLTE,Gulberg
923001110002,923001110002,923009998886,410014071261500,35678901118919,2026-04-18 12:35:00,2026-04-18 12:35:00,OUTGOING,6481100,8054,327,CELL-ARP-08,31.519777,74.403236,GPRS,Airport Road
923001110002,923009998888,923001110002,410014030028605,35678901406177,2026-04-11 22:00:17,2026-04-11 22:00:17,INCOMING,0,6494,752,CELL-DHA-05,31.470501,74.408978,SMS,DHA Phase 5
923001110001,923001110001,923009998883,410019303024868,35678901169405,2026-04-08 14:42:29,2026-04-08 14:42:29,OUTGOING,0,8512,603,CELL-DHA-05,31.46893,74.409326,SMS,DHA Phase 5
923001110002,923009998881,923001110002,410016761775868,35678901966482,2026-04-05 07:22:35,2026-04-05 07:22:35,INCOMING,0,8111,781,CELL-MT-03,31.482434,74.321734,SMS,Model Town
923001110001,923009998883,923001110001,410014137220110,35678901483023,2026-04-15 05:32:21,2026-04-15 05:32:21,INCOMING,0,2140,120,CELL-ARP-08,31.520903,74.403711,CALL,Airport Road
923001110002,923009998882,923001110002,410019052417256,35678901334392,2026-04-25 03:48:36,2026-04-25 03:48:36,INCOMING,0,7012,105,CELL-LB-02,31.510479,74.342456,VOLTE,Liberty Market
923001110003,923009998888,923001110003,410014212608148,35678901756735,2026-04-18 13:05:51,2026-04-18 13:05:51,INCOMING,5035343,9726,513,CELL-DHA-05,31.471436,74.408854,GPRS,DHA Phase 5
923001110003,923009998886,923001110003,410015704911671,35678901773794,2026-04-18 13:10:09,2026-04-18 13:27:13,INCOMING,0,3722,276,CELL-MT-03,31.481926,74.324433,VOLTE,Model Town
923001110001,923001110001,923009998881,410014190321696,35678901637768,2026-04-25 04:09:10,2026-04-25 04:09:10,OUTGOING,4814390,8295,650,CELL-ARP-08,31.521001,74.401769,GPRS,Airport Road
923451112233,923009998881,923451112233,410014371180662,35678901760379,2026-04-25 04:16:39,2026-04-25 04:16:39,INCOMING,6533854,8327,643,CELL-LB-02,31.510315,74.344539,GPRS,Liberty Market
923451112233,923009998882,923451112233,410014347090850,35678901894256,2026-04-11 22:27:55,2026-04-11 22:27:55,INCOMING,2365833,9301,704,CELL-GLB-01,31.521539,74.35716,GPRS,Gulberg
923331234567,923009998884,923331234567,410015789120134,35678901930611,2026-04-25 04:30:36,2026-04-25 04:30:36,INCOMING,5067417,4170,879,CELL-MT-03,31.484567,74.321848,GPRS,Model Town
923461678183,923009998881,923461678183,410019886539195,35678901919130,2026-04-11 22:33:45,2026-04-11 22:33:45,INCOMING,7726644,9954,936,CELL-LB-02,31.511009,74.343165,GPRS,Liberty Market
923331234567,923331234567,923009998884,410015025111353,35678901355423,2026-04-21 21:12:11,2026-04-21 21:12:11,OUTGOING,2159297,5543,261,CELL-ARP-08,31.523543,74.40317,GPRS,Airport Road
923461678183,923009998884,923461678183,410018243316285,35678901859211,2026-04-11 22:39:48,2026-04-11 22:39:48,INCOMING,2982498,1943,555,CELL-DHA-05,31.470353,74.409995,GPRS,DHA Phase 5
923331234567,923009998885,923331234567,410014593344628,35678901104502,2026-04-11 22:42:21,2026-04-11 23:09:18,INCOMING,0,8393,291,CELL-ARP-08,31.520001,74.401653,CALL,Airport Road
923461678183,923461678183,923009998885,410015130153511,35678901533844,2026-04-21 21:30:13,2026-04-21 21:30:13,OUTGOING,6252666,8613,427,CELL-MT-03,31.483531,74.321562,GPRS,Model Town
923461678183,923009998884,923461678183,410018463482263,35678901122068,2026-04-15 06:24:56,2026-04-15 06:24:56,INCOMING,986892,3367,106,CELL-GLB-01,31.520017,74.35981,GPRS,Gulberg
923001110002,923009998884,923001110002,410015341901423,35678901721384,2026-04-05 07:37:37,2026-04-05 07:49:36,INCOMING,0,9150,692,CELL-MT-03,31.482303,74.321356,CALL,Model Town
923001110001,923009998884,923001110001,410017702843441,35678901906170,2026-04-08 15:16:06,2026-04-08 15:16:06,INCOMING,5758560,1798,360,CELL-MT-03,31.482493,74.32401,GPRS,Model Town
923461678183,923461678183,923009998883,410019591494351,35678901431823,2026-04-18 14:15:05,2026-04-18 14:15:05,OUTGOING,1694436,4274,498,CELL-GLB-01,31.521099,74.360299,GPRS,Gulberg
923001110003,923001110003,923009998885,410015048427720,35678901449517,2026-04-08 15:20:09,2026-04-08 15:20:09,OUTGOING,0,2025,838,CELL-GLB-01,31.520395,74.358681,SMS,Gulberg
923451112233,923451112233,923009998884,410018395906876,35678901110434,2026-04-15 06:44:23,2026-04-15 06:44:23,OUTGOING,1471040,9980,747,CELL-MT-03,31.484217,74.323177,GPRS,Model Town
923331234567,923009998886,923331234567,410014772675810,35678901297775,2026-04-05 07:42:46,2026-04-05 07:42:46,INCOMING,5561308,5874,113,CELL-ARP-08,31.520269,74.404358,GPRS,Airport Road
923461678183,923009998886,923461678183,410012929430583,35678901647694,2026-04-08 15:26:40,2026-04-08 15:26:40,INCOMING,0,3637,467,CELL-GLB-01,31.521724,74.358749,SMS,Gulberg
923001110002,923009998886,923001110002,410017670710529,35678901747546,2026-04-18 14:40:25,2026-04-18 14:45:06,INCOMING,0,4462,661,CELL-ARP-08,31.523372,74.401607,CALL,Airport Road
923001110003,923001110003,923009998888,410011320806755,35678901876299,2026-04-25 06:15:16,2026-04-25 06:15:16,OUTGOING,3181476,4097,624,CELL-ARP-08,31.521638,74.403018,GPRS,Airport Road
923001110003,923001110003,923009998882,410011750524072,35678901463434,2026-04-15 07:04:29,2026-04-15 07:17:18,OUTGOING,0,7726,804,CELL-MT-03,31.483342,74.323037,CALL,Model Town
923001110001,923001110001,923009998887,410017614770629,35678901480909,2026-04-08 15:34:17,2026-04-08 15:34:17,OUTGOING,4731298,8235,354,CELL-MT-03,31.483014,74.32162,GPRS,Model Town
923331234567,923009998884,923331234567,410016600062122,35678901718854,2026-04-25 06:36:51,2026-04-25 06:36:51,INCOMING,5708672,8894,307,CELL-DHA-05,31.468351,74.409599,GPRS,DHA Phase 5
923001110001,923009998888,923001110001,410018388275590,35678901710965,2026-04-15 07:16:15,2026-04-15 07:29:26,INCOMING,0,8578,811,CELL-GLB-01,31.518874,74.358039,CALL,Gulberg
923331234567,923009998883,923331234567,410013522567317,35678901583486,2026-04-18 15:10:34,2026-04-18 15:10:34,INCOMING,4789663,8887,239,CELL-ARP-08,31.521149,74.402767,GPRS,Airport Road
923461678183,923461678183,923009998886,410015458444581,35678901119731,2026-04-21 23:06:44,2026-04-21 23:06:44,OUTGOING,7950499,1504,206,CELL-MT-03,31.481925,74.322845,GPRS,Model Town
923001110003,923001110003,923009998882,410017408614260,35678901760887,2026-04-21 23:12:49,2026-04-21 23:12:49,OUTGOING,4050358,2689,753,CELL-LB-02,31.509636,74.342159,GPRS,Liberty Market
923461678183,923461678183,923009998882,410013759603799,35678901896779,2026-04-18 15:25:47,2026-04-18 15:25:47,OUTGOING,1144129,6080,442,CELL-ARP-08,31.522068,74.403309,GPRS,Airport Road
923451112233,923009998883,923451112233,410011861615845,35678901934893,2026-04-11 23:42:35,2026-04-11 23:42:35,INCOMING,3056583,8660,409,CELL-MT-03,31.481558,74.322784,GPRS,Model Town
923001110002,923009998888,923001110002,410011487741875,35678901341813,2026-04-25 07:25:15,2026-04-25 07:47:11,INCOMING,0,8872,202,CELL-LB-02,31.511723,74.344252,CALL,Liberty Market
923451112233,923451112233,923009998883,410012366241494,35678901618229,2026-04-08 15:52:19,2026-04-08 15:52:19,OUTGOING,5815248,6810,767,CELL-LB-02,31.509996,74.345988,GPRS,Liberty Market
923461678183,923009998882,923461678183,410015292894251,35678901310077,2026-04-05 07:57:23,2026-04-05 07:57:23,INCOMING,0,5046,592,CELL-GLB-01,31.52199,74.360576,SMS,Gulberg
923001110002,923001110002,923009998882,410017390915095,35678901496878,2026-04-15 07:52:03,2026-04-15 07:52:03,OUTGOING,2310135,5673,197,CELL-GLB-01,31.519522,74.359455,GPRS,Gulberg
923331234567,923331234567,923009998882,410018858387283,35678901424598,2026-04-08 15:58:20,2026-04-08 15:58:20,OUTGOING,1703756,6212,386,CELL-MT-03,31.48243,74.32166,GPRS,Model Town
923001110002,923001110002,923009998881,410016244450076,35678901186730,2026-04-18 16:00:35,2026-04-18 16:00:35,OUTGOING,0,5778,329,CELL-DHA-05,31.469684,74.40887,SMS,DHA Phase 5
923001110003,923001110003,923009998888,410011831850601,35678901365527,2026-04-12 00:03:15,2026-04-12 00:09:23,OUTGOING,0,4298,623,CELL-ARP-08,31.522821,74.402,VOLTE,Airport Road
923331234567,923009998882,923331234567,410019220019243,35678901684616,2026-04-12 00:06:02,2026-04-12 00:06:02,INCOMING,6449818,4096,348,CELL-ARP-08,31.521994,74.404634,GPRS,Airport Road
923461678183,923461678183,923009998882,410016578847594,35678901318471,2026-04-25 08:21:10,2026-04-25 08:34:06,OUTGOING,0,2452,111,CELL-DHA-05,31.470914,74.411282,VOLTE,DHA Phase 5
923001110003,923001110003,923009998884,410012522222335,35678901910121,2026-04-25 08:28:08,2026-04-25 08:28:08,OUTGOING,944571,6727,646,CELL-DHA-05,31.471541,74.408541,GPRS,DHA Phase 5
923461678183,923009998886,923461678183,410015816312694,35678901563067,2026-04-25 08:35:21,2026-04-25 08:39:07,INCOMING,0,3413,127,CELL-LB-02,31.511795,74.34241,VOLTE,Liberty Market
923331234567,923009998888,923331234567,410017965743942,35678901841744,2026-04-18 16:30:04,2026-04-18 16:30:04,INCOMING,30409,3559,189,CELL-MT-03,31.483952,74.324884,GPRS,Model Town
923331234567,923331234567,923009998882,410011661363601,35678901591361,2026-04-05 08:07:45,2026-04-05 08:07:45,OUTGOING,322381,4139,449,CELL-DHA-05,31.470353,74.411662,GPRS,DHA Phase 5
923001110003,923001110003,923009998883,410013381128558,35678901333698,2026-04-12 00:24:33,2026-04-12 00:24:33,OUTGOING,0,6563,939,CELL-MT-03,31.481795,74.322227,SMS,Model Town
923001110001,923001110001,923009998881,410012320497449,35678901144705,2026-04-12 00:27:39,2026-04-12 00:27:39,OUTGOING,777219,6078,495,CELL-LB-02,31.511388,74.345752,GPRS,Liberty Market
923331234567,923331234567,923009998888,410018721547468,35678901115130,2026-04-25 09:10:30,2026-04-25 09:10:30,OUTGOING,1363544,4631,270,CELL-GLB-01,31.5196,74.360471,GPRS,Gulberg
923001110002,923001110002,923009998885,410014741535860,35678901221620,2026-04-22 01:06:49,2026-04-22 01:07:23,OUTGOING,0,7552,775,CELL-ARP-08,31.520181,74.403324,CALL,Airport Road
923001110002,923001110002,923009998882,410012981471727,35678901944162,2026-04-05 08:12:15,2026-04-05 08:27:56,OUTGOING,0,8515,716,CELL-MT-03,31.481244,74.321586,CALL,Model Town
923001110003,923001110003,923009998883,410017358147482,35678901404181,2026-04-18 17:05:19,2026-04-18 17:05:19,OUTGOING,3773287,8536,971,CELL-ARP-08,31.52109,74.404999,GPRS,Airport Road
923461678183,923461678183,923009998888,410018926101611,35678901338527,2026-04-25 09:38:28,2026-04-25 10:05:24,OUTGOING,0,7363,695,CELL-LB-02,31.50828,74.345473,CALL,Liberty Market
923001110001,923009998886,923001110001,410018697835055,35678901595298,2026-04-18 17:15:51,2026-04-18 17:15:51,INCOMING,0,3415,664,CELL-MT-03,31.482388,74.323085,CALL,Model Town
923001110002,923001110002,923009998887,410017521324816,35678901799205,2026-04-05 08:16:15,2026-04-05 08:35:07,OUTGOING,0,7010,695,CELL-GLB-01,31.521068,74.360002,CALL,Gulberg
923451112233,923451112233,923009998883,410013627680057,35678901360499,2026-04-12 00:51:08,2026-04-12 00:51:08,OUTGOING,0,8001,366,CELL-GLB-01,31.521497,74.356888,SMS,Gulberg
923001110001,923009998885,923001110001,410019421891255,35678901839190,2026-04-05 08:18:49,2026-04-05 08:18:49,INCOMING,0,4822,586,CELL-LB-02,31.510007,74.345379,VOLTE,Liberty Market
923001110003,923009998885,923001110003,410015011468073,35678901100172,2026-04-25 10:13:11,2026-04-25 10:13:11,INCOMING,0,8868,660,CELL-MT-03,31.482097,74.32365,SMS,Model Town
923461678183,923461678183,923009998881,410018856000761,35678901134209,2026-04-22 02:00:46,2026-04-22 02:00:46,OUTGOING,6903699,1509,790,CELL-ARP-08,31.520947,74.403749,GPRS,Airport Road
923001110001,923009998886,923001110001,410015429394854,35678901647279,2026-04-08 16:42:33,2026-04-08 16:42:33,INCOMING,7482822,9678,733,CELL-ARP-08,31.520154,74.402156,GPRS,Airport Road
923001110002,923001110002,923009998886,410017664295252,35678901239999,2026-04-08 16:44:32,2026-04-08 16:44:32,OUTGOING,3454891,4469,677,CELL-DHA-05,31.468406,74.410136,GPRS,DHA Phase 5
923001110003,923001110003,923009998886,410018556780758,35678901393912,2026-04-22 02:18:08,2026-04-22 02:18:08,OUTGOING,4782945,4067,353,CELL-DHA-05,31.471042,74.410474,GPRS,DHA Phase 5
923001110003,923001110003,923009998886,410014033739566,35678901612485,2026-04-25 10:48:40,2026-04-25 10:48:40,OUTGOING,4207732,7376,115,CELL-ARP-08,31.522765,74.402979,GPRS,Airport Road
923451112233,923451112233,923009998882,410019290215290,35678901909516,2026-04-15 09:40:41,2026-04-15 09:40:41,OUTGOING,4333790,2869,448,CELL-LB-02,31.509046,74.344229,GPRS,Liberty Market
923001110002,923001110002,923009998884,410018914013331,35678901403516,2026-04-25 11:02:31,2026-04-25 11:16:52,OUTGOING,0,8016,556,CELL-ARP-08,31.520894,74.404574,VOLTE,Airport Road
923001110003,923001110003,923009998887,410011983290216,35678901886833,2026-04-05 08:27:43,2026-04-05 08:33:21,OUTGOING,0,7085,122,CELL-ARP-08,31.5199,74.405475,VOLTE,Airport Road
923001110002,923009998884,923001110002,410012179621191,35678901259006,2026-04-18 18:20:01,2026-04-18 18:20:01,INCOMING,2406246,1913,527,CELL-MT-03,31.481371,74.324114,GPRS,Model Town
923001110003,923009998885,923001110003,410014309537242,35678901278565,2026-04-08 16:58:54,2026-04-08 16:58:54,INCOMING,0,9817,538,CELL-MT-03,31.482187,74.322629,SMS,Model Town
923331234567,923009998886,923331234567,410018185891909,35678901595514,2026-04-12 01:30:08,2026-04-12 01:30:08,INCOMING,0,1152,126,CELL-GLB-01,31.520162,74.357279,SMS,Gulberg
923001110001,923009998887,923001110001,410013597144426,35678901132952,2026-04-12 01:33:08,2026-04-12 01:33:08,INCOMING,7554367,8379,267,CELL-GLB-01,31.519619,74.359407,GPRS,Gulberg
923461678183,923461678183,923009998882,410017954046893,35678901581847,2026-04-15 10:08:40,2026-04-15 10:24:05,OUTGOING,0,3900,908,CELL-MT-03,31.482586,74.324144,VOLTE,Model Town
923001110002,923009998881,923001110002,410012947260698,35678901555088,2026-04-15 10:12:27,2026-04-15 10:32:57,INCOMING,0,5083,602,CELL-MT-03,31.484727,74.323884,VOLTE,Model Town
923001110001,923009998887,923001110001,410016668204028,35678901303870,2026-04-05 08:34:30,2026-04-05 08:34:30,INCOMING,1224708,5901,667,CELL-ARP-08,31.52079,74.402262,GPRS,Airport Road
923331234567,923009998888,923331234567,410017418703196,35678901811630,2026-04-18 18:55:54,2026-04-18 18:55:54,INCOMING,2284541,7323,712,CELL-LB-02,31.508707,74.344252,GPRS,Liberty Market
923001110001,923009998886,923001110001,410016603709722,35678901243127,2026-04-05 08:36:00,2026-04-05 08:36:00,INCOMING,1510494,6449,777,CELL-LB-02,31.508798,74.342994,GPRS,Liberty Market
923331234567,923009998884,923331234567,410011142114413,35678901885979,2026-04-25 12:19:51,2026-04-25 12:33:06,INCOMING,0,3380,747,CELL-LB-02,31.509849,74.344225,VOLTE,Liberty Market
923001110001,923009998881,923001110001,410013363341449,35678901747008,2026-04-12 01:54:09,2026-04-12 01:54:09,INCOMING,5188745,1109,563,CELL-GLB-01,31.521335,74.358744,GPRS,Gulberg
923461678183,923461678183,923009998888,410011026773466,35678901381507,2026-04-22 03:54:46,2026-04-22 04:21:15,OUTGOING,0,5202,628,CELL-ARP-08,31.522785,74.401837,VOLTE,Airport Road
923451112233,923009998882,923451112233,410012915070228,35678901912231,2026-04-22 04:00:24,2026-04-22 04:26:28,INCOMING,0,9417,218,CELL-MT-03,31.481683,74.32458,VOLTE,Model Town
923331234567,923009998883,923331234567,410016448204354,35678901564682,2026-04-25 12:47:02,2026-04-25 12:55:49,INCOMING,0,6567,676,CELL-MT-03,31.481659,74.322409,VOLTE,Model Town
923451112233,923009998885,923451112233,410012825499648,35678901295990,2026-04-05 08:42:26,2026-04-05 08:42:26,INCOMING,0,7070,738,CELL-LB-02,31.510966,74.345555,SMS,Liberty Market
923461678183,923009998887,923461678183,410016257454346,35678901657849,2026-04-18 19:35:53,2026-04-18 19:35:53,INCOMING,7412235,4506,136,CELL-DHA-05,31.468098,74.410211,GPRS,DHA Phase 5
923461678183,923461678183,923009998886,410018762673708,35678901163042,2026-04-15 10:56:57,2026-04-15 10:56:57,OUTGOING,2464794,2886,670,CELL-DHA-05,31.471012,74.410451,GPRS,DHA Phase 5
923001110001,923001110001,923009998882,410019864539913,35678901220529,2026-04-25 13:15:56,2026-04-25 13:15:56,OUTGOING,3608759,6101,344,CELL-DHA-05,31.469533,74.408826,GPRS,DHA Phase 5
923451112233,923009998881,923451112233,410012068281739,35678901989043,2026-04-15 11:04:43,2026-04-15 11:04:43,INCOMING,0,6595,745,CELL-LB-02,31.50952,74.345332,VOLTE,Liberty Market
923001110003,923009998881,923001110003,410016745969370,35678901471579,2026-04-05 08:47:27,2026-04-05 08:47:27,INCOMING,2850509,2984,117,CELL-ARP-08,31.520222,74.404952,GPRS,Airport Road
923461678183,923461678183,923009998884,410019909597967,35678901259233,2026-04-08 17:36:49,2026-04-08 18:06:37,OUTGOING,0,1826,383,CELL-LB-02,31.509565,74.344422,CALL,Liberty Market
923001110002,923001110002,923009998886,410015744287573,35678901226490,2026-04-18 20:05:23,2026-04-18 20:05:23,OUTGOING,0,9261,891,CELL-GLB-01,31.522364,74.358756,SMS,Gulberg
923451112233,923009998886,923451112233,410013199475914,35678901155814,2026-04-08 17:40:32,2026-04-08 17:40:32,INCOMING,7905680,1931,678,CELL-LB-02,31.511911,74.342277,GPRS,Liberty Market
923001110003,923009998885,923001110003,410014810426990,35678901283191,2026-04-05 08:51:19,2026-04-05 08:51:19,INCOMING,3652170,1263,181,CELL-DHA-05,31.468184,74.409189,GPRS,DHA Phase 5
923001110002,923001110002,923009998885,410012327194166,35678901663595,2026-04-18 20:20:04,2026-04-18 20:20:04,OUTGOING,7551429,1606,124,CELL-MT-03,31.48473,74.324594,GPRS,Model Town
923001110002,923009998887,923001110002,410014170143551,35678901903027,2026-04-22 05:18:47,2026-04-22 05:38:48,INCOMING,0,4939,177,CELL-MT-03,31.483598,74.321441,CALL,Model Town
923451112233,923009998887,923451112233,410015147066664,35678901423523,2026-04-12 02:42:35,2026-04-12 02:42:35,INCOMING,6927323,5752,414,CELL-ARP-08,31.51975,74.402092,GPRS,Airport Road
923331234567,923009998886,923331234567,410017221808695,35678901480199,2026-04-22 05:30:46,2026-04-22 05:30:46,INCOMING,0,9248,461,CELL-DHA-05,31.470855,74.409556,SMS,DHA Phase 5
923451112233,923009998885,923451112233,410018659088228,35678901690261,2026-04-08 17:52:57,2026-04-08 17:52:57,INCOMING,6728604,9678,685,CELL-LB-02,31.508346,74.343887,GPRS,Liberty Market
923451112233,923451112233,923009998887,410014326186319,35678901210563,2026-04-05 08:57:27,2026-04-05 08:57:27,OUTGOING,4633970,3595,440,CELL-GLB-01,31.519439,74.357557,GPRS,Gulberg
923001110002,923009998886,923001110002,410015365976504,35678901390692,2026-04-05 08:58:01,2026-04-05 08:58:01,INCOMING,0,6355,108,CELL-GLB-01,31.519336,74.359717,SMS,Gulberg
923001110002,923009998886,923001110002,410017293536371,35678901419186,2026-04-08 17:58:33,2026-04-08 18:07:45,INCOMING,0,5525,586,CELL-GLB-01,31.521248,74.3572,VOLTE,Gulberg
923461678183,923461678183,923009998883,410013706813480,35678901486828,2026-04-18 21:00:42,2026-04-18 21:00:42,OUTGOING,1700691,4655,549,CELL-ARP-08,31.519905,74.403248,GPRS,Airport Road
923331234567,923009998888,923331234567,410011365597314,35678901938756,2026-04-12 03:03:18,2026-04-12 03:03:18,INCOMING,2758156,3373,575,CELL-LB-02,31.510949,74.34216,GPRS,Liberty Market
923451112233,923451112233,923009998886,410019533513990,35678901266238,2026-04-18 21:10:04,2026-04-18 21:10:04,OUTGOING,3684434,2651,974,CELL-MT-03,31.483232,74.323801,GPRS,Model Town
923001110001,923009998887,923001110001,410015444780554,35678901358968,2026-04-18 21:15:59,2026-04-18 21:38:47,INCOMING,0,3256,810,CELL-DHA-05,31.471435,74.4098,CALL,DHA Phase 5
923001110001,923001110001,923009998887,410014925635086,35678901787324,2026-04-15 12:16:06,2026-04-15 12:16:06,OUTGOING,5192154,5930,727,CELL-MT-03,31.483734,74.321149,GPRS,Model Town
923331234567,923331234567,923009998882,410014518753445,35678901915718,2026-04-25 15:35:37,2026-04-25 15:35:37,OUTGOING,6498187,5030,470,CELL-DHA-05,31.468236,74.409276,GPRS,DHA Phase 5
923461678183,923009998883,923461678183,410012216324833,35678901361285,2026-04-22 06:36:44,2026-04-22 06:36:44,INCOMING,1955200,4634,186,CELL-DHA-05,31.469136,74.407748,GPRS,DHA Phase 5
923001110002,923001110002,923009998888,410019742384220,35678901733984,2026-04-22 06:42:00,2026-04-22 06:42:00,OUTGOING,3214846,8553,770,CELL-ARP-08,31.523128,74.402476,GPRS,Airport Road
923001110003,923001110003,923009998884,410014756477967,35678901781246,2026-04-25 15:56:28,2026-04-25 15:56:28,OUTGOING,7797582,8743,593,CELL-GLB-01,31.519358,74.358112,GPRS,Gulberg
923461678183,923461678183,923009998883,410018617581664,35678901486800,2026-04-08 18:18:52,2026-04-08 18:18:52,OUTGOING,0,7132,732,CELL-DHA-05,31.468784,74.410998,CALL,DHA Phase 5
923001110002,923001110002,923009998881,410013077292038,35678901168407,2026-04-18 21:50:56,2026-04-18 21:50:56,OUTGOING,0,4716,367,CELL-MT-03,31.482836,74.323481,SMS,Model Town
923001110002,923001110002,923009998887,410014900356139,35678901505768,2026-04-15 12:44:46,2026-04-15 12:44:46,OUTGOING,476729,8130,744,CELL-MT-03,31.483424,74.322643,GPRS,Model Town
923001110002,923009998886,923001110002,410019429944175,35678901767476,2026-04-22 07:12:04,2026-04-22 07:12:04,INCOMING,3725293,9939,889,CELL-ARP-08,31.520355,74.404879,GPRS,Airport Road
923331234567,923331234567,923009998881,410017006793048,35678901472459,2026-04-22 07:18:33,2026-04-22 07:46:26,OUTGOING,0,9594,726,CELL-DHA-05,31.4704,74.40861,CALL,DHA Phase 5
923331234567,923331234567,923009998883,410015878256181,35678901820195,2026-04-25 16:38:47,2026-04-25 16:38:47,OUTGOING,436842,1440,856,CELL-ARP-08,31.523239,74.402337,GPRS,Airport Road
923461678183,923461678183,923009998882,410011082068378,35678901278094,2026-04-25 16:45:57,2026-04-25 17:12:36,OUTGOING,0,8916,630,CELL-DHA-05,31.468305,74.410331,VOLTE,DHA Phase 5
923331234567,923009998888,923331234567,410016695785616,35678901405643,2026-04-22 07:36:05,2026-04-22 07:36:05,INCOMING,6824022,2624,887,CELL-LB-02,31.509262,74.345877,GPRS,Liberty Market
923461678183,923461678183,923009998881,410019015010192,35678901673549,2026-04-05 09:17:25,2026-04-05 09:17:25,OUTGOING,7104280,7128,902,CELL-GLB-01,31.521643,74.358006,GPRS,Gulberg
923331234567,923009998882,923331234567,410012012964837,35678901486930,2026-04-15 13:12:30,2026-04-15 13:12:30,INCOMING,511886,1503,913,CELL-ARP-08,31.519884,74.404467,GPRS,Airport Road
923001110003,923009998888,923001110003,410012007447787,35678901205224,2026-04-08 18:38:51,2026-04-08 18:38:51,INCOMING,2520017,5812,989,CELL-DHA-05,31.471677,74.410074,GPRS,DHA Phase 5
923001110001,923001110001,923009998881,410012739332923,35678901432460,2026-04-08 18:40:29,2026-04-08 18:40:29,OUTGOING,0,7671,509,CELL-MT-03,31.482746,74.322038,VOLTE,Model Town
923451112233,923451112233,923009998884,410016953006782,35678901510314,2026-04-15 13:24:42,2026-04-15 13:24:42,OUTGOING,0,3894,497,CELL-DHA-05,31.469682,74.408441,VOLTE,DHA Phase 5
923001110001,923001110001,923009998883,410016230086929,35678901453051,2026-04-08 18:44:15,2026-04-08 18:44:15,OUTGOING,1473436,8767,321,CELL-LB-02,31.508283,74.342293,GPRS,Liberty Market
923001110001,923009998887,923001110001,410019819630070,35678901340611,2026-04-15 13:32:29,2026-04-15 13:32:29,INCOMING,7702154,3409,987,CELL-GLB-01,31.518766,74.358439,GPRS,Gulberg
923461678183,923461678183,923009998886,410012218649483,35678901583756,2026-04-05 09:24:22,2026-04-05 09:41:10,OUTGOING,0,5742,684,CELL-DHA-05,31.468145,74.410608,VOLTE,DHA Phase 5
923001110002,923001110002,923009998888,410013889675257,35678901352059,2026-04-05 09:25:03,2026-04-05 09:25:03,OUTGOING,1385730,1347,201,CELL-MT-03,31.481636,74.3226,GPRS,Model Town
923001110003,923009998881,923001110003,410012726060016,35678901342218,2026-04-22 08:36:07,2026-04-22 08:36:07,INCOMING,5815022,1027,178,CELL-MT-03,31.48468,74.323787,GPRS,Model Town
923001110001,923001110001,923009998881,410013506131978,35678901742002,2026-04-18 23:15:49,2026-04-18 23:15:49,OUTGOING,0,3445,864,CELL-LB-02,31.50858,74.342219,CALL,Liberty Market
923451112233,923009998888,923451112233,410012051163726,35678901437117,2026-04-05 09:28:52,2026-04-05 09:58:28,INCOMING,0,9382,309,CELL-GLB-01,31.519317,74.359557,CALL,Gulberg
923001110003,923009998885,923001110003,410019338760968,35678901993005,2026-04-12 04:27:30,2026-04-12 04:32:55,INCOMING,0,7124,408,CELL-DHA-05,31.471392,74.41109,VOLTE,DHA Phase 5
923331234567,923009998886,923331234567,410012825953730,35678901877055,2026-04-22 09:00:44,2026-04-22 09:00:44,INCOMING,3488297,2226,399,CELL-ARP-08,31.52073,74.404229,GPRS,Airport Road
923001110001,923009998885,923001110001,410019940056164,35678901853630,2026-04-12 04:33:12,2026-04-12 04:33:12,INCOMING,3241810,4188,671,CELL-ARP-08,31.523547,74.403252,GPRS,Airport Road
923461678183,923009998887,923461678183,410011634312084,35678901552636,2026-04-15 14:08:25,2026-04-15 14:08:25,INCOMING,0,9069,303,CELL-ARP-08,31.522174,74.403754,SMS,Airport Road
923461678183,923461678183,923009998883,410016062758983,35678901643472,2026-04-22 09:18:02,2026-04-22 09:18:02,OUTGOING,527048,3190,290,CELL-GLB-01,31.519129,74.357056,GPRS,Gulberg
923331234567,923009998888,923331234567,410017649019719,35678901583708,2026-04-22 09:24:42,2026-04-22 09:39:15,INCOMING,0,2434,755,CELL-MT-03,31.485064,74.322689,VOLTE,Model Town
923001110002,923009998887,923001110002,410016444877584,35678901815432,2026-04-12 04:45:40,2026-04-12 05:11:43,INCOMING,0,8900,801,CELL-GLB-01,31.5215,74.359948,CALL,Gulberg
923001110002,923001110002,923009998884,410012662474228,35678901729839,2026-04-19 00:00:30,2026-04-19 00:30:25,OUTGOING,0,3773,774,CELL-DHA-05,31.470929,74.409498,CALL,DHA Phase 5
923001110002,923001110002,923009998885,410014574696489,35678901474953,2026-04-22 09:42:06,2026-04-22 10:03:32,OUTGOING,0,5322,405,CELL-LB-02,31.50856,74.343444,CALL,Liberty Market
923451112233,923009998886,923451112233,410016838166733,35678901774647,2026-04-08 19:16:51,2026-04-08 19:16:51,INCOMING,2404091,4148,684,CELL-ARP-08,31.521236,74.402298,GPRS,Airport Road
923001110002,923009998883,923001110002,410012197250696,35678901275851,2026-04-15 14:36:26,2026-04-15 14:36:26,INCOMING,2452999,8322,769,CELL-LB-02,31.509753,74.34315,GPRS,Liberty Market
923461678183,923461678183,923009998888,410017306145858,35678901946565,2026-04-25 19:40:11,2026-04-25 19:40:11,OUTGOING,6148462,1607,649,CELL-LB-02,31.510719,74.345511,GPRS,Liberty Market
923001110003,923001110003,923009998886,410019454356975,35678901925692,2026-04-15 14:44:35,2026-04-15 14:44:35,OUTGOING,6660847,3358,258,CELL-DHA-05,31.468496,74.40902,GPRS,DHA Phase 5
923461678183,923461678183,923009998886,410019194180268,35678901257416,2026-04-05 09:42:15,2026-04-05 09:42:15,OUTGOING,0,6981,570,CELL-ARP-08,31.522926,74.402601,SMS,Airport Road
923461678183,923009998888,923461678183,410019755150297,35678901418438,2026-04-15 14:52:02,2026-04-15 15:19:49,INCOMING,0,5970,906,CELL-ARP-08,31.519682,74.401669,CALL,Airport Road
923331234567,923009998884,923331234567,410016328885150,35678901512599,2026-04-15 14:56:27,2026-04-15 15:18:37,INCOMING,0,7576,149,CELL-LB-02,31.509125,74.344885,CALL,Liberty Market
923451112233,923451112233,923009998887,410018966691760,35678901509190,2026-04-25 20:15:03,2026-04-25 20:15:03,OUTGOING,0,6335,777,CELL-MT-03,31.482818,74.320996,SMS,Model Town
923451112233,923451112233,923009998885,410016717690754,35678901255908,2026-04-08 19:32:28,2026-04-08 19:59:10,OUTGOING,0,4831,267,CELL-MT-03,31.481759,74.321599,VOLTE,Model Town
923001110003,923001110003,923009998888,410019790146584,35678901636099,2026-04-25 20:29:43,2026-04-25 20:29:43,OUTGOING,7211618,6348,835,CELL-ARP-08,31.522491,74.402551,GPRS,Airport Road
923001110002,923001110002,923009998884,410012086218308,35678901682897,2026-04-12 05:24:16,2026-04-12 05:24:16,OUTGOING,0,4328,550,CELL-DHA-05,31.46885,74.409458,SMS,DHA Phase 5
923001110002,923009998885,923001110002,410015666266819,35678901825776,2026-04-22 10:54:08,2026-04-22 10:54:08,INCOMING,1996099,4516,823,CELL-ARP-08,31.520374,74.403888,GPRS,Airport Road
923451112233,923009998885,923451112233,410011935158519,35678901796761,2026-04-22 11:00:08,2026-04-22 11:00:08,INCOMING,2334671,9285,957,CELL-DHA-05,31.470083,74.410614,GPRS,DHA Phase 5
923001110002,923009998885,923001110002,410016026697484,35678901947473,2026-04-15 15:24:02,2026-04-15 15:24:02,INCOMING,1714946,8739,389,CELL-MT-03,31.481298,74.322772,GPRS,Model Town
923001110001,923009998883,923001110001,410011508714902,35678901844275,2026-04-15 15:28:11,2026-04-15 15:31:07,INCOMING,0,9798,348,CELL-ARP-08,31.519728,74.403457,VOLTE,Airport Road
923461678183,923009998883,923461678183,410011349256112,35678901242578,2026-04-05 09:53:05,2026-04-05 09:53:05,INCOMING,6070829,9881,273,CELL-DHA-05,31.468952,74.410864,GPRS,DHA Phase 5
923001110003,923009998887,923001110003,410011170860083,35678901297143,2026-04-12 05:42:50,2026-04-12 05:42:50,INCOMING,285891,5480,723,CELL-LB-02,31.511689,74.345186,GPRS,Liberty Market
923001110002,923001110002,923009998885,410014810027673,35678901931772,2026-04-12 05:45:17,2026-04-12 05:45:17,OUTGOING,3908542,6930,733,CELL-DHA-05,31.47094,74.409664,GPRS,DHA Phase 5
923331234567,923009998888,923331234567,410019893560589,35678901756973,2026-04-25 21:32:11,2026-04-25 21:32:11,INCOMING,0,2902,646,CELL-MT-03,31.482698,74.324537,SMS,Model Town
923001110003,923009998885,923001110003,410018742540765,35678901282159,2026-04-12 05:51:01,2026-04-12 05:51:01,INCOMING,2656754,4258,140,CELL-GLB-01,31.519261,74.359737,GPRS,Gulberg
923001110001,923001110001,923009998885,410013338944507,35678901755505,2026-04-15 15:52:12,2026-04-15 15:53:17,OUTGOING,0,4930,713,CELL-DHA-05,31.469512,74.408188,VOLTE,DHA Phase 5
923001110001,923001110001,923009998886,410018719098683,35678901695832,2026-04-22 11:54:42,2026-04-22 12:19:47,OUTGOING,0,4773,369,CELL-GLB-01,31.521915,74.35994,CALL,Gulberg
923001110003,923001110003,923009998881,410015120417023,35678901231655,2026-04-22 12:00:45,2026-04-22 12:00:45,OUTGOING,7229443,4731,513,CELL-LB-02,31.511456,74.342834,GPRS,Liberty Market
923001110002,923009998884,923001110002,410019094231884,35678901224740,2026-04-19 02:05:20,2026-04-19 02:05:20,INCOMING,2804914,6717,786,CELL-DHA-05,31.467843,74.408394,GPRS,DHA Phase 5
923461678183,923009998883,923461678183,410018117993165,35678901370081,2026-04-25 22:14:01,2026-04-25 22:14:01,INCOMING,6246296,6566,604,CELL-ARP-08,31.519672,74.402217,GPRS,Airport Road
923001110001,923001110001,923009998888,410016452473780,35678901657245,2026-04-19 02:15:01,2026-04-19 02:21:40,OUTGOING,0,1720,500,CELL-LB-02,31.510049,74.34336,CALL,Liberty Market
923001110003,923001110003,923009998885,410011367553430,35678901211524,2026-04-15 16:16:55,2026-04-15 16:16:55,OUTGOING,7050262,8412,703,CELL-LB-02,31.509314,74.342441,GPRS,Liberty Market
923461678183,923461678183,923009998885,410014911264536,35678901270504,2026-04-22 12:30:30,2026-04-22 12:30:30,OUTGOING,0,5207,453,CELL-MT-03,31.484743,74.321269,CALL,Model Town
923451112233,923009998886,923451112233,410016320557281,35678901466247,2026-04-25 22:42:40,2026-04-25 22:42:40,INCOMING,3792932,8643,194,CELL-MT-03,31.483483,74.320928,GPRS,Model Town
923001110003,923001110003,923009998881,410011134334357,35678901426371,2026-04-08 20:14:10,2026-04-08 20:39:24,OUTGOING,0,5707,331,CELL-LB-02,31.509979,74.344354,VOLTE,Liberty Market
923001110001,923009998884,923001110001,410012997526325,35678901812052,2026-04-08 20:16:06,2026-04-08 20:16:06,INCOMING,4168012,2036,892,CELL-LB-02,31.511752,74.344828,GPRS,Liberty Market
923331234567,923009998886,923331234567,410014711242964,35678901540220,2026-04-12 06:27:40,2026-04-12 06:27:40,INCOMING,970952,8128,335,CELL-DHA-05,31.468696,74.409837,GPRS,DHA Phase 5
923001110002,923001110002,923009998881,410019120823276,35678901174749,2026-04-19 02:50:54,2026-04-19 02:50:54,OUTGOING,7277523,2345,200,CELL-DHA-05,31.469674,74.410119,GPRS,DHA Phase 5
923001110001,923001110001,923009998887,410017899328225,35678901317918,2026-04-12 06:33:41,2026-04-12 06:33:41,OUTGOING,5599678,5425,659,CELL-LB-02,31.508502,74.342763,GPRS,Liberty Market
923451112233,923009998888,923451112233,410017000795407,35678901523558,2026-04-25 23:24:05,2026-04-25 23:24:05,INCOMING,0,2088,570,CELL-ARP-08,31.522115,74.403788,SMS,Airport Road
923001110003,923009998887,923001110003,410019066267525,35678901700708,2026-04-15 16:52:01,2026-04-15 16:52:01,INCOMING,2152651,1225,805,CELL-ARP-08,31.522389,74.403008,GPRS,Airport Road
923001110002,923001110002,923009998888,410014469477903,35678901447307,2026-04-12 06:42:02,2026-04-12 06:42:02,OUTGOING,0,5802,455,CELL-GLB-01,31.521144,74.36025,SMS,Gulberg
923331234567,923009998888,923331234567,410016608695911,35678901564575,2026-04-15 17:00:32,2026-04-15 17:06:12,INCOMING,0,6033,404,CELL-MT-03,31.48497,74.321867,CALL,Model Town
923001110003,923009998883,923001110003,410015788863496,35678901966676,2026-04-08 20:32:02,2026-04-08 20:32:02,INCOMING,0,7093,662,CELL-ARP-08,31.520724,74.404981,SMS,Airport Road
923001110002,923001110002,923009998884,410017418339227,35678901877040,2026-04-15 17:08:51,2026-04-15 17:08:51,OUTGOING,4365102,4973,182,CELL-GLB-01,31.520555,74.360396,GPRS,Gulberg
923331234567,923009998886,923331234567,410011186717664,35678901986779,2026-04-15 17:12:25,2026-04-15 17:31:37,INCOMING,0,2820,301,CELL-DHA-05,31.469546,74.408288,CALL,DHA Phase 5
923001110001,923001110001,923009998882,410019060830378,35678901325597,2026-04-26 00:13:25,2026-04-26 00:13:25,OUTGOING,6193561,7807,303,CELL-MT-03,31.483621,74.323447,GPRS,Model Town
923001110001,923009998888,923001110001,410019633490938,35678901207429,2026-04-22 14:00:04,2026-04-22 14:25:59,INCOMING,0,2891,844,CELL-MT-03,31.483248,74.322722,CALL,Model Town
923001110001,923009998881,923001110001,410015940940387,35678901411136,2026-04-19 03:45:22,2026-04-19 03:45:22,INCOMING,4902607,7617,444,CELL-DHA-05,31.470936,74.410903,GPRS,DHA Phase 5
923001110002,923009998881,923001110002,410011365142886,35678901481704,2026-04-08 20:44:33,2026-04-08 20:51:53,INCOMING,0,2189,722,CELL-DHA-05,31.468649,74.409464,VOLTE,DHA Phase 5
923461678183,923461678183,923009998886,410015959298222,35678901103833,2026-04-12 07:09:57,2026-04-12 07:09:57,OUTGOING,990433,6382,767,CELL-DHA-05,31.470413,74.411064,GPRS,DHA Phase 5
923331234567,923009998886,923331234567,410014174626523,35678901612216,2026-04-19 04:00:15,2026-04-19 04:06:52,INCOMING,0,9412,402,CELL-DHA-05,31.470234,74.409497,VOLTE,DHA Phase 5
923461678183,923009998886,923461678183,410018173603163,35678901932290,2026-04-12 07:15:46,2026-04-12 07:18:37,INCOMING,0,1653,748,CELL-DHA-05,31.470305,74.409636,CALL,DHA Phase 5
923001110002,923001110002,923009998882,410017865846979,35678901586270,2026-04-05 10:26:22,2026-04-05 10:31:31,OUTGOING,0,5294,579,CELL-GLB-01,31.5209,74.35721,VOLTE,Gulberg
923001110003,923009998881,923001110003,410017265876891,35678901658959,2026-04-26 01:09:07,2026-04-26 01:29:33,INCOMING,0,3104,700,CELL-MT-03,31.483673,74.322572,CALL,Model Town
923001110002,923009998887,923001110002,410014324892880,35678901987027,2026-04-26 01:16:54,2026-04-26 01:16:54,INCOMING,1126821,9347,686,CELL-LB-02,31.510308,74.345739,GPRS,Liberty Market
923001110002,923009998888,923001110002,410019471653659,35678901239615,2026-04-08 20:58:16,2026-04-08 20:58:16,INCOMING,3532874,4305,500,CELL-MT-03,31.482774,74.323133,GPRS,Model Town
923001110001,923009998885,923001110001,410015911956175,35678901996876,2026-04-19 04:30:49,2026-04-19 04:30:49,INCOMING,7057606,7436,770,CELL-ARP-08,31.520555,74.405231,GPRS,Airport Road
923001110001,923009998886,923001110001,410017643894549,35678901181264,2026-04-08 21:02:51,2026-04-08 21:02:51,INCOMING,2593058,5181,802,CELL-MT-03,31.482635,74.323469,GPRS,Model Town
923331234567,923331234567,923009998888,410011695169821,35678901871483,2026-04-08 21:04:02,2026-04-08 21:04:02,OUTGOING,0,3277,744,CELL-ARP-08,31.520725,74.402562,SMS,Airport Road
923001110002,923001110002,923009998885,410017558866364,35678901431064,2026-04-22 15:18:06,2026-04-22 15:18:06,OUTGOING,4623521,9763,397,CELL-LB-02,31.508386,74.345786,GPRS,Liberty Market
923461678183,923009998883,923461678183,410016662876229,35678901372996,2026-04-22 15:24:45,2026-04-22 15:24:45,INCOMING,3501633,2893,838,CELL-LB-02,31.509433,74.34441,GPRS,Liberty Market
923331234567,923331234567,923009998882,410017339109833,35678901868654,2026-04-08 21:10:57,2026-04-08 21:28:23,OUTGOING,0,9897,279,CELL-LB-02,31.5102,74.342349,VOLTE,Liberty Market
923451112233,923009998886,923451112233,410015089681521,35678901432000,2026-04-12 07:48:57,2026-04-12 07:48:57,INCOMING,5162066,6441,982,CELL-LB-02,31.508515,74.344507,GPRS,Liberty Market
923461678183,923461678183,923009998887,410012961508060,35678901111062,2026-04-08 21:14:53,2026-04-08 21:14:53,OUTGOING,0,1286,669,CELL-MT-03,31.48248,74.324626,SMS,Model Town
923001110001,923009998882,923001110001,410019063943989,35678901141060,2026-04-26 02:26:06,2026-04-26 02:38:16,INCOMING,0,2550,616,CELL-LB-02,31.511752,74.344173,CALL,Liberty Market
923331234567,923009998881,923331234567,410011743718271,35678901126188,2026-04-19 05:15:09,2026-04-19 05:15:09,INCOMING,0,1286,507,CELL-DHA-05,31.470947,74.408388,VOLTE,DHA Phase 5
923001110001,923001110001,923009998881,410017928423965,35678901284274,2026-04-22 16:00:44,2026-04-22 16:00:44,OUTGOING,5367340,4309,766,CELL-GLB-01,31.522084,74.358197,GPRS,Gulberg
923001110003,923001110003,923009998884,410011433024135,35678901995728,2026-04-15 18:44:07,2026-04-15 18:44:07,OUTGOING,0,4894,319,CELL-MT-03,31.484577,74.321384,CALL,Model Town
923001110003,923009998882,923001110003,410013522840382,35678901632660,2026-04-15 18:48:50,2026-04-15 18:48:50,INCOMING,2993089,9954,330,CELL-DHA-05,31.467761,74.410179,GPRS,DHA Phase 5
923001110001,923001110001,923009998882,410015055700097,35678901742059,2026-04-26 03:01:26,2026-04-26 03:01:26,OUTGOING,6127,6471,336,CELL-GLB-01,31.518428,74.357155,GPRS,Gulberg
923001110003,923001110003,923009998884,410016552502123,35678901505084,2026-04-08 21:28:35,2026-04-08 21:50:33,OUTGOING,0,9034,717,CELL-GLB-01,31.521772,74.360413,CALL,Gulberg
923001110003,923001110003,923009998881,410015752241428,35678901987088,2026-04-26 03:15:11,2026-04-26 03:41:48,OUTGOING,0,5134,716,CELL-DHA-05,31.468774,74.409512,VOLTE,DHA Phase 5
923461678183,923009998882,923461678183,410013910991464,35678901654163,2026-04-26 03:22:20,2026-04-26 03:22:20,INCOMING,6076,7684,160,CELL-ARP-08,31.521487,74.403804,GPRS,Airport Road
923001110002,923009998886,923001110002,410012528001920,35678901465999,2026-04-05 10:47:02,2026-04-05 10:47:02,INCOMING,4290117,6410,256,CELL-GLB-01,31.518643,74.360091,GPRS,Gulberg
923451112233,923451112233,923009998887,410012151932700,35678901396922,2026-04-22 16:48:21,2026-04-22 16:48:21,OUTGOING,504583,3283,372,CELL-GLB-01,31.519091,74.359514,GPRS,Gulberg
923331234567,923009998887,923331234567,410012339463610,35678901224588,2026-04-26 03:43:28,2026-04-26 03:43:28,INCOMING,2488684,1030,618,CELL-ARP-08,31.523479,74.40438,GPRS,Airport Road
923451112233,923451112233,923009998883,410018313582135,35678901271079,2026-04-12 08:30:41,2026-04-12 08:49:16,OUTGOING,0,1673,343,CELL-GLB-01,31.520965,74.358611,VOLTE,Gulberg
923451112233,923009998887,923451112233,410016591579014,35678901225145,2026-04-05 10:51:49,2026-04-05 10:51:49,INCOMING,993276,8718,991,CELL-DHA-05,31.469345,74.408033,GPRS,DHA Phase 5
923001110003,923001110003,923009998885,410016161261156,35678901485565,2026-04-22 17:12:57,2026-04-22 17:12:57,OUTGOING,2844326,3577,897,CELL-LB-02,31.511154,74.345482,GPRS,Liberty Market
923001110003,923001110003,923009998886,410017813725666,35678901104956,2026-04-08 21:46:12,2026-04-08 21:46:12,OUTGOING,5484511,5306,757,CELL-GLB-01,31.521532,74.358525,GPRS,Gulberg
923001110001,923001110001,923009998886,410014328393094,35678901366388,2026-04-08 21:48:18,2026-04-08 21:48:18,OUTGOING,6058491,4970,817,CELL-ARP-08,31.519931,74.403767,GPRS,Airport Road
923451112233,923009998886,923451112233,410013320374726,35678901147013,2026-04-05 10:55:29,2026-04-05 10:55:29,INCOMING,866152,2767,140,CELL-LB-02,31.509055,74.345294,GPRS,Liberty Market
923461678183,923461678183,923009998882,410013373380555,35678901284907,2026-04-12 08:48:39,2026-04-12 08:48:39,OUTGOING,6420826,6614,602,CELL-MT-03,31.483651,74.32391,GPRS,Model Town
923461678183,923461678183,923009998883,410016524135367,35678901906122,2026-04-05 10:57:50,2026-04-05 10:57:50,OUTGOING,0,7825,319,CELL-LB-02,31.51176,74.344953,SMS,Liberty Market
923001110003,923009998881,923001110003,410018978453740,35678901666517,2026-04-26 04:46:00,2026-04-26 04:46:00,INCOMING,977850,2971,544,CELL-ARP-08,31.521463,74.405462,GPRS,Airport Road
923001110003,923001110003,923009998887,410018556441178,35678901174708,2026-04-08 21:58:08,2026-04-08 21:58:08,OUTGOING,7840414,6553,641,CELL-LB-02,31.509359,74.345281,GPRS,Liberty Market
923001110003,923001110003,923009998886,410013860850108,35678901165199,2026-04-05 11:00:19,2026-04-05 11:09:39,OUTGOING,0,6097,462,CELL-DHA-05,31.471545,74.40889,CALL,DHA Phase 5
923331234567,923009998884,923331234567,410017999220667,35678901733764,2026-04-19 07:05:10,2026-04-19 07:13:23,INCOMING,0,7852,239,CELL-LB-02,31.509469,74.342262,CALL,Liberty Market
923451112233,923451112233,923009998884,410011349468688,35678901572282,2026-04-12 09:06:28,2026-04-12 09:06:28,OUTGOING,3956641,2701,519,CELL-MT-03,31.483326,74.322959,GPRS,Model Town
923451112233,923451112233,923009998885,410019401233899,35678901724638,2026-04-26 05:21:28,2026-04-26 05:21:28,OUTGOING,4177267,6503,666,CELL-ARP-08,31.521045,74.402617,GPRS,Airport Road
923001110003,923001110003,923009998882,410019860801712,35678901110137,2026-04-26 05:28:28,2026-04-26 05:28:28,OUTGOING,0,2741,438,CELL-LB-02,31.511857,74.345821,SMS,Liberty Market
923001110003,923009998883,923001110003,410014233285527,35678901862475,2026-04-26 05:35:06,2026-04-26 05:38:34,INCOMING,0,2893,244,CELL-GLB-01,31.518968,74.359175,CALL,Gulberg
923451112233,923009998884,923451112233,410014667203036,35678901158384,2026-04-12 09:18:26,2026-04-12 09:18:26,INCOMING,6299055,2758,717,CELL-DHA-05,31.470972,74.40996,GPRS,DHA Phase 5
923461678183,923461678183,923009998881,410012033690457,35678901951062,2026-04-19 07:35:56,2026-04-19 07:40:20,OUTGOING,0,3693,418,CELL-DHA-05,31.468301,74.408587,VOLTE,DHA Phase 5
923461678183,923461678183,923009998884,410013729088769,35678901624211,2026-04-05 11:08:58,2026-04-05 11:08:58,OUTGOING,3435075,2347,430,CELL-ARP-08,31.521779,74.401987,GPRS,Airport Road
923001110001,923009998882,923001110001,410018159673277,35678901415501,2026-04-05 11:09:33,2026-04-05 11:22:54,INCOMING,0,3849,596,CELL-MT-03,31.481858,74.323069,CALL,Model Town
923451112233,923009998886,923451112233,410019909536276,35678901602465,2026-04-19 07:50:41,2026-04-19 07:51:27,INCOMING,0,1853,877,CELL-MT-03,31.48197,74.322428,CALL,Model Town
923001110002,923009998883,923001110002,410016858229839,35678901538580,2026-04-08 22:22:37,2026-04-08 22:31:41,INCOMING,0,2253,154,CELL-ARP-08,31.521411,74.405342,CALL,Airport Road
923451112233,923451112233,923009998883,410017079640512,35678901375124,2026-04-08 22:24:10,2026-04-08 22:24:10,OUTGOING,693896,6487,929,CELL-GLB-01,31.51861,74.35865,GPRS,Gulberg
923001110002,923001110002,923009998886,410017778100131,35678901427349,2026-04-12 09:39:47,2026-04-12 10:03:14,OUTGOING,0,3510,190,CELL-MT-03,31.482429,74.3243,CALL,Model Town
923001110003,923001110003,923009998887,410011382954702,35678901511455,2026-04-05 11:14:15,2026-04-05 11:14:15,OUTGOING,1745800,1141,691,CELL-DHA-05,31.471258,74.409884,GPRS,DHA Phase 5
923001110002,923009998882,923001110002,410016341242627,35678901942034,2026-04-19 08:15:56,2026-04-19 08:15:56,INCOMING,0,9803,516,CELL-LB-02,31.511093,74.342309,SMS,Liberty Market
923001110001,923001110001,923009998887,410014879360327,35678901247725,2026-04-08 22:32:48,2026-04-08 22:54:38,OUTGOING,0,9874,407,CELL-GLB-01,31.52213,74.358834,VOLTE,Gulberg
923461678183,923461678183,923009998885,410019758687510,35678901401646,2026-04-12 09:51:06,2026-04-12 09:51:06,OUTGOING,0,7161,656,CELL-LB-02,31.511147,74.342969,SMS,Liberty Market
923451112233,923451112233,923009998884,410015572497751,35678901385522,2026-04-19 08:30:12,2026-04-19 08:30:12,OUTGOING,6259355,6148,290,CELL-MT-03,31.484985,74.323322,GPRS,Model Town
923001110001,923001110001,923009998887,410019549294173,35678901571130,2026-04-26 07:13:03,2026-04-26 07:29:18,OUTGOING,0,7683,643,CELL-GLB-01,31.522248,74.359109,VOLTE,Gulberg
